Annotation,Word,definitions,BM_original,Source,VVAA,A1,A2,precission_definitions_mean,ic_precission_definitions_mean,familiarity_definitions_mean,imageability_definitions_mean,concreteness_definitions_mean,physicality_definitions_mean,nb17_cosines_definitions_mean,w2v_cosines_definitions_mean
control,valuable,something of value,worth a lot of money,https://doi.org/10.1075/celcr.14,0,0,0,3,,573,2.93,1.72,3.95,0.2465358675,0.2486548498
control,valuable,having great material or monetary value especially for use or exchange,worth a lot of money,https://doi.org/10.1075/celcr.14,1,1,1,3.9,,504.43,5.12,2.49,3.58,0.2182544938,0.233507415
control,valuable,having worth or merit or value,worth a lot of money,https://doi.org/10.1075/celcr.14,0,0,0,4,,475.33,4.3,1.72,3.29,0.3980320593,0.2554535419
control,roof,a protective covering that covers or forms the top of a building,"the top outer part of a building, temporary structure or vehicle",https://doi.org/10.1075/celcr.14,1,1,1,6.33,1.96,504.33,3.89,3.66,2.75,0.2083659209,0.1745187171
control,roof,protective covering on top of a motor vehicle,"the top outer part of a building, temporary structure or vehicle",https://doi.org/10.1075/celcr.14,1,0,0,3,2.24,401.4,3.96,3.88,2.27,0.1688855432,0.1641492099
control,roof,the inner top surface of a covered area or hollow space,"the top outer part of a building, temporary structure or vehicle",https://doi.org/10.1075/celcr.14,0,0,1,4.78,0.86,514.71,4.69,3.62,3.27,0.1479803962,0.1626706262
control,roof,an upper limit on what is allowed,"the top outer part of a building, temporary structure or vehicle",https://doi.org/10.1075/celcr.14,0,0,0,4.33,0.4,547.33,4.3,2.82,3.54,0.06549507764,0.06835856289
control,roof,provide a building with a roof; cover a building with a roof,"the top outer part of a building, temporary structure or vehicle",https://doi.org/10.1075/celcr.14,,0,0,7,2.88,586,4.2,4.3,2.99,0.3172698198,0.2940823119
control,disturb,move deeply,"to do something that stops a place or situation from being pleasant, calm, or peaceful",https://doi.org/10.1075/celcr.14,0,0,0,0,0,534.5,3.25,2.62,2.69,0.09205163643,0.1130434833
control,disturb,change the arrangement or position of,"to do something that stops a place or situation from being pleasant, calm, or peaceful",https://doi.org/10.1075/celcr.14,0,1,0,5,0,483,4.01,2.6,3.62,0.0569764475,0.08875176652
control,disturb,tamper with,"to do something that stops a place or situation from being pleasant, calm, or peaceful",https://doi.org/10.1075/celcr.14,0,0,0,3,0,600,4.88,3.04,3.73,0.4018709362,0.4051919281
control,disturb,destroy the peace or tranquility of,"to do something that stops a place or situation from being pleasant, calm, or peaceful",https://doi.org/10.1075/celcr.14,1,0,1,5.75,0,478.67,4.16,2.34,3.7,0.2935420523,0.3858500024
control,disturb,damage as if by shaking or jarring,"to do something that stops a place or situation from being pleasant, calm, or peaceful",https://doi.org/10.1075/celcr.14,0,0,0,3.33,0.97,477.33,3.65,3.28,2.57,0.228092278,0.1823181262
control,serve,(sports) a stroke that puts the ball in play,"providing food and drink, helping customers to buy goods in a shop",https://doi.org/10.1075/celcr.14,0,0,0,7,0.79,379.14,5.34,3.66,3.22,0.09168130644,0.1000211197
control,serve,"serve a purpose, role, or function","providing food and drink, helping customers to buy goods in a shop",https://doi.org/10.1075/celcr.14,0,0,0,6.6,0,498,5.08,2.35,3.24,0.2659625113,0.2119532476
control,serve,do duty or hold offices; serve in a specific function,"providing food and drink, helping customers to buy goods in a shop",https://doi.org/10.1075/celcr.14,0,0,0,4.89,0,554,4.09,3.11,3.35,0.2058587357,0.1845403343
control,serve,contribute or conduce to,"providing food and drink, helping customers to buy goods in a shop",https://doi.org/10.1075/celcr.14,0,0,0,4.33,0,558.5,6.78,2.13,2.55,0.2987995297,0.1979305893
control,serve,be used by; as of a utility,"providing food and drink, helping customers to buy goods in a shop",https://doi.org/10.1075/celcr.14,0,0,0,5.83,0,534.67,3.49,2.86,3.84,0.1784532517,0.1261512209
control,serve,help to some food; help with food or drink,"providing food and drink, helping customers to buy goods in a shop",https://doi.org/10.1075/celcr.14,1,0,1,3.71,5.38,552.5,3.45,3.9,3.33,0.2645233482,0.1895955473
control,serve,provide (usually but not necessarily food),"providing food and drink, helping customers to buy goods in a shop",https://doi.org/10.1075/celcr.14,1,1,0,1.17,5.57,514.17,5.24,2.73,2.98,0.1891045151,0.1810881745
control,serve,"devote (part of) one's life or efforts to, as of countries, institutions, or ideas","providing food and drink, helping customers to buy goods in a shop",https://doi.org/10.1075/celcr.14,0,0,0,6,0,465.46,5.64,2.87,3.67,0.1027423316,0.1487326743
control,serve,"promote, benefit, or be useful or beneficial to","providing food and drink, helping customers to buy goods in a shop",https://doi.org/10.1075/celcr.14,0,1,0,3.29,0,499.17,4.96,2.1,2.82,0.2171542794,0.1936877593
control,serve,spend time in prison or in a labor camp,"providing food and drink, helping customers to buy goods in a shop",https://doi.org/10.1075/celcr.14,0,0,0,6.11,2.09,561.4,5.6,3.62,3.43,0.07722370941,0.09695036002
control,serve,work for or be a servant to,"providing food and drink, helping customers to buy goods in a shop",https://doi.org/10.1075/celcr.14,0,0,1,4.4,0,512,3.58,4.06,2.35,0.3145200014,0.2144307792
control,serve,deliver a warrant or summons to someone,"providing food and drink, helping customers to buy goods in a shop",https://doi.org/10.1075/celcr.14,0,0,0,5.83,0,439.25,6.12,3.38,3.26,0.1709807864,0.1623741873
control,serve,"be sufficient; be adequate, either in quality or quantity","providing food and drink, helping customers to buy goods in a shop",https://doi.org/10.1075/celcr.14,0,1,0,3,3.93,531.57,4.02,2.17,3.29,0.09439666457,0.1255952068
control,serve,do military service,"providing food and drink, helping customers to buy goods in a shop",https://doi.org/10.1075/celcr.14,0,0,0,5.67,0,456.5,6.28,3.1,2.65,0.341644153,0.2303359732
control,serve,mate with,"providing food and drink, helping customers to buy goods in a shop",https://doi.org/10.1075/celcr.14,0,0,0,6,,219,6.62,4.34,1.09,0.01471127104,0.02235535532
control,serve,put the ball into play,"providing food and drink, helping customers to buy goods in a shop",https://doi.org/10.1075/celcr.14,0,0,0,2.33,0,482,4.74,3.58,3.07,0.1504926495,0.1622382974
control,struggle,an energetic attempt to achieve something,"a fight between two people for something, or an attempt by one person to escape from the other",https://doi.org/10.1075/celcr.14,0,0,0,2.5,0.6,465,4.3,2.29,3.95,0.1254113419,0.1767022945
control,struggle,an open clash between two opposing groups (or individuals); --Thomas Paine,"a fight between two people for something, or an attempt by one person to escape from the other",https://doi.org/10.1075/celcr.14,1,1,1,4.73,0.46,479.83,5.46,3.33,3.57,0.1366677595,0.1417156968
control,struggle,strenuous effort,"a fight between two people for something, or an attempt by one person to escape from the other",https://doi.org/10.1075/celcr.14,0,0,0,3.5,,541,5.06,2.44,3.55,0.310795933,0.2282373421
control,struggle,make a strenuous or labored effort,"a fight between two people for something, or an attempt by one person to escape from the other",https://doi.org/10.1075/celcr.14,0,0,0,5.17,3.69,515.25,4.86,2.54,3.44,0.2364706591,0.2269405611
control,struggle,to exert strenuous effort against opposition,"a fight between two people for something, or an attempt by one person to escape from the other",https://doi.org/10.1075/celcr.14,0,0,0,3.25,2.55,456.5,5.24,2.39,3.77,0.2870965004,0.2369531114
control,struggle,"climb awkwardly, as if by scrambling","a fight between two people for something, or an attempt by one person to escape from the other",https://doi.org/10.1075/celcr.14,0,0,0,0.6,9.28,428.25,5.19,2.95,3.66,0.1795668999,0.2395980358
control,struggle,be engaged in a fight; carry on a fight,"a fight between two people for something, or an attempt by one person to escape from the other",https://doi.org/10.1075/celcr.14,1,1,1,4.11,2.44,503,4.81,3.7,2.9,0.4118411932,0.321923811
control,drop,a shape that is spherical and small,a very small amount of liquid with a round shape,https://doi.org/10.1075/celcr.14,1,1,0,5.2,0.6,547,5.21,3.4,2.84,0.05199622114,0.09534484396
control,drop,a small indefinite quantity (especially of a liquid); ; ; ; --Kipling,a very small amount of liquid with a round shape,https://doi.org/10.1075/celcr.14,1,0,0,4.12,0.45,484.92,4.21,2.71,4.24,0.04780290499,0.06448288572
control,drop,a sudden sharp decrease in some quantity,a very small amount of liquid with a round shape,https://doi.org/10.1075/celcr.14,0,0,0,3.57,0.6,497,3.6,2.9,3.71,0.2196143847,0.3044040371
control,drop,a steep high face of rock,a very small amount of liquid with a round shape,https://doi.org/10.1075/celcr.14,0,1,1,4.8,0.7,501.5,4.16,4.25,3.14,0.1557722699,0.2233445989
control,drop,a predetermined hiding place for the deposit and distribution of illicit goods (such as drugs or stolen property),a very small amount of liquid with a round shape,https://doi.org/10.1075/celcr.14,0,0,0,3.64,0.72,462,5.41,3.01,2.97,0.04483969705,0.0877116669
control,drop,a free and rapid descent by the force of gravity,a very small amount of liquid with a round shape,https://doi.org/10.1075/celcr.14,0,1,1,5.71,0.93,478.2,4.13,2.79,3.23,0.1362218529,0.1480579436
control,drop,a curtain that can be lowered and raised onto a stage from the flies; often used as background scenery,a very small amount of liquid with a round shape,https://doi.org/10.1075/celcr.14,0,1,0,5.79,2.4,470.4,4.38,3.32,3.46,0.0950696559,0.09857955296
control,drop,a central depository where things can be left or picked up,a very small amount of liquid with a round shape,https://doi.org/10.1075/celcr.14,0,1,0,4.8,2.12,361.2,4.55,3.12,3.15,0.05595236495,0.1031093407
control,drop,the act of dropping something,a very small amount of liquid with a round shape,https://doi.org/10.1075/celcr.14,0,1,0,4,0.6,544.33,3.93,2.65,4.29,0.2555022292,0.2821411391
control,drop,let fall to the ground,a very small amount of liquid with a round shape,https://doi.org/10.1075/celcr.14,0,0,0,2.33,2.08,471.33,4.83,3.69,4.15,0.3495144049,0.292602554
control,drop,to fall vertically,a very small amount of liquid with a round shape,https://doi.org/10.1075/celcr.14,0,0,1,1.5,0,433.5,5.9,3.84,3.07,0.3496793881,0.3431089334
control,drop,go down in value,a very small amount of liquid with a round shape,https://doi.org/10.1075/celcr.14,0,0,0,2.75,0,427.5,2.88,2.38,2.83,0.1570795458,0.1854469143
control,drop,fall or descend to a lower place or level,a very small amount of liquid with a round shape,https://doi.org/10.1075/celcr.14,0,1,1,3.75,1.68,435.4,6.04,3.26,2.94,0.3768685274,0.3109927312
control,drop,terminate an association with,a very small amount of liquid with a round shape,https://doi.org/10.1075/celcr.14,0,0,0,4,6.77,477,5.45,2.3,4,0.06971457042,0.1250371672
control,drop,"utter with seeming casualness; ; drop names""""""""""""""""",a very small amount of liquid with a round shape,https://doi.org/10.1075/celcr.14,0,0,0,2.5,0,492.38,4.44,2.88,3.45,0.01412262302,0.06346155144
control,drop,stop pursuing or acting,a very small amount of liquid with a round shape,https://doi.org/10.1075/celcr.14,0,0,0,3,0,540.33,5.29,3.11,2.79,0.001275473585,0.04225428356
control,drop,leave or unload,a very small amount of liquid with a round shape,https://doi.org/10.1075/celcr.14,0,0,0,4.67,4.57,505,4.85,2.87,2.28,0.3027431071,0.2872625738
control,drop,cause to fall by or as if by delivering a blow,a very small amount of liquid with a round shape,https://doi.org/10.1075/celcr.14,0,0,0,2.56,2.34,475.5,5.64,3.4,3.16,0.2389769768,0.2538705161
control,drop,lose (a game),a very small amount of liquid with a round shape,https://doi.org/10.1075/celcr.14,0,0,0,7,2.71,469.75,5.13,3.38,3.87,0.1948096473,0.2387108505
control,drop,pay out,a very small amount of liquid with a round shape,https://doi.org/10.1075/celcr.14,0,0,0,1,0,565,2.94,3.54,1.7,0.08973987401,0.2293213606
control,drop,lower the pitch of (musical notes),a very small amount of liquid with a round shape,https://doi.org/10.1075/celcr.14,0,0,0,6.25,,429,4.91,3.77,3.28,0.1805728544,0.1729574038
control,drop,hang freely,a very small amount of liquid with a round shape,https://doi.org/10.1075/celcr.14,0,0,0,1.5,0,540.5,4.67,3,3.09,0.1653532935,0.1281266473
control,drop,stop associating with,a very small amount of liquid with a round shape,https://doi.org/10.1075/celcr.14,0,0,0,1,0,454,6.3,3.68,3.55,0.04310878739,0.07087230124
control,drop,let or cause to fall in drops,a very small amount of liquid with a round shape,https://doi.org/10.1075/celcr.14,0,0,0,2.17,2.35,445.25,4.79,3.24,3.06,0.3267460751,0.2672084558
control,drop,get rid of,a very small amount of liquid with a round shape,https://doi.org/10.1075/celcr.14,0,0,0,1.5,0,487.5,3.54,2.26,4.05,0.1646285057,0.1832192838
control,drop,"take (a drug, especially LSD), by mouth",a very small amount of liquid with a round shape,https://doi.org/10.1075/celcr.14,0,0,0,3.71,0,489.89,5.53,3.39,3.72,0.06623011921,0.1345691293
control,drop,omit (a letter or syllable) in speaking or writing,a very small amount of liquid with a round shape,https://doi.org/10.1075/celcr.14,0,0,0,5.44,0,477.71,5,3.53,3.17,0.0699740353,0.09766699038
control,drop,leave undone or leave out,a very small amount of liquid with a round shape,https://doi.org/10.1075/celcr.14,0,0,0,2.4,0,480.67,5.7,2.59,2.08,0.2316746314,0.2041776826
control,drop,change from one level to another,a very small amount of liquid with a round shape,https://doi.org/10.1075/celcr.14,0,0,0,0.75,1.36,425.5,5.77,3.1,2.78,0.1473537106,0.2317979597
control,drop,fall or sink into a state of exhaustion or death,a very small amount of liquid with a round shape,https://doi.org/10.1075/celcr.14,0,0,0,6.38,4.26,514.8,5.16,3.81,2.59,0.254607477,0.2600471586
control,drop,grow worse,a very small amount of liquid with a round shape,https://doi.org/10.1075/celcr.14,0,0,0,1,0,529,3.28,2.32,4.04,0.114354603,0.2199206799
control,drop,give birth; used for animals,a very small amount of liquid with a round shape,https://doi.org/10.1075/celcr.14,0,0,0,2.75,0,500,3.39,3.64,3.28,0.07341616933,0.09683480393
control,labour,a social class comprising those who do manual labor or work for wages,work,https://doi.org/10.1075/celcr.14,0,0,0,4.27,2.26,471.33,5.01,3.43,2.54,0.2984678274,
control,labour,concluding state of pregnancy; from the onset of contractions to the birth of a child,work,https://doi.org/10.1075/celcr.14,0,1,0,6.25,1.51,526.71,4.07,3.57,3.02,0.1155822234,
control,labour,a political party formed in Great Britain in 1900; characterized by the promotion of labor's interests and formerly the socialization of key industries,work,https://doi.org/10.1075/celcr.14,0,0,0,3.88,2.2,496.27,5.03,2.83,3.08,0.1464192511,
control,labour,productive work (especially physical work done for wages),work,https://doi.org/10.1075/celcr.14,1,0,1,1.71,2.04,523,4.98,2.7,3.08,0.2613850201,
control,labour,work hard,work,https://doi.org/10.1075/celcr.14,0,0,1,3,,547,4.04,3.62,2.45,0.3994932026,
control,labour,strive and make an effort to reach a goal,work,https://doi.org/10.1075/celcr.14,0,0,0,5.57,5.08,504.6,5.21,2.77,2.96,0.09975477662,
control,labour,undergo the efforts of childbirth,work,https://doi.org/10.1075/celcr.14,0,1,0,4.67,4.11,514.33,4.83,2.93,2.8,0.2107573512,
control,trap,a device in which something (usually an animal) can be caught and penned,a piece of equipment used for catching animals,https://doi.org/10.1075/celcr.14,1,1,1,3.6,0.4,512.12,5.26,3.14,3.65,0.1253170415,0.1454891972
control,trap,drain consisting of a U-shaped section of drainpipe that holds liquid and so prevents a return flow of sewer gas,a piece of equipment used for catching animals,https://doi.org/10.1075/celcr.14,0,0,0,5.33,2.74,455.58,4.91,4.06,2.9,0.1025468622,0.1302441599
control,trap,something (often something deceptively attractive) that catches you unawares,a piece of equipment used for catching animals,https://doi.org/10.1075/celcr.14,0,0,0,1.6,0,500.44,4.47,2.33,3.66,0.1452702742,0.1870534537
control,trap,a device to hurl clay pigeons into the air for trapshooters,a piece of equipment used for catching animals,https://doi.org/10.1075/celcr.14,0,0,0,6,1.03,526.5,5.08,4.28,4.08,0.1603934666,0.158514342
control,trap,the act of concealing yourself and lying in wait to attack by surprise,a piece of equipment used for catching animals,https://doi.org/10.1075/celcr.14,0,0,0,4.38,2.19,524.17,4.5,2.92,3.53,0.09031820565,0.1342174038
control,trap,informal terms for the mouth,a piece of equipment used for catching animals,https://doi.org/10.1075/celcr.14,0,0,0,3,0.8,545.33,4.27,3.26,2.79,0.08994011457,0.1155691184
control,trap,a light two-wheeled carriage,a piece of equipment used for catching animals,https://doi.org/10.1075/celcr.14,0,1,0,6.5,2.42,505.67,5.02,4.54,3.13,0.01775508374,0.1202121004
control,trap,a hazard on a golf course,a piece of equipment used for catching animals,https://doi.org/10.1075/celcr.14,0,0,0,7,2.68,540,4.71,4,4.02,0.101797279,0.1321353304
control,trap,place in a confining or embarrassing position,a piece of equipment used for catching animals,https://doi.org/10.1075/celcr.14,0,0,0,5.29,0,495,4.62,2.75,2.75,0.08117290214,0.1092649475
control,trap,catch in or as if in a trap,a piece of equipment used for catching animals,https://doi.org/10.1075/celcr.14,0,0,1,6.33,0,500.5,4.57,4.2,2.73,0.3928344846,0.2885575593
control,trap,hold or catch as if in a trap,a piece of equipment used for catching animals,https://doi.org/10.1075/celcr.14,0,0,1,5.33,0,515.33,4.97,4.03,2.48,0.2575256377,0.1698324215
control,trap,to hold fast or prevent from moving,a piece of equipment used for catching animals,https://doi.org/10.1075/celcr.14,0,1,1,2.4,0,504.5,5.47,3.29,2.14,0.1065641679,0.1057537468
control,survey,a detailed critical inspection,to examine an area of land in order to make a map of it,https://doi.org/10.1075/celcr.14,0,0,1,5.5,4.01,565,4.91,2.51,4,0.2821483413,0.1438525468
control,survey,short descriptive summary (of events),to examine an area of land in order to make a map of it,https://doi.org/10.1075/celcr.14,0,0,0,1.5,0.6,475.83,5.85,2.88,4.37,0.1080573751,0.08800260443
control,survey,the act of looking or seeing or observing,to examine an area of land in order to make a map of it,https://doi.org/10.1075/celcr.14,0,1,1,6.83,1.07,448.25,5.14,3.09,3.14,0.1431925371,0.06024266919
control,survey,consider in a comprehensive way,to examine an area of land in order to make a map of it,https://doi.org/10.1075/celcr.14,0,0,0,6.4,5.98,509.33,5.69,1.95,2.55,0.152996236,0.1179974005
control,survey,look over carefully or inspect,to examine an area of land in order to make a map of it,https://doi.org/10.1075/celcr.14,0,1,1,3.2,6.06,485,4.64,2.81,2.34,0.3061216027,0.07606509017
control,survey,keep under surveillance,to examine an area of land in order to make a map of it,https://doi.org/10.1075/celcr.14,0,0,1,4,0,475,5.45,2.74,3.29,0.1409533583,0.06177263462
control,survey,hold a review (of troops),to examine an area of land in order to make a map of it,https://doi.org/10.1075/celcr.14,0,0,1,5,4.82,496.5,5.21,3.24,3.18,0.1542149161,0.1012332079
control,survey,make a survey of; for statistical purposes,to examine an area of land in order to make a map of it,https://doi.org/10.1075/celcr.14,0,0,0,2.75,0,527.2,4.97,2.65,3.65,0.1271987902,0.08138075215
control,survey,plot a map of (land),to examine an area of land in order to make a map of it,https://doi.org/10.1075/celcr.14,1,0,1,6.25,0,519.2,5.95,4.21,3.83,0.1574577962,0.1158725408
control,development,act of improving by expanding or enlarging or refining,"change, growth, or improvement over a period of time",https://doi.org/10.1075/celcr.14,0,0,0,4.38,0,381.4,4.61,2.65,2.41,0.1889743775,0.1950015314
control,development,a process in which something passes by degrees to a different stage (especially a more advanced or mature stage),"change, growth, or improvement over a period of time",https://doi.org/10.1075/celcr.14,1,0,0,4.81,0.4,531.83,4.65,2.67,3.74,0.1477261733,0.12281751
control,development,(biology) the process of an individual organism growing organically; a purely biological unfolding of events involved in an organism changing gradually from a simple to a more complex level,"change, growth, or improvement over a period of time",https://doi.org/10.1075/celcr.14,0,1,1,4,1.16,508.65,5.01,2.85,3.19,0.153625358,0.1286697073
control,development,a recent event that has some relevance for the present situation,"change, growth, or improvement over a period of time",https://doi.org/10.1075/celcr.14,0,0,0,4.25,0.4,441,4.82,2.44,3.63,0.09912678599,0.08257136494
control,development,the act of making some area of land or water more profitable or productive or useful,"change, growth, or improvement over a period of time",https://doi.org/10.1075/celcr.14,0,0,0,3.92,0.07,526.12,4.9,3.15,2.98,0.1213063491,0.1487559672
control,development,a district that has been developed to serve some purpose,"change, growth, or improvement over a period of time",https://doi.org/10.1075/celcr.14,0,0,0,2.75,1.44,476,3.89,2.86,1.93,0.1741218976,0.1859109942
control,development,a state in which things are improving; the result of developing (as in the early part of a game of chess),"change, growth, or improvement over a period of time",https://doi.org/10.1075/celcr.14,0,0,0,6.93,0.66,453.42,4.23,3.33,3.28,0.1653383507,0.1601246662
control,development,processing a photosensitive material in order to make an image visible,"change, growth, or improvement over a period of time",https://doi.org/10.1075/celcr.14,0,0,0,3.8,0.4,469.57,5.91,3.05,2.95,0.03898262151,0.06120873316
control,development,(music) the section of a composition or movement (especially in sonata form) where the major musical themes are developed and elaborated,"change, growth, or improvement over a period of time",https://doi.org/10.1075/celcr.14,0,0,0,5.44,1.7,470,4.81,3.14,3.27,0.1352852379,0.1403968002
control,role,the actions and activities assigned to or required or expected of a person or group,"the character played by a particular actor in a film, play etc.",https://doi.org/10.1075/celcr.14,0,0,0,5.09,0.15,537.57,4.9,3.23,3.24,0.1507002235,0.09239358215
control,role,an actor's portrayal of someone in a play,"the character played by a particular actor in a film, play etc.",https://doi.org/10.1075/celcr.14,1,1,1,6.57,0.7,505.6,5.21,3.44,3.5,0.300365791,0.2180785965
control,role,what something is used for,"the character played by a particular actor in a film, play etc.",https://doi.org/10.1075/celcr.14,0,0,0,1.5,,470,3.16,2.23,4.08,0.1024294123,0.1150896363
control,role,normal or customary activity of a person in a particular social setting,"the character played by a particular actor in a film, play etc.",https://doi.org/10.1075/celcr.14,0,0,0,4.45,0.17,507.14,5.92,2.59,3.64,0.1242037211,0.08875400121
control,elegant,refined and tasteful in appearance or behavior or style,elegant places and things are attractive because they are beautiful in a simple way,https://doi.org/10.1075/celcr.14,1,1,1,5.25,,550.4,5.05,2.34,3,0.3957975052,0.311310282
control,elegant,"suggesting taste, ease, and wealth",elegant places and things are attractive because they are beautiful in a simple way,https://doi.org/10.1075/celcr.14,0,0,0,5.75,,448.17,5.62,2.78,3.5,0.09766273038,0.1122516566
control,elegant,displaying effortless beauty and simplicity in movement or execution,elegant places and things are attractive because they are beautiful in a simple way,https://doi.org/10.1075/celcr.14,1,1,1,5.75,,534.67,4.89,2.88,3.71,0.2155290184,0.2705467977
control,support,the activity of providing for or maintaining by supplying with money or necessities,"something that holds the weight of an object, building, or structure so that it does not move or fall",https://doi.org/10.1007/s10775-017-9345-2,0,0,0,5.22,0.72,464.6,4.92,3.25,3.08,0.2033063645,0.2002506678
control,support,aiding the cause or policy or interests of,"something that holds the weight of an object, building, or structure so that it does not move or fall",https://doi.org/10.1007/s10775-017-9345-2,0,0,0,5.67,0.3,448.75,3.85,2.33,2.39,0.1923237192,0.1940565538
control,support,something providing immaterial assistance to a person or cause or interest,"something that holds the weight of an object, building, or structure so that it does not move or fall",https://doi.org/10.1007/s10775-017-9345-2,0,0,0,5.22,0.56,478.29,5.1,2.51,2.51,0.159806042,0.1965692418
control,support,a military operation (often involving new supplies of men and materiel) to strengthen a military force or aid in the performance of its mission,"something that holds the weight of an object, building, or structure so that it does not move or fall",https://doi.org/10.1007/s10775-017-9345-2,0,0,0,5.89,1.39,488.31,5.37,3.29,2.99,0.1602852378,0.1555282915
control,support,documentary validation,"something that holds the weight of an object, building, or structure so that it does not move or fall",https://doi.org/10.1007/s10775-017-9345-2,0,0,0,3.5,8.99,503,5.84,3.01,3.91,0.1347180782,0.1433213179
control,support,the financial means whereby one lives,"something that holds the weight of an object, building, or structure so that it does not move or fall",https://doi.org/10.1007/s10775-017-9345-2,0,0,0,3.75,0.6,512.5,4.72,2.65,2.7,0.05272253733,0.1080337763
control,support,supporting structure that holds up or provides a foundation,"something that holds the weight of an object, building, or structure so that it does not move or fall",https://doi.org/10.1007/s10775-017-9345-2,1,1,1,4.38,0.7,569.6,5.59,3.49,2.09,0.3729242325,0.2684102796
control,support,the act of bearing the weight of or strengthening,"something that holds the weight of an object, building, or structure so that it does not move or fall",https://doi.org/10.1007/s10775-017-9345-2,0,0,1,6,0.88,488.25,4.47,2.84,3.37,0.1642113421,0.1496568043
control,support,a musical part (vocal or instrumental) that supports or provides background for other musical parts,"something that holds the weight of an object, building, or structure so that it does not move or fall",https://doi.org/10.1007/s10775-017-9345-2,0,0,0,6.38,1.73,405.64,4.96,3.24,2.86,0.1358027635,0.1621910005
control,support,any device that bears the weight of another thing,"something that holds the weight of an object, building, or structure so that it does not move or fall",https://doi.org/10.1007/s10775-017-9345-2,0,0,1,2.83,0.77,502.8,5.38,3.73,2.92,0.07969853579,0.08051149137
control,support,financial resources provided to make some project possible,"something that holds the weight of an object, building, or structure so that it does not move or fall",https://doi.org/10.1007/s10775-017-9345-2,0,0,0,1.86,0.6,462,5.23,2.54,2.44,0.1483743948,0.1539461551
control,support,"give moral or psychological support, aid, or courage to","something that holds the weight of an object, building, or structure so that it does not move or fall",https://doi.org/10.1007/s10775-017-9345-2,0,0,0,4.57,0,526.75,4.15,2.37,3.45,0.2228355419,0.2058045819
control,support,support materially or financially,"something that holds the weight of an object, building, or structure so that it does not move or fall",https://doi.org/10.1007/s10775-017-9345-2,0,0,0,3,,419,4.85,2.48,2.66,0.1806108505,0.1862335354
control,support,be behind; approve of,"something that holds the weight of an object, building, or structure so that it does not move or fall",https://doi.org/10.1007/s10775-017-9345-2,0,0,0,2.33,0,588.67,2.94,2.66,3.68,0.2214528397,0.228414014
control,support,be the physical support of; carry the weight of,"something that holds the weight of an object, building, or structure so that it does not move or fall",https://doi.org/10.1007/s10775-017-9345-2,1,1,1,1.25,3.74,545.8,3.78,3.53,2.92,0.1261371598,0.1564559018
control,support,establish or strengthen as with new evidence or facts,"something that holds the weight of an object, building, or structure so that it does not move or fall",https://doi.org/10.1007/s10775-017-9345-2,0,0,0,5,2,479.25,5.37,2.74,2.92,0.1517338026,0.1977163658
control,support,adopt as a belief,"something that holds the weight of an object, building, or structure so that it does not move or fall",https://doi.org/10.1007/s10775-017-9345-2,0,0,0,6,0,530,4.64,1.78,3.08,0.1888638958,0.2580348402
control,support,support with evidence or authority or make more certain or confirm,"something that holds the weight of an object, building, or structure so that it does not move or fall",https://doi.org/10.1007/s10775-017-9345-2,0,0,0,4.56,0,445.83,4.68,2.55,3,0.1251616195,0.1508910447
control,support,argue or speak in defense of,"something that holds the weight of an object, building, or structure so that it does not move or fall",https://doi.org/10.1007/s10775-017-9345-2,0,0,0,5.4,3.51,528.33,6.13,2.97,2.73,0.1126354188,0.1515207638
control,support,play a subordinate role to (another performer),"something that holds the weight of an object, building, or structure so that it does not move or fall",https://doi.org/10.1007/s10775-017-9345-2,0,0,0,4.67,6.52,454,5.33,2.98,3.22,0.08786358833,0.09903852046
control,support,be a regular customer or client of,"something that holds the weight of an object, building, or structure so that it does not move or fall",https://doi.org/10.1007/s10775-017-9345-2,0,0,0,4.67,0,416,4.55,3.37,3.63,0.09207725152,0.09137048076
control,support,put up with something or somebody unpleasant,"something that holds the weight of an object, building, or structure so that it does not move or fall",https://doi.org/10.1007/s10775-017-9345-2,0,0,0,2.6,0,476.5,3.95,2.5,3.06,-0.006800617091,0.02616030443
control,emerge,"come out into view, as from concealment",to come out of something or out from behind something,https://doi.org/10.6035/CLR,0,0,1,3.8,0,523,5.49,2.82,3.29,0.225365866,0.2344549
control,emerge,come out of,to come out of something or out from behind something,https://doi.org/10.6035/CLR,0,0,1,0,0,471,4.74,2.72,1.7,0.5368581414,0.4112469554
control,emerge,become known or apparent,to come out of something or out from behind something,https://doi.org/10.6035/CLR,0,0,0,3.25,0,511,5.55,1.7,3.88,0.2978258183,0.24957636
control,emerge,come up to the surface of or rise,to come out of something or out from behind something,https://doi.org/10.6035/CLR,1,1,1,3,5,481.67,5.36,3.67,2.45,0.3873231312,0.2738931129
control,emerge,happen or occur as a result of something,to come out of something or out from behind something,https://doi.org/10.6035/CLR,0,0,0,4.83,0,463,3.45,2.07,2.92,0.3209683541,0.2395260651
control,depression,a mental state characterized by a pessimistic sense of inadequacy and a despondent lack of activity,an area on a surface that is lower than the parts around it,https://doi.org/10.6035/CLR,0,0,,4.38,1.22,535.33,4.97,2.32,3.25,0.1984553656,0.1946384309
control,depression,a long-term economic state characterized by unemployment and low prices and low levels of trade and investment,an area on a surface that is lower than the parts around it,https://doi.org/10.6035/CLR,0,0,,3.46,1.11,496.27,4.43,3.19,2.3,0.140676404,0.1117654236
control,depression,a sunken or depressed geological formation,an area on a surface that is lower than the parts around it,https://doi.org/10.6035/CLR,1,1,,4,0.7,435.5,6.01,2.89,2.89,0.2626906643,0.196903266
control,depression,sad feelings of gloom and inadequacy,an area on a surface that is lower than the parts around it,https://doi.org/10.6035/CLR,0,0,,4.5,2.86,535,4.78,2.08,3.41,0.3095149472,0.2331613041
control,depression,a period during the 1930s when there was a worldwide economic depression and mass unemployment,an area on a surface that is lower than the parts around it,https://doi.org/10.6035/CLR,0,0,,5.1,1.03,496.71,4.86,2.83,2.64,0.1596510584,0.1487895764
control,depression,an air mass of lower pressure; often brings precipitation,an area on a surface that is lower than the parts around it,https://doi.org/10.6035/CLR,0,0,,5.88,0.27,495.62,4.35,3.31,4,0.09464373307,0.09933067659
control,depression,a state of depression and anhedonia so severe as to require clinical intervention,an area on a surface that is lower than the parts around it,https://doi.org/10.6035/CLR,0,0,,4.44,1.83,499.43,4.26,2.63,3.1,0.1720432596,0.2187353518
control,depression,a concavity in a surface produced by pressing,an area on a surface that is lower than the parts around it,https://doi.org/10.6035/CLR,1,0,,4.62,0.82,537.75,4.34,3.24,2.56,0.1147516421,0.07313798508
control,depression,angular distance below the horizon (especially of a celestial object),an area on a surface that is lower than the parts around it,https://doi.org/10.6035/CLR,0,0,,3.25,1.21,484.25,5.27,3.08,3.54,0.03279186065,0.07115227667
control,depression,pushing down,an area on a surface that is lower than the parts around it,https://doi.org/10.6035/CLR,0,0,,2,,557,5.79,3.73,5.09,0.0172588639,0.02001096308
control,niche,a position particularly well suited to the person who occupies it,a hollow space in a wall,https://doi.org/10.18485/esptoday.2021.9.1.8,0,0,0,4.44,1.53,463.83,4.76,3.08,3.29,0.1260470419,0.1932397646
control,niche,a small concavity,a hollow space in a wall,https://doi.org/10.18485/esptoday.2021.9.1.8,1,1,1,5.33,1.45,469.5,5,3.22,2.58,0.2198309749,0.198347602
control,niche,an enclosure that is set back or indented,a hollow space in a wall,https://doi.org/10.18485/esptoday.2021.9.1.8,0,0,1,5,0.9,457,4.44,3.87,3.11,0.103986037,0.05892736092
control,niche,(ecology) the status of an organism within its environment and community (affecting its survival as a species),a hollow space in a wall,https://doi.org/10.18485/esptoday.2021.9.1.8,0,0,0,6.14,0.92,485,5.21,2.9,3.44,0.1042313975,0.1050773714
control,niche,a position particularly well suited to the person who occupies it,a hollow space in a wall,https://doi.org/10.18485/esptoday.2021.9.1.8,0,0,0,4.44,1.53,463.83,4.76,3.08,3.29,0.1260470419,0.1932397646
control,niche,a small concavity,a hollow space in a wall,https://doi.org/10.18485/esptoday.2021.9.1.8,1,1,1,5.33,1.45,469.5,5,3.22,2.58,0.2198309749,0.198347602
control,niche,an enclosure that is set back or indented,a hollow space in a wall,https://doi.org/10.18485/esptoday.2021.9.1.8,0,0,1,5,0.9,457,4.44,3.87,3.11,0.103986037,0.05892736092
control,niche,(ecology) the status of an organism within its environment and community (affecting its survival as a species),a hollow space in a wall,https://doi.org/10.18485/esptoday.2021.9.1.8,0,0,0,6.14,0.92,485,5.21,2.9,3.44,0.1042313975,0.1050773714
control,government,the organization that is the governing authority of a political unit,"the people who control a country, region, or town and make decisions about its laws and taxes",https://doi.org/10.1075/ps.16055.sun,1,0,1,4.86,1.14,497,4.31,2.63,3.16,0.3248289391,0.2987734526
control,government,the act of governing; exercising authority,"the people who control a country, region, or town and make decisions about its laws and taxes",https://doi.org/10.1075/ps.16055.sun,0,1,0,7,2.84,560.8,4.28,2.34,3.64,0.3048554901,0.2437891997
control,government,(government) the system or form by which a community or other political unit is governed,"the people who control a country, region, or town and make decisions about its laws and taxes",https://doi.org/10.1075/ps.16055.sun,1,1,0,4.25,0.22,486.89,4.94,3.01,3.46,0.231635275,0.2268569929
control,government,the study of government of states and other political units,"the people who control a country, region, or town and make decisions about its laws and taxes",https://doi.org/10.1075/ps.16055.sun,0,1,0,3,0.2,493,4.11,3.14,2.7,0.2632819097,0.2860133536
control,branch,a division of some larger or more complex organization,"a part of a tree that grows out of its trunk (=main stem) with leaves, flowers, or fruit growing.",https://doi.org/10.1075/ps.16055.sun,0,0,0,5,1.19,488.75,4.02,2.59,2.81,0.1849825168,0.1971505694
control,branch,"a division of a stem, or secondary stem arising from the main stem of a plant","a part of a tree that grows out of its trunk (=main stem) with leaves, flowers, or fruit growing.",https://doi.org/10.1075/ps.16055.sun,1,1,1,7.92,0.7,491,4.37,3.75,2.88,0.2053716932,0.1473412025
control,branch,a part of a forked or branching shape,"a part of a tree that grows out of its trunk (=main stem) with leaves, flowers, or fruit growing.",https://doi.org/10.1075/ps.16055.sun,0,0,0,6.57,0.24,382.25,4.64,3.17,2.32,0.2801303684,0.1255444988
control,branch,a natural consequence of development,"a part of a tree that grows out of its trunk (=main stem) with leaves, flowers, or fruit growing.",https://doi.org/10.1075/ps.16055.sun,0,0,0,7.75,1.22,391.67,4.26,2.3,3.54,0.05847203809,0.09121412039
control,branch,a stream or river connected to a larger one,"a part of a tree that grows out of its trunk (=main stem) with leaves, flowers, or fruit growing.",https://doi.org/10.1075/ps.16055.sun,0,1,0,3.75,1.89,444,4.79,4.01,3.02,0.1066338282,0.08092772886
control,branch,any projection that is thought to resemble a human arm,"a part of a tree that grows out of its trunk (=main stem) with leaves, flowers, or fruit growing.",https://doi.org/10.1075/ps.16055.sun,0,0,0,3.5,4.01,522.4,5.1,3.44,2.75,0.05502414789,0.06543944068
control,branch,grow and send out branches or branch-like structures,"a part of a tree that grows out of its trunk (=main stem) with leaves, flowers, or fruit growing.",https://doi.org/10.1075/ps.16055.sun,0,0,1,3.33,4.41,434.4,5.01,3.66,2.37,0.1469523335,0.1459286014
control,branch,divide into two or more branches so as to form a fork,"a part of a tree that grows out of its trunk (=main stem) with leaves, flowers, or fruit growing.",https://doi.org/10.1075/ps.16055.sun,0,1,0,3.9,6.2,437,4.72,3.99,2.42,0.1088033868,0.0463913288
control,ride,a journey in a vehicle (usually an automobile),"to sit on an animal, especially a horse, and control its movements as it moves along",ISSN: 14568438,0,1,1,6.12,0.4,467.33,5.7,3.55,2.84,0.2721385783,0.2086611381
control,ride,a mechanical device that you ride for amusement or excitement,"to sit on an animal, especially a horse, and control its movements as it moves along",ISSN: 14568438,0,1,0,6.5,1.44,549.6,5.37,3.09,3.12,0.1385915261,0.1611621231
control,ride,"sit and travel on the back of animal, usually while controlling its motions","to sit on an animal, especially a horse, and control its movements as it moves along",ISSN: 14568438,1,0,1,2.9,3.93,493.12,5.35,3.88,2.85,0.1336228221,0.1482271437
control,ride,be carried or travel on or in a vehicle,"to sit on an animal, especially a horse, and control its movements as it moves along",ISSN: 14568438,0,1,1,4.44,1.23,504.33,4.61,3.93,1.76,0.3261209726,0.2057413608
control,ride,continue undisturbed and without interference,"to sit on an animal, especially a horse, and control its movements as it moves along",ISSN: 14568438,0,0,0,2.33,0,375.75,5.23,2.45,2.68,0.04882989731,0.06821144512
control,ride,move like a floating object,"to sit on an animal, especially a horse, and control its movements as it moves along",ISSN: 14568438,0,0,0,6,0,495.75,4.42,3.17,2.81,0.09542438982,0.1330484888
control,ride,harass with persistent criticism or carping,"to sit on an animal, especially a horse, and control its movements as it moves along",ISSN: 14568438,0,0,0,4.4,0,474,4.89,2.32,2.75,-0.01400816643,0.05772231705
control,ride,be sustained or supported or borne,"to sit on an animal, especially a horse, and control its movements as it moves along",ISSN: 14568438,0,0,1,3,0,513.67,5.07,1.97,2.73,0.1181397388,0.09148761195
control,ride,have certain properties when driven,"to sit on an animal, especially a horse, and control its movements as it moves along",ISSN: 14568438,0,0,0,1.75,4.34,337.67,3.69,2.62,3.08,0.08469209944,0.1040097164
control,ride,be contingent on,"to sit on an animal, especially a horse, and control its movements as it moves along",ISSN: 14568438,0,0,0,0,0,569,6.15,2.11,2.5,-0.001285185572,0.03225586936
control,ride,lie moored or anchored,"to sit on an animal, especially a horse, and control its movements as it moves along",ISSN: 14568438,0,0,0,4,0,546.33,5.56,3.42,2.4,0.08988974119,0.1268408112
control,ride,sit on and control a vehicle,"to sit on an animal, especially a horse, and control its movements as it moves along",ISSN: 14568438,0,1,1,3.2,1.85,487.67,4.96,3.79,2.93,0.1979603606,0.1793685605
control,ride,climb up on the body,"to sit on an animal, especially a horse, and control its movements as it moves along",ISSN: 14568438,0,0,0,2,0,408,5.74,4.45,3.96,0.201873933,0.2211803421
control,ride,"ride over, along, or through","to sit on an animal, especially a horse, and control its movements as it moves along",ISSN: 14568438,0,0,0,2.25,,554,6.34,2.94,3.35,0.2131000161,0.1130135432
control,ride,keep partially engaged by slightly depressing a pedal with the foot,"to sit on an animal, especially a horse, and control its movements as it moves along",ISSN: 14568438,0,0,0,3.44,2.53,451,5.45,2.9,3.02,0.07568610263,0.1184141091
control,ride,copulate with,"to sit on an animal, especially a horse, and control its movements as it moves along",ISSN: 14568438,0,0,0,2,4.93,607,4.71,3.13,2.8,0.1073102131,0.1688474417
control,star,(astronomy) a celestial body of hot gases that radiates energy derived from thermonuclear reactions in the interior,a very large hot ball of gas that appears as a small bright light in the sky at night,https://doi.org/10.24197/ersjes.43.2022.207-241,1,1,1,4.69,0.68,509.5,5.23,3.41,3.32,0.1146679316,0.09517589669
control,star,someone who is dazzlingly skilled in any field,a very large hot ball of gas that appears as a small bright light in the sky at night,https://doi.org/10.24197/ersjes.43.2022.207-241,0,0,0,2.62,1.05,492.75,3.96,3.09,3.59,0.04175725766,0.09110265225
control,star,any celestial body visible (as a point of light) from the Earth at night,a very large hot ball of gas that appears as a small bright light in the sky at night,https://doi.org/10.24197/ersjes.43.2022.207-241,0,0,1,5.36,0.68,474.56,5.37,3.81,3.17,0.1330265018,0.1297824915
control,star,an actor who plays a principal role,a very large hot ball of gas that appears as a small bright light in the sky at night,https://doi.org/10.24197/ersjes.43.2022.207-241,0,0,0,6.57,1.98,402.25,5.2,3.36,3.29,0.1823593723,0.215676087
control,star,a plane figure with 5 or more points; often used as an emblem,a very large hot ball of gas that appears as a small bright light in the sky at night,https://doi.org/10.24197/ersjes.43.2022.207-241,0,0,0,4.67,0.75,498.38,4.49,3.56,3.51,0.06953970236,0.08121188268
control,star,a performer who receives prominent billing,a very large hot ball of gas that appears as a small bright light in the sky at night,https://doi.org/10.24197/ersjes.43.2022.207-241,0,0,0,5.33,1.63,408.5,5.99,3.15,2.59,0.1456084792,0.199750388
control,star,a star-shaped character * used in printing,a very large hot ball of gas that appears as a small bright light in the sky at night,https://doi.org/10.24197/ersjes.43.2022.207-241,0,0,0,4.83,1.1,452.2,4.67,3.26,3.22,0.074207429,0.06493037363
control,star,the topology of a network whose components are connected to a hub,a very large hot ball of gas that appears as a small bright light in the sky at night,https://doi.org/10.24197/ersjes.43.2022.207-241,0,0,0,5.62,1.83,453.2,5.62,2.79,2.61,0.04777055948,0.07102703055
control,star,feature as the star,a very large hot ball of gas that appears as a small bright light in the sky at night,https://doi.org/10.24197/ersjes.43.2022.207-241,0,0,0,4,4.79,478,6.32,3.82,3.3,0.1465478837,0.2046541423
control,star,be the star in a performance,a very large hot ball of gas that appears as a small bright light in the sky at night,https://doi.org/10.24197/ersjes.43.2022.207-241,0,0,0,6.5,0,588.5,6.41,3.86,2.06,0.0882287696,0.1600134522
control,star,mark with an asterisk,a very large hot ball of gas that appears as a small bright light in the sky at night,https://doi.org/10.24197/ersjes.43.2022.207-241,0,0,0,4.67,6.31,564.5,5.04,4.11,2.5,0.3034332097,0.1307354197
control,star,indicating the most important performer or role,a very large hot ball of gas that appears as a small bright light in the sky at night,https://doi.org/10.24197/ersjes.43.2022.207-241,0,0,,4.33,,503.75,5.3,2.79,3.11,0.1405240544,0.1297979263
control,job,the principal activity in your life that you do to earn money,work that you do regularly to earn money,https://doi.org/10.24197/ersjes.43.2022.207-241,1,1,1,4.14,0.36,472,4.71,3.16,3.34,0.1283728376,0.1655232608
control,job,a specific piece of work required to be done as a duty or for a specific fee,work that you do regularly to earn money,https://doi.org/10.24197/ersjes.43.2022.207-241,0,1,1,3.93,1,501.88,4.43,2.87,3.18,0.2013271153,0.1830244325
control,job,a workplace; as in the expression,work that you do regularly to earn money,https://doi.org/10.24197/ersjes.43.2022.207-241,0,1,0,7.4,1.86,517.33,5,3.51,4.09,0.2834568731,0.1638788544
control,job,an object worked on; a result produced by working,work that you do regularly to earn money,https://doi.org/10.24197/ersjes.43.2022.207-241,0,1,1,3.33,1.1,477,4.68,3.1,3.48,0.202863279,0.1499469131
control,job,the responsibility to do something,work that you do regularly to earn money,https://doi.org/10.24197/ersjes.43.2022.207-241,0,0,0,6,0.6,521.5,3.87,1.61,3.3,0.2288318574,0.2932495326
control,job,the performance of a piece of work,work that you do regularly to earn money,https://doi.org/10.24197/ersjes.43.2022.207-241,0,0,0,7,1.25,494.33,4.4,3.55,1.98,0.3126784886,0.2625382195
control,job,a damaging piece of work,work that you do regularly to earn money,https://doi.org/10.24197/ersjes.43.2022.207-241,0,0,0,4.5,0.3,485.67,4.42,3.81,2.92,0.2563842837,0.2261118678
control,job,a state of difficulty that needs to be resolved,work that you do regularly to earn money,https://doi.org/10.24197/ersjes.43.2022.207-241,0,0,0,4,2.75,484.5,4.54,2.31,3.01,0.06077582575,0.1445883112
control,job,a Jewish hero in the Old Testament who maintained his faith in God in spite of afflictions that tested him,work that you do regularly to earn money,https://doi.org/10.24197/ersjes.43.2022.207-241,0,0,0,4.73,0.55,539.6,4.35,2.41,3.05,0.001225202112,0.06187643949
control,job,any long-suffering person who withstands affliction without despairing,work that you do regularly to earn money,https://doi.org/10.24197/ersjes.43.2022.207-241,0,0,0,4,0,496.5,4.76,2.8,2.77,0.04653777234,0.1133633453
control,job,(computer science) a program application that may consist of several steps but is a single logical unit,work that you do regularly to earn money,https://doi.org/10.24197/ersjes.43.2022.207-241,0,1,0,5.07,1.9,447.25,4.8,3.18,2.85,0.06565201418,0.1131664682
control,job,a book in the Old Testament containing Job's pleas to God about his afflictions and God's reply,work that you do regularly to earn money,https://doi.org/10.24197/ersjes.43.2022.207-241,0,0,0,5.77,2.35,512.73,5.1,3.38,3.54,0.02467112541,0.1123573005
control,job,a crime (especially a robbery),work that you do regularly to earn money,https://doi.org/10.24197/ersjes.43.2022.207-241,0,0,0,7.8,4.11,450.2,5.96,2.75,4.46,0.07409555217,0.1310087914
control,job,profit privately from public office and official business,work that you do regularly to earn money,https://doi.org/10.24197/ersjes.43.2022.207-241,0,0,0,2.5,0,496.33,4.16,3.06,3.48,0.1268937951,0.1371273169
control,job,arranged for contracted work to be done by others,work that you do regularly to earn money,https://doi.org/10.24197/ersjes.43.2022.207-241,0,0,0,1.33,0,506,4.65,2.6,1.97,0.2278353728,0.221123933
control,job,work occasionally,work that you do regularly to earn money,https://doi.org/10.24197/ersjes.43.2022.207-241,0,0,0,3,,452,4.92,2.78,2.06,0.3170151934,0.2901576124
control,job,invest at a risk,work that you do regularly to earn money,https://doi.org/10.24197/ersjes.43.2022.207-241,0,0,0,5,0,291.5,4.16,2.05,3.55,0.07511690259,0.1211077683
control,radiant,radiating or as if radiating light,a kind of energy produced by hot objects that cannot be seen such as light,http://www.ukm.my/ppbl/Gema/gemahome.html,,1,1,4.8,,521.33,5.95,4.21,3.47,0.4974156121,0.4132057925
control,take,the income or profit arising from such transactions as the sale of land or other property,"taking is primarily associated with concrete actions, such as grasping items like books or cups",http://dx.doi.org/10.15823/zz.2016.19,0,0,0,5.08,1.6,451.67,4.72,3.6,3.03,0.03981861951,0.05047770483
control,take,the act of photographing a scene or part of a scene without interruption,"taking is primarily associated with concrete actions, such as grasping items like books or cups",http://dx.doi.org/10.15823/zz.2016.19,0,0,0,7,0.76,469.14,4.18,3.08,2.99,0.1015072241,0.1018044933
control,take,carry out,"taking is primarily associated with concrete actions, such as grasping items like books or cups",http://dx.doi.org/10.15823/zz.2016.19,0,0,0,0.5,0,509,2.62,4.04,2,0.4989806414,0.4810795188
control,take,require (time or space),"taking is primarily associated with concrete actions, such as grasping items like books or cups",http://dx.doi.org/10.15823/zz.2016.19,0,0,0,4.5,0,495.4,5.95,2.89,4.41,0.1678125771,0.2116001323
control,take,take somebody somewhere,"taking is primarily associated with concrete actions, such as grasping items like books or cups",http://dx.doi.org/10.15823/zz.2016.19,0,0,1,1.5,,425.33,4.11,2.98,2.79,0.1013533883,0.1833057925
control,take,"get into one's hands, take physically","taking is primarily associated with concrete actions, such as grasping items like books or cups",http://dx.doi.org/10.15823/zz.2016.19,1,1,1,1,0,482.14,4.75,3.32,3.29,0.2458947701,0.2490040101
control,take,"take on a certain form, attribute, or aspect","taking is primarily associated with concrete actions, such as grasping items like books or cups",http://dx.doi.org/10.15823/zz.2016.19,0,0,0,4.43,2.71,503.71,4.15,2.4,3.64,0.1037163567,0.09797062539
control,take,interpret something in a certain way; convey a particular meaning or impression,"taking is primarily associated with concrete actions, such as grasping items like books or cups",http://dx.doi.org/10.15823/zz.2016.19,0,0,0,4.09,2.13,481,3.69,2.03,3.25,0.1308038449,0.1426301738
control,take,take something or somebody with oneself somewhere,"taking is primarily associated with concrete actions, such as grasping items like books or cups",http://dx.doi.org/10.15823/zz.2016.19,0,0,1,4,,479.2,4.03,2.85,3.07,0.1140751913,0.1512391116
control,take,take into one's possession,"taking is primarily associated with concrete actions, such as grasping items like books or cups",http://dx.doi.org/10.15823/zz.2016.19,0,0,1,3,,487.5,5.81,3.33,3.18,0.1962390766,0.1570048891
control,take,"travel or go by means of a certain kind of transportation, or a certain route","taking is primarily associated with concrete actions, such as grasping items like books or cups",http://dx.doi.org/10.15823/zz.2016.19,0,0,0,4.46,0,475.75,4.68,2.86,3.4,0.1590550682,0.2002059175
control,take,"pick out, select, or choose from a number of alternatives","taking is primarily associated with concrete actions, such as grasping items like books or cups",http://dx.doi.org/10.15823/zz.2016.19,0,0,0,4,2.9,539,5.6,2.94,3.34,0.189993979,0.2082569689
control,take,receive willingly something given or offered,"taking is primarily associated with concrete actions, such as grasping items like books or cups",http://dx.doi.org/10.15823/zz.2016.19,0,0,1,3,0,525,4.06,2.22,3.1,0.2582272202,0.2662344962
control,take,"assume, as of positions or roles","taking is primarily associated with concrete actions, such as grasping items like books or cups",http://dx.doi.org/10.15823/zz.2016.19,0,0,0,6,0,491.75,5.38,2.19,3.18,0.2362735445,0.2102536634
control,take,take into consideration for exemplifying purposes,"taking is primarily associated with concrete actions, such as grasping items like books or cups",http://dx.doi.org/10.15823/zz.2016.19,0,0,0,4,,488.5,3.89,2.15,2,0.05574122941,0.02991920865
control,take,"require as useful, just, or proper","taking is primarily associated with concrete actions, such as grasping items like books or cups",http://dx.doi.org/10.15823/zz.2016.19,0,0,0,2.83,6.03,503,5.51,2,3.8,0.1830729072,0.2298914542
control,take,experience or feel or submit to,"taking is primarily associated with concrete actions, such as grasping items like books or cups",http://dx.doi.org/10.15823/zz.2016.19,0,0,0,5.4,1.37,531,5.16,2.25,2.56,0.2452117403,0.2450571333
control,take,make a film or photograph of something,"taking is primarily associated with concrete actions, such as grasping items like books or cups",http://dx.doi.org/10.15823/zz.2016.19,0,0,0,6,3.64,413.75,4.67,3.52,4.03,0.2089166678,0.1601250223
control,take,"remove something concrete, as by lifting, pushing, or taking off, or remove something abstract","taking is primarily associated with concrete actions, such as grasping items like books or cups",http://dx.doi.org/10.15823/zz.2016.19,0,0,1,2.58,4.36,516.85,5.29,2.93,3.57,0.1979578077,0.2351685547
control,take,"serve oneself to, or consume regularly","taking is primarily associated with concrete actions, such as grasping items like books or cups",http://dx.doi.org/10.15823/zz.2016.19,0,0,1,3.25,2.36,530,4.95,3.12,2.92,0.193961177,0.140943577
control,take,"accept or undergo, often unwillingly","taking is primarily associated with concrete actions, such as grasping items like books or cups",http://dx.doi.org/10.15823/zz.2016.19,0,0,0,2,2.05,493.2,5,2.39,2.95,0.2297640294,0.2084138757
control,take,make use of or accept for some purpose,"taking is primarily associated with concrete actions, such as grasping items like books or cups",http://dx.doi.org/10.15823/zz.2016.19,0,0,0,2.67,2.45,485.75,4.49,2.5,2.92,0.2985731745,0.2669167677
control,take,take by force,"taking is primarily associated with concrete actions, such as grasping items like books or cups",http://dx.doi.org/10.15823/zz.2016.19,0,0,1,1,0,549,4.54,3.03,3.77,0.0455961749,0.09854532033
control,take,occupy or take on,"taking is primarily associated with concrete actions, such as grasping items like books or cups",http://dx.doi.org/10.15823/zz.2016.19,0,0,0,3.33,0,580.5,5.35,3.19,2.82,0.3619661927,0.31992957
control,take,admit into a group or community,"taking is primarily associated with concrete actions, such as grasping items like books or cups",http://dx.doi.org/10.15823/zz.2016.19,0,0,0,5.6,3.64,562.67,5.09,3.32,3.34,0.1054552446,0.150713635
control,take,"ascertain or determine by measuring, computing or take a reading from a dial","taking is primarily associated with concrete actions, such as grasping items like books or cups",http://dx.doi.org/10.15823/zz.2016.19,0,0,0,4.55,0,546.88,4.84,3.19,2.99,0.09356744122,0.08358178936
control,take,be a student of a certain subject,"taking is primarily associated with concrete actions, such as grasping items like books or cups",http://dx.doi.org/10.15823/zz.2016.19,0,0,0,4.83,0,475.67,4.39,3.25,2.43,0.07254573454,0.07730154383
control,take,take as an undesirable consequence of some event or state of affairs,"taking is primarily associated with concrete actions, such as grasping items like books or cups",http://dx.doi.org/10.15823/zz.2016.19,0,0,0,5.67,,482.83,3.93,2.76,2.63,0.02110470254,0.07827956825
control,take,head into a specified direction,"taking is primarily associated with concrete actions, such as grasping items like books or cups",http://dx.doi.org/10.15823/zz.2016.19,0,0,0,6,0,500.67,5.28,3.77,3.6,0.06102739461,0.1005030697
control,take,"point or cause to go (blows, weapons, or objects such as photographic equipment) towards","taking is primarily associated with concrete actions, such as grasping items like books or cups",http://dx.doi.org/10.15823/zz.2016.19,0,0,0,3.92,1.82,472.92,5.41,3.36,3.35,0.1194908611,0.1368033878
control,take,be seized or affected in a specified way,"taking is primarily associated with concrete actions, such as grasping items like books or cups",http://dx.doi.org/10.15823/zz.2016.19,0,0,0,4.25,0,504.5,4.65,2.13,3,0.08099150145,0.1402256284
control,take,have with oneself; have on one's person,"taking is primarily associated with concrete actions, such as grasping items like books or cups",http://dx.doi.org/10.15823/zz.2016.19,0,0,1,3.8,0,513.6,5.21,4.06,3.57,0.1220652089,0.1155387505
control,take,engage for service under a term of contract,"taking is primarily associated with concrete actions, such as grasping items like books or cups",http://dx.doi.org/10.15823/zz.2016.19,0,0,0,5.67,7.33,433,5.27,2.81,3.52,0.1007293712,0.1382128811
control,take,receive or obtain regularly,"taking is primarily associated with concrete actions, such as grasping items like books or cups",http://dx.doi.org/10.15823/zz.2016.19,0,0,0,2.5,0,516,4.38,2.5,2.3,0.3128249372,0.1980099306
control,take,"buy, select","taking is primarily associated with concrete actions, such as grasping items like books or cups",http://dx.doi.org/10.15823/zz.2016.19,0,0,0,2.5,0,461.33,6.47,2.92,3.95,0.2676197067,0.2613347694
control,take,"to get into a position of having, e.g., safety, comfort","taking is primarily associated with concrete actions, such as grasping items like books or cups",http://dx.doi.org/10.15823/zz.2016.19,0,0,0,3.86,0,502.62,5,2.56,3.79,0.198279202,0.1937393956
control,take,have sex with; archaic use,"taking is primarily associated with concrete actions, such as grasping items like books or cups",http://dx.doi.org/10.15823/zz.2016.19,0,0,0,2.25,2.61,571,4.35,3.04,4.18,0.1060530413,0.1118904377
control,take,lay claim to; as of an idea,"taking is primarily associated with concrete actions, such as grasping items like books or cups",http://dx.doi.org/10.15823/zz.2016.19,0,0,0,6.6,3.66,519.25,3.73,2.81,3.13,0.190271837,0.1829025795
control,take,be designed to hold or take,"taking is primarily associated with concrete actions, such as grasping items like books or cups",http://dx.doi.org/10.15823/zz.2016.19,0,0,0,4,0,524.33,5.03,3.22,2.24,0.2266739579,0.2405024157
control,take,be capable of holding or containing,"taking is primarily associated with concrete actions, such as grasping items like books or cups",http://dx.doi.org/10.15823/zz.2016.19,0,0,0,2.2,4.71,468,5.65,2.96,2.75,0.1125378646,0.1410459802
control,take,develop a habit,"taking is primarily associated with concrete actions, such as grasping items like books or cups",http://dx.doi.org/10.15823/zz.2016.19,0,0,0,4.67,0,574.5,4.88,2.32,2.36,0.1185026588,0.1287030745
control,take,proceed along in a vehicle,"taking is primarily associated with concrete actions, such as grasping items like books or cups",http://dx.doi.org/10.15823/zz.2016.19,0,0,0,4.2,0,477,4.53,3.11,1.81,0.1871456114,0.1646343408
control,take,obtain by winning,"taking is primarily associated with concrete actions, such as grasping items like books or cups",http://dx.doi.org/10.15823/zz.2016.19,0,0,0,0.33,0,539,4.78,2.91,2.5,0.241328124,0.1992378831
control,take,"be stricken by an illness, fall victim to an illness","taking is primarily associated with concrete actions, such as grasping items like books or cups",http://dx.doi.org/10.15823/zz.2016.19,0,0,0,4.44,0,426.67,5.97,3.4,3.55,0.02833953854,0.08238898031
control,channel,a path over which electrical signals can pass,carrying water through a passage,http://dx.doi.org/10.15823/zz.2016.19,0,0,0,3.86,0.2,430,3.88,3.9,2.53,0.194293852,0.1313568591
control,channel,a passage for water (or other fluids) to flow through,carrying water through a passage,http://dx.doi.org/10.15823/zz.2016.19,1,0,1,3.62,1.1,438,5.4,4.31,3.59,0.1876141429,0.1183352657
control,channel,a long narrow furrow cut either by a natural process (such as erosion) or by a tool (as e.g. a groove in a phonograph record),carrying water through a passage,http://dx.doi.org/10.15823/zz.2016.19,0,1,1,5.08,0.95,477.67,5.46,3.48,3.24,0.0942435616,0.08477397504
control,channel,a deep and relatively narrow body of water (as in a river or a harbor or a strait linking two larger bodies) that allows the best passage for vessels,carrying water through a passage,http://dx.doi.org/10.15823/zz.2016.19,0,1,1,6.12,2.15,497.24,4.82,3.71,3.09,0.1441182301,0.1314863375
control,channel,(often plural) a means of communication or access,carrying water through a passage,http://dx.doi.org/10.15823/zz.2016.19,0,0,0,5.14,0.7,492.33,5.63,2.68,3.39,0.06844907384,0.08600886203
control,channel,a bodily passage or tube lined with epithelial cells and conveying a secretion or other substance,carrying water through a passage,http://dx.doi.org/10.15823/zz.2016.19,0,0,1,4.93,0.8,539.75,4.38,3.64,3.86,0.1015576404,0.08547199869
control,channel,a television station and its programs,carrying water through a passage,http://dx.doi.org/10.15823/zz.2016.19,0,0,0,7.4,0.78,527.67,3.81,4.19,2.12,0.3884609242,0.3420012544
control,channel,a way of selling a company's product either directly or via distributors,carrying water through a passage,http://dx.doi.org/10.15823/zz.2016.19,0,0,0,5.5,0.31,493.12,4.84,2.78,2.96,0.1265057819,0.1680695661
control,channel,transmit or serve as the medium for transmission,carrying water through a passage,http://dx.doi.org/10.15823/zz.2016.19,0,1,1,6.17,4.25,508.5,3.12,3.52,3.29,0.2183499271,0.1369236256
control,channel,direct the flow of,carrying water through a passage,http://dx.doi.org/10.15823/zz.2016.19,0,0,1,3.5,7.11,508.5,4.81,2.94,2.8,0.2454182506,0.2394076362
control,channel,send from one person or place to another,carrying water through a passage,http://dx.doi.org/10.15823/zz.2016.19,0,1,0,5.83,6.33,495.4,5.81,3.51,2.44,0.03785862848,0.04741989449
control,virus,(virology) ultramicroscopic infectious agent that replicates itself only within cells of living hosts; many are pathogenic; a piece of nucleic acid (DNA or RNA) wrapped in a thin coat of protein,"Any of the various submicroscopic agents that infect living organisms, often causing disease",https://ejournals.facultas.at/index.php/fachsprache/article/download/1766/1552,1,1,1,4.2,0.72,509.92,4.52,3.43,3.45,0.1825472885,0.1796724987
control,virus,a harmful or corrupting agency,"Any of the various submicroscopic agents that infect living organisms, often causing disease",https://ejournals.facultas.at/index.php/fachsprache/article/download/1766/1552,0,0,0,4.6,0.2,426.33,5.48,2.76,3,0.09535140606,0.1420505097
control,virus,a software program capable of reproducing itself and usually capable of causing great harm to files or other programs on the same computer,"Any of the various submicroscopic agents that infect living organisms, often causing disease",https://ejournals.facultas.at/index.php/fachsprache/article/download/1766/1552,0,0,0,4,1.5,495.58,5.47,2.97,2.64,0.1307823451,0.1390019568
control,scan,the act of scanning; systematic examination of a prescribed region,"to read something very quickly, in order to get a general idea of its meaning or to find particular information, to look at something very carefully, because you hope or expect to see a particular person or thing",https://ejournals.facultas.at/index.php/fachsprache/article/download/1766/1553,0,1,1,5.57,2.34,477.14,4.36,2.94,3.79,0.2364034538,0.2198528078
control,scan,an image produced by scanning,"to read something very quickly, in order to get a general idea of its meaning or to find particular information, to look at something very carefully, because you hope or expect to see a particular person or thing",https://ejournals.facultas.at/index.php/fachsprache/article/download/1766/1553,0,0,0,5.2,2.72,513,3.85,3.21,3.43,0.3749998702,0.3243471893
control,scan,examine minutely or intensely,"to read something very quickly, in order to get a general idea of its meaning or to find particular information, to look at something very carefully, because you hope or expect to see a particular person or thing",https://ejournals.facultas.at/index.php/fachsprache/article/download/1766/1553,1,1,1,2.75,0,445.33,3.97,2.22,3.34,0.1967611794,0.1668231462
control,scan,examine hastily,"to read something very quickly, in order to get a general idea of its meaning or to find particular information, to look at something very carefully, because you hope or expect to see a particular person or thing",https://ejournals.facultas.at/index.php/fachsprache/article/download/1766/1553,0,0,1,1,0,428,3.21,2.58,3,0.2470231671,0.1457658564
control,scan,"make a wide, sweeping search of","to read something very quickly, in order to get a general idea of its meaning or to find particular information, to look at something very carefully, because you hope or expect to see a particular person or thing",https://ejournals.facultas.at/index.php/fachsprache/article/download/1766/1553,1,0,1,3.4,2.43,520,5.02,3.01,3.17,0.2174892817,0.1790629197
control,scan,conform to a metrical pattern,"to read something very quickly, in order to get a general idea of its meaning or to find particular information, to look at something very carefully, because you hope or expect to see a particular person or thing",https://ejournals.facultas.at/index.php/fachsprache/article/download/1766/1553,0,0,0,2.5,0,340.33,5.93,2.77,2.18,0.06336779706,0.0901940167
control,scan,"move a light beam over; in electronics, to reproduce an image","to read something very quickly, in order to get a general idea of its meaning or to find particular information, to look at something very carefully, because you hope or expect to see a particular person or thing",https://ejournals.facultas.at/index.php/fachsprache/article/download/1766/1553,0,0,1,4.8,1.04,534.5,4.7,3.85,3.36,0.1475243403,0.1743420785
control,scan,read metrically,"to read something very quickly, in order to get a general idea of its meaning or to find particular information, to look at something very carefully, because you hope or expect to see a particular person or thing",https://ejournals.facultas.at/index.php/fachsprache/article/download/1766/1553,0,0,0,4.5,,530.5,3.7,2.96,3.01,0.1539793783,0.1375107635
control,scan,obtain data from magnetic tapes,"to read something very quickly, in order to get a general idea of its meaning or to find particular information, to look at something very carefully, because you hope or expect to see a particular person or thing",https://ejournals.facultas.at/index.php/fachsprache/article/download/1766/1553,0,0,0,3.75,0,445.67,4.42,3.44,2.88,0.1473082248,0.1762883551
control,remove,degree of figurative distance or separation;  or,to take something or someone away from a place,https://ejournals.facultas.at/index.php/fachsprache/article/download/1766/1555,0,0,0,5.33,0.3,573.6,4.1,2.63,3.47,0.066565983,0.1225396674
control,remove,"remove something concrete, as by lifting, pushing, or taking off, or remove something abstract",to take something or someone away from a place,https://ejournals.facultas.at/index.php/fachsprache/article/download/1766/1555,1,1,1,3.1,3.64,516.85,5.29,2.93,3.57,0.09959192947,0.1225227583
control,remove,remove from a position or an office,to take something or someone away from a place,https://ejournals.facultas.at/index.php/fachsprache/article/download/1766/1555,0,0,0,6.6,,522.33,4.13,3.56,2.46,0.03051843983,0.05552558042
control,remove,dispose of,to take something or someone away from a place,https://ejournals.facultas.at/index.php/fachsprache/article/download/1766/1555,0,0,1,4,0,559,5.3,3.59,2.9,0.5199635029,0.449457407
control,remove,cause to leave,to take something or someone away from a place,https://ejournals.facultas.at/index.php/fachsprache/article/download/1766/1555,0,0,0,2,0,443,4.78,2.48,1.74,0.2311730236,0.2625249252
control,remove,"shift the position or location of, as for business, legal, educational, or military purposes",to take something or someone away from a place,https://ejournals.facultas.at/index.php/fachsprache/article/download/1766/1555,0,0,0,5,,507.92,5.02,2.64,3.43,0.03947040334,0.07962227869
control,remove,go away or leave,to take something or someone away from a place,https://ejournals.facultas.at/index.php/fachsprache/article/download/1766/1555,0,0,0,2.25,0,290,3.99,2.64,2.4,0.3086296767,0.23915304
control,remove,kill intentionally and with premeditation,to take something or someone away from a place,https://ejournals.facultas.at/index.php/fachsprache/article/download/1766/1555,0,0,0,4,0,476,4.09,2.76,2.28,0.06762582079,0.1632621586
control,remove,get rid of something abstract,to take something or someone away from a place,https://ejournals.facultas.at/index.php/fachsprache/article/download/1766/1555,0,0,0,0.67,0,499,3.49,1.94,3.54,0.2606386431,0.2219609297
control,code,a set of rules or principles or laws (especially written ones),"a system of words, numbers, or signs used for sending secret messages, a complicated system of rules, relationships, or instructions (the genetic code)",https://ejournals.facultas.at/index.php/fachsprache/article/download/1766/1556,1,0,1,6.2,0.26,475.38,5.15,2.97,3.41,0.1836044046,0.1743508714
control,code,a coding system used for transmitting messages requiring brevity or secrecy,"a system of words, numbers, or signs used for sending secret messages, a complicated system of rules, relationships, or instructions (the genetic code)",https://ejournals.facultas.at/index.php/fachsprache/article/download/1766/1556,1,1,1,4.7,0.73,407,4.32,2.8,3.05,0.2336349739,0.2266975241
control,code,(computer science) the symbolic arrangement of data or instructions in a computer program or the set of such instructions,"a system of words, numbers, or signs used for sending secret messages, a complicated system of rules, relationships, or instructions (the genetic code)",https://ejournals.facultas.at/index.php/fachsprache/article/download/1766/1556,0,0,1,5.53,1.65,399.3,5.05,3.48,3.35,0.180895935,0.1486031331
control,code,attach a code to,"a system of words, numbers, or signs used for sending secret messages, a complicated system of rules, relationships, or instructions (the genetic code)",https://ejournals.facultas.at/index.php/fachsprache/article/download/1766/1556,0,0,1,4,0,566.5,3.75,3.16,3.84,0.01017126348,0.07981091738
control,code,convert ordinary language into code,"a system of words, numbers, or signs used for sending secret messages, a complicated system of rules, relationships, or instructions (the genetic code)",https://ejournals.facultas.at/index.php/fachsprache/article/download/1766/1556,0,1,1,6,0,531.5,5.21,2.47,3.58,0.09970394336,0.1236867843
control,infected,communicate a disease to,"someone who is infected has a disease that can be spread from one person to another, containing bacteria or other substances that cause disease",https://ejournals.facultas.at/index.php/fachsprache/article/download/1766/1558,1,0,1,6,0,432,5.16,3.44,4,0.2859386317,0.3302743509
control,infected,contaminate with a disease or microorganism,"someone who is infected has a disease that can be spread from one person to another, containing bacteria or other substances that cause disease",https://ejournals.facultas.at/index.php/fachsprache/article/download/1766/1558,1,1,1,6.8,11.53,500.33,5.04,3.42,3.77,0.4382900894,0.3503493766
control,infected,corrupt with ideas or an ideology,"someone who is infected has a disease that can be spread from one person to another, containing bacteria or other substances that cause disease",https://ejournals.facultas.at/index.php/fachsprache/article/download/1766/1558,0,0,0,6.6,10.78,523.33,3.86,1.75,2.11,0.06694363151,0.07986972605
control,infected,affect in a contagious way,"someone who is infected has a disease that can be spread from one person to another, containing bacteria or other substances that cause disease",https://ejournals.facultas.at/index.php/fachsprache/article/download/1766/1558,0,0,0,5,0,360.67,4.08,2.33,2.91,0.2511116515,0.2040360893
control,infected,containing or resulting from disease-causing organisms,"someone who is infected has a disease that can be spread from one person to another, containing bacteria or other substances that cause disease",https://ejournals.facultas.at/index.php/fachsprache/article/download/1766/1558,1,1,1,3.75,,511.25,5.62,3.14,2.69,0.1566982611,0.1793865201
control,file,a set of related records (either written or electronic) kept together,"a set of papers, documents, or records that you keep because they contain information; line, row, chain, string, column, queue, procession",https://ejournals.facultas.at/index.php/fachsprache/article/download/1766/1560,1,1,1,2.5,0.87,516.2,5,3.1,3.19,0.1186582232,0.1039103509
control,file,a line of persons or things ranged one behind the other,"a set of papers, documents, or records that you keep because they contain information; line, row, chain, string, column, queue, procession",https://ejournals.facultas.at/index.php/fachsprache/article/download/1766/1560,0,,0,4.22,2.41,438.83,4.83,3.7,3.86,0.04045785638,0.03084855558
control,file,office furniture consisting of a container for keeping papers in order,"a set of papers, documents, or records that you keep because they contain information; line, row, chain, string, column, queue, procession",https://ejournals.facultas.at/index.php/fachsprache/article/download/1766/1560,0,1,0,5.56,1.97,474.71,5.22,4.1,3.4,0.1224150102,0.1131346508
control,file,a steel hand tool with small sharp teeth on some or all of its surfaces; used for smoothing wood or metal,"a set of papers, documents, or records that you keep because they contain information; line, row, chain, string, column, queue, procession",https://ejournals.facultas.at/index.php/fachsprache/article/download/1766/1560,0,1,0,4.56,1.84,519.17,4.1,4.18,2.71,0.0300578369,0.01902953226
control,file,record in a public office or in a court of law,"a set of papers, documents, or records that you keep because they contain information; line, row, chain, string, column, queue, procession",https://ejournals.facultas.at/index.php/fachsprache/article/download/1766/1560,0,0,1,6.6,,485.6,4.55,3.71,2.39,0.218137458,0.1541399553
control,file,smooth with a file,"a set of papers, documents, or records that you keep because they contain information; line, row, chain, string, column, queue, procession",https://ejournals.facultas.at/index.php/fachsprache/article/download/1766/1560,0,1,0,5,,512.5,5.21,4.11,2.32,0.0428731367,0.02686389163
control,file,proceed in line,"a set of papers, documents, or records that you keep because they contain information; line, row, chain, string, column, queue, procession",https://ejournals.facultas.at/index.php/fachsprache/article/download/1766/1560,0,0,0,3,1.85,503,3.26,3.52,4,0.110788241,0.1795195304
control,file,file a formal charge against,"a set of papers, documents, or records that you keep because they contain information; line, row, chain, string, column, queue, procession",https://ejournals.facultas.at/index.php/fachsprache/article/download/1766/1560,0,0,0,6.67,8.73,525.67,4.97,3.36,2.61,0.1279117651,0.217278637
control,file,place in a container for keeping records,"a set of papers, documents, or records that you keep because they contain information; line, row, chain, string, column, queue, procession",https://ejournals.facultas.at/index.php/fachsprache/article/download/1766/1560,0,1,1,5.83,2.88,492.75,5.3,3.67,2.21,0.1543357228,0.07753601694
control,reconstruct,reassemble mentally,to build something again,https://ejournals.facultas.at/index.php/fachsprache/article/download/1766/1562,0,0,0,1,0,522.5,6.47,2.43,2.57,0.31478291,0.2950930595
control,reconstruct,build again,to build something again,https://ejournals.facultas.at/index.php/fachsprache/article/download/1766/1562,1,0,1,0.5,2.94,578,6.46,3.71,3.82,0.5051093698,0.4334930182
control,reconstruct,cause somebody to adapt or reform socially or politically,to build something again,https://ejournals.facultas.at/index.php/fachsprache/article/download/1766/1562,0,0,0,3,0.97,477,4.88,2.4,2.52,0.1191940069,0.1112021916
control,reconstruct,return to its original or usable and functioning condition,to build something again,https://ejournals.facultas.at/index.php/fachsprache/article/download/1766/1562,0,1,0,4.57,0,481.8,5.62,2.3,2.86,0.1690571889,0.1868905336
control,reconstruct,"do over, as of (part of) a house",to build something again,https://ejournals.facultas.at/index.php/fachsprache/article/download/1766/1562,0,0,1,5,0,361.4,5.84,4.14,3.77,0.0772335995,0.1410298012
control,harvest,the yield from plants in a single growing season,process of period of gathering in crops.,http://dx.doi.org/10.6007/IJARBSS/v13-i11/19483,1,1,1,5.86,0.48,532.6,5,3.43,2.8,0.2400510751,0.1952172101
control,harvest,the consequence of an effort or activity,process of period of gathering in crops.,http://dx.doi.org/10.6007/IJARBSS/v13-i11/19483,0,0,0,7,0.98,477,4.54,2.56,4.03,0.07521521424,0.105730628
control,harvest,the gathering of a ripened crop,process of period of gathering in crops.,http://dx.doi.org/10.6007/IJARBSS/v13-i11/19483,1,1,1,6,3.58,542.33,4.38,3.82,2.55,0.4583419164,0.4256032507
control,harvest,the season for gathering crops,process of period of gathering in crops.,http://dx.doi.org/10.6007/IJARBSS/v13-i11/19483,1,1,0,5,4.25,514.33,4.58,3.65,3.28,0.453601708,0.3757876456
control,harvest,"gather, as of natural products",process of period of gathering in crops.,http://dx.doi.org/10.6007/IJARBSS/v13-i11/19483,1,1,1,5.5,,474.25,5.93,2.92,3.58,0.1871910548,0.1615388542
control,harvest,"remove from a culture or a living or dead body, as for the purposes of transplantation",process of period of gathering in crops.,http://dx.doi.org/10.6007/IJARBSS/v13-i11/19483,0,0,0,6.42,0,458.88,5.11,3.15,2.52,0.06766274811,0.1080983587
control,planting,the act of fixing firmly in place,putting a seed or plant in the ground so that it can grow,http://dx.doi.org/10.6007/IJARBSS/v13-i11/19483,0,0,0,3.6,1.46,535.25,4.77,2.79,3.24,0.09290873018,0.1193798371
control,planting,a collection of plants (trees or shrubs or flowers) in a particular area,putting a seed or plant in the ground so that it can grow,http://dx.doi.org/10.6007/IJARBSS/v13-i11/19483,0,1,1,6.33,0.33,493.43,4.99,3.95,3.88,0.248792771,0.2659015006
control,planting,putting seeds or young plants in the ground to grow,putting a seed or plant in the ground so that it can grow,http://dx.doi.org/10.6007/IJARBSS/v13-i11/19483,0,1,1,3.12,0,522.5,4.72,4.09,3.58,0.3377793804,0.2393007254
control,planting,"put or set (seeds, seedlings, or plants) into the ground",putting a seed or plant in the ground so that it can grow,http://dx.doi.org/10.6007/IJARBSS/v13-i11/19483,1,1,1,4.5,5.8,517.67,5.6,4.03,3.88,0.3683900634,0.268235676
control,planting,fix or set securely or deeply,putting a seed or plant in the ground so that it can grow,http://dx.doi.org/10.6007/IJARBSS/v13-i11/19483,0,0,0,3.67,0,558.25,3.79,2.8,3.03,0.04901716998,0.07643401208
control,planting,set up or lay the groundwork for,putting a seed or plant in the ground so that it can grow,http://dx.doi.org/10.6007/IJARBSS/v13-i11/19483,0,0,0,4.8,3.25,528.67,5.13,3.36,2.48,0.177222381,0.1521627828
control,planting,place into a river,putting a seed or plant in the ground so that it can grow,http://dx.doi.org/10.6007/IJARBSS/v13-i11/19483,0,0,0,5.33,0,497.5,5.56,4.18,3.37,0.05282676453,0.1065283716
control,planting,place something or someone in a certain position in order to secretly observe or deceive,putting a seed or plant in the ground so that it can grow,http://dx.doi.org/10.6007/IJARBSS/v13-i11/19483,0,0,0,4.23,2.27,510.89,4.58,2.49,3.48,0.02982000207,0.09582562082
control,planting,put firmly in the mind,putting a seed or plant in the ground so that it can grow,http://dx.doi.org/10.6007/IJARBSS/v13-i11/19483,0,0,0,4,0,502,4.57,2.44,3.32,0.07832707899,0.1115430271
control,elude,"escape, either physically or mentally",escape from or avoid,http://dx.doi.org/10.6007/IJARBSS/v13-i11/19483,1,1,1,2,0,512.4,4.99,2.39,2.95,0.1545207825,0.1834882824
control,elude,be incomprehensible to; escape understanding by,escape from or avoid,http://dx.doi.org/10.6007/IJARBSS/v13-i11/19483,0,0,0,0.6,4.63,568,2.78,2.2,3.65,0.277788305,0.2390877226
control,elude,"avoid or try to avoid fulfilling, answering, or performing (duties, questions, or issues)",escape from or avoid,http://dx.doi.org/10.6007/IJARBSS/v13-i11/19483,0,0,0,4.58,0,482,5.27,2.49,3.69,0.1754515744,0.1365704245
control,pain,a symptom of some physical hurt or disorder,highly unpleasant physical sensation caused by illness or injury; mental suffering or distress,Doi: 10.4025/actascilangcult.v38i4.29503,1,1,1,4.71,1.72,508.75,5.31,3.3,2.58,0.3189149685,0.2956526689
control,pain,emotional distress; a fundamental feeling that people try to avoid,highly unpleasant physical sensation caused by illness or injury; mental suffering or distress,Doi: 10.4025/actascilangcult.v38i4.29503,0,0,1,3.75,1.44,468.62,5.03,2.48,3.42,0.1836992099,0.1977113681
control,pain,a somatic sensation of acute discomfort,highly unpleasant physical sensation caused by illness or injury; mental suffering or distress,Doi: 10.4025/actascilangcult.v38i4.29503,0,0,1,7,0.6,468.5,3.58,2.36,2.34,0.3953011967,0.3669692948
control,pain,a bothersome annoying person,highly unpleasant physical sensation caused by illness or injury; mental suffering or distress,Doi: 10.4025/actascilangcult.v38i4.29503,0,0,0,6,0.27,539,4.96,2.96,2.62,0.1796410953,0.1922369699
control,pain,something or someone that causes trouble; a source of unhappiness,highly unpleasant physical sensation caused by illness or injury; mental suffering or distress,Doi: 10.4025/actascilangcult.v38i4.29503,0,0,0,6.29,0.55,538.29,4.21,2.45,3.67,0.1816920315,0.1929615966
control,pain,cause bodily suffering to and make sick or indisposed,highly unpleasant physical sensation caused by illness or injury; mental suffering or distress,Doi: 10.4025/actascilangcult.v38i4.29503,1,1,1,2.57,1.63,476.33,5.99,2.48,2.59,0.2009758957,0.2055397198
control,pain,cause emotional anguish or make miserable,highly unpleasant physical sensation caused by illness or injury; mental suffering or distress,Doi: 10.4025/actascilangcult.v38i4.29503,0,0,1,2.17,4.68,501,5.3,2.29,2.62,0.2695082093,0.2634761743
control,harness,a support consisting of an arrangement of straps for holding something to the body (especially one supporting a person suspended from a parachute),to put a harness on a horse or other draught anima,oai:DiVA.org:su-171437,0,1,1,5.31,1.07,496.29,5.07,3.18,3.62,0.104200902,0.1235681974
control,harness,stable gear consisting of an arrangement of leather straps fitted to a draft animal so that it can be attached to and pull a cart,to put a harness on a horse or other draught anima,oai:DiVA.org:su-171437,1,1,1,5.37,1.39,462.18,4.87,3.78,2.93,0.1956381831,0.1545656077
control,harness,put a harness,to put a harness on a horse or other draught anima,oai:DiVA.org:su-171437,1,1,1,5.5,0,551,5.22,3.32,2.35,0.1846425086,0.1478799433
control,harness,exploit the power of,to put a harness on a horse or other draught anima,oai:DiVA.org:su-171437,0,0,0,2,4.74,420.5,5.74,1.86,3.23,0.2684757113,0.3121056408
control,harness,control and direct with or as if by reins,to put a harness on a horse or other draught anima,oai:DiVA.org:su-171437,0,0,0,3,5.71,597,6.08,2.04,3.67,0.2379322879,0.1719816948
control,harness,keep in check,to put a harness on a horse or other draught anima,oai:DiVA.org:su-171437,0,0,0,4.33,1e+300,500,3.94,3.24,3,0.09376905113,0.1326708365
control,impact,the striking of one body against another,the force with which one object hits another.,https://doi.org/10.1515/ijdlg-2024-0016,1,0,1,4,1.02,467.5,4.85,3.58,2.7,0.05499818898,0.0616525095
control,impact,a forceful consequence; a strong effect,the force with which one object hits another.,https://doi.org/10.1515/ijdlg-2024-0016,0,0,0,5.17,2.06,486.2,4.96,2.41,4.04,0.3564909771,0.3128905557
control,impact,influencing strongly,the force with which one object hits another.,https://doi.org/10.1515/ijdlg-2024-0016,0,0,0,1,,559.5,3.43,2.39,2.57,0.2796523012,0.1911062561
control,impact,the violent interaction of individuals or groups entering into combat,the force with which one object hits another.,https://doi.org/10.1515/ijdlg-2024-0016,0,1,0,5,2.13,475,5.35,3.44,2.97,0.07894404636,0.113840978
control,impact,press or wedge together; pack together,the force with which one object hits another.,https://doi.org/10.1515/ijdlg-2024-0016,0,1,1,2.67,2.76,478.33,4.36,3.52,3.49,0.05509428941,0.03037868105
control,impact,have an effect upon,the force with which one object hits another.,https://doi.org/10.1515/ijdlg-2024-0016,0,0,0,4.33,0,540.5,5.43,2.32,2.9,0.3897644728,0.3586010039
control,comply,"act in accordance with someone's rules, commands, or wishes","to obey a rule or law, or to do what someone asks you to do, which in the context of war refers to the relationship between a commander and subordinates, or between the military and captives",https://doi.org/10.1515/ijdlg-2024-0016,1,1,1,3.88,0,496,4.61,2.41,3.41,0.2548226801,0.1711942609
control,interact,act together or towards others or with others,"if two or more people interact, or if one person interacts with another, they communicate with one another and react to one another, often while performing an activity together, meaning that both parties involved in the interaction are natural persons",https://doi.org/10.1515/ijdlg-2024-0016,1,1,1,4.75,0,498.6,4.17,2.66,2.61,0.1838592526,0.1453470115
control,robust,"sturdy and strong in form, constitution, or construction",..a robust person. who is strong and healthy,https://doi.org/10.1515/ijdlg-2024-0016,1,1,1,4.71,,467.29,5.48,3.22,3.46,0.368238017,0.2808958195
control,robust,marked by richness and fullness of flavor,..a robust person. who is strong and healthy,https://doi.org/10.1515/ijdlg-2024-0016,0,0,0,4,,371,4.8,3.01,3.12,0.06402258889,0.1016558153
control,robust,strong enough to withstand or overcome intellectual challenges or adversity,..a robust person. who is strong and healthy,https://doi.org/10.1515/ijdlg-2024-0016,0,0,0,4.33,,434.83,4.49,2.04,3.42,0.2519834393,0.2158569044
control,robust,rough and crude,..a robust person. who is strong and healthy,https://doi.org/10.1515/ijdlg-2024-0016,0,0,1,0,,469.5,6.66,2.9,3.87,0.2337757498,0.1766674891
control,resilience,the physical property of a material that can return to its original shape or position after deformation that does not exceed its elastic limit,"someone.s ability to become healthy, happy, or strong again after an illness, disappointment, or other problem.",https://doi.org/10.1515/ijdlg-2024-0016,,1,1,4.53,0.54,537.09,4.87,3,2.67,0.1297186186,0.1022062228
control,resilience,an occurrence of rebounding or springing back,"someone.s ability to become healthy, happy, or strong again after an illness, disappointment, or other problem.",https://doi.org/10.1515/ijdlg-2024-0016,,0,1,5.17,0.4,509.5,5.11,3.5,3.52,0.1236116546,0.1500573289
control,far,a terrorist organization that seeks to overthrow the government dominated by Tutsi and to institute Hutu control again,far used to talk about distance,"ISSN:.1860-7349,.1860-7330",0,0,0,5.46,0.97,465.22,4.87,2.77,2.84,0.01515427756,0.0534971945
control,far,located at a great distance in time or space or degree,far used to talk about distance,"ISSN:.1860-7349,.1860-7330",1,1,0,5.27,,503.83,5.29,2.92,3.54,0.2080150358,0.1521013069
control,far,being of a considerable distance or length,far used to talk about distance,"ISSN:.1860-7349,.1860-7330",1,0,1,3.67,,446.67,4.38,3.13,2.4,0.3110381812,0.1653330103
control,far,being the animal or vehicle on the right or being on the right side of an animal or vehicle,far used to talk about distance,"ISSN:.1860-7349,.1860-7330",0,0,0,3.27,,471.57,3.9,4.16,2.34,0.06374284944,0.1071691077
control,far,beyond a norm in opinion or actions,far used to talk about distance,"ISSN:.1860-7349,.1860-7330",0,0,0,5.57,,480,3.92,2.15,2.73,0.2047605658,0.1944279671
control,far,to a considerable degree; very much,far used to talk about distance,"ISSN:.1860-7349,.1860-7330",0,0,0,2.4,,522.5,4.3,2.28,3.57,0.257008329,0.2801254739
control,far,at or to or from a great distance in space,far used to talk about distance,"ISSN:.1860-7349,.1860-7330",1,1,1,6.12,,483.33,5.39,2.84,3.52,0.2665667608,0.181288374
control,far,at or to a certain point or degree,far used to talk about distance,"ISSN:.1860-7349,.1860-7330",0,0,0,6.43,,478.33,3.67,2.69,3.78,0.1112813763,0.1472107346
control,far,remote in time,far used to talk about distance,"ISSN:.1860-7349,.1860-7330",0,0,0,4.33,,578.5,4.93,3.26,3.81,0.3196263537,0.1468706243
control,far,to an advanced stage or point,far used to talk about distance,"ISSN:.1860-7349,.1860-7330",0,0,0,6.4,,497.67,4.13,3.29,2.83,0.1433213813,0.1551138759
control,build,constitution of the human body,to make something by putting bricks or other materials togethe,https://doi.org/10.35516/hum.v49i5.3468,0,0,0,6.33,0.3,517.33,5.74,4.32,3.93,0.1117993345,0.03596259064
control,build,alternative names for the body of a human being,to make something by putting bricks or other materials togethe,https://doi.org/10.35516/hum.v49i5.3468,0,0,0,4.83,0.78,480.25,5.38,3.92,3.16,0.06127468171,0.0799698073
control,build,make by combining materials and parts,to make something by putting bricks or other materials togethe,https://doi.org/10.35516/hum.v49i5.3468,1,1,1,3.8,6.63,383,5.72,3.34,2.84,0.1569528361,0.2133059818
control,build,form or accumulate steadily,to make something by putting bricks or other materials togethe,https://doi.org/10.35516/hum.v49i5.3468,0,0,0,3.25,0,490,3.68,2.83,3.18,0.1680652679,0.1976155713
control,build,build or establish something abstract,to make something by putting bricks or other materials togethe,https://doi.org/10.35516/hum.v49i5.3468,0,0,0,3.33,8.41,521,4.85,2.24,3.33,0.2485594973,0.2680143661
control,build,improve the cleansing action of,to make something by putting bricks or other materials togethe,https://doi.org/10.35516/hum.v49i5.3468,0,0,0,1.67,0,532,3.38,2.48,2.3,0.1363991462,0.1812730767
control,build,"order, supervise, or finance the construction of",to make something by putting bricks or other materials togethe,https://doi.org/10.35516/hum.v49i5.3468,0,0,1,6.6,8.67,525.83,5.79,3.09,3.59,0.1847437941,0.2099365517
control,build,"give form to, according to a plan",to make something by putting bricks or other materials togethe,https://doi.org/10.35516/hum.v49i5.3468,0,0,0,2.6,0,500.4,4.79,2.75,3.36,0.1626176457,0.2005573143
control,build,be engaged in building,to make something by putting bricks or other materials togethe,https://doi.org/10.35516/hum.v49i5.3468,0,0,1,2.25,3.81,493.5,5.63,3.5,2.71,0.2753411566,0.2784866448
control,build,found or ground,to make something by putting bricks or other materials togethe,https://doi.org/10.35516/hum.v49i5.3468,0,0,0,3.67,0,477.5,4.58,3.65,4.29,0.1636279859,0.1240053587
control,build,bolster or strengthen,to make something by putting bricks or other materials togethe,https://doi.org/10.35516/hum.v49i5.3468,0,0,0,4,1.46,538.5,5.03,2.19,2.14,0.2970851734,0.4296589643
control,build,develop and grow,to make something by putting bricks or other materials togethe,https://doi.org/10.35516/hum.v49i5.3468,0,0,0,3,2.65,542,4.82,2.45,3.13,0.5031419396,0.5565244257
control,duck,small wild or domesticated web-footed broad-billed swimming bird usually having a depressed body and short legs,"any of various small aquatic birds of the family Anatidae, typically having short legs, webbed feet, and a broad blunt bill: order anseriformes.",DOI: 10.13189/lls.2016.040508,1,1,1,4.5,0.7,474.17,5.06,3.52,3.09,0.1160223976,0.190518851
control,duck,(cricket) a score of nothing by a batsman,"any of various small aquatic birds of the family Anatidae, typically having short legs, webbed feet, and a broad blunt bill: order anseriformes.",DOI: 10.13189/lls.2016.040508,0,,0,6.14,0.9,535.17,5.57,3.45,4.02,0.05990235554,0.1617092211
control,duck,flesh of a duck (domestic or wild),"any of various small aquatic birds of the family Anatidae, typically having short legs, webbed feet, and a broad blunt bill: order anseriformes.",DOI: 10.13189/lls.2016.040508,0,1,0,4.8,1.65,497.5,5.02,3.61,3.48,0.1241795346,0.1933073923
control,duck,a heavy cotton fabric of plain weave; used for clothing and tents,"any of various small aquatic birds of the family Anatidae, typically having short legs, webbed feet, and a broad blunt bill: order anseriformes.",DOI: 10.13189/lls.2016.040508,0,1,0,4.11,1.35,455.75,4.82,3.79,3.21,0.05318254221,0.1079380726
control,duck,to move (the head or body) quickly downwards or away,"any of various small aquatic birds of the family Anatidae, typically having short legs, webbed feet, and a broad blunt bill: order anseriformes.",DOI: 10.13189/lls.2016.040508,0,0,0,3.12,0,393.62,4.89,3.48,2.78,0.02647802971,0.1113354713
control,duck,submerge or plunge suddenly,"any of various small aquatic birds of the family Anatidae, typically having short legs, webbed feet, and a broad blunt bill: order anseriformes.",DOI: 10.13189/lls.2016.040508,0,0,0,3.5,1.85,502,5.61,2.76,3.35,0.119198675,0.1546642631
control,duck,dip into a liquid,"any of various small aquatic birds of the family Anatidae, typically having short legs, webbed feet, and a broad blunt bill: order anseriformes.",DOI: 10.13189/lls.2016.040508,0,1,0,4,0,406,3.66,4.47,2.9,0.1234134748,0.1364336647
control,duck,"avoid or try to avoid fulfilling, answering, or performing (duties, questions, or issues)","any of various small aquatic birds of the family Anatidae, typically having short legs, webbed feet, and a broad blunt bill: order anseriformes.",DOI: 10.13189/lls.2016.040508,0,0,0,4.58,0,482,5.27,2.49,3.69,0.03330768448,0.0879865535
control,duck,small wild or domesticated web-footed broad-billed swimming bird usually having a depressed body and short legs,to submerge or plunge suddenly and often briefly under water,DOI: 10.13189/lls.2016.040508,0,1,1,4.5,0.7,474.17,5.06,3.52,3.09,0.1160223976,0.190518851
control,duck,(cricket) a score of nothing by a batsman,to submerge or plunge suddenly and often briefly under water,DOI: 10.13189/lls.2016.040508,0,,0,6.14,0.9,535.17,5.57,3.45,4.02,0.05990235554,0.1617092211
control,duck,flesh of a duck (domestic or wild),to submerge or plunge suddenly and often briefly under water,DOI: 10.13189/lls.2016.040508,0,1,0,4.8,1.65,497.5,5.02,3.61,3.48,0.1241795346,0.1933073923
control,duck,a heavy cotton fabric of plain weave; used for clothing and tents,to submerge or plunge suddenly and often briefly under water,DOI: 10.13189/lls.2016.040508,0,1,0,4.11,1.35,455.75,4.82,3.79,3.21,0.05318254221,0.1079380726
control,duck,to move (the head or body) quickly downwards or away,to submerge or plunge suddenly and often briefly under water,DOI: 10.13189/lls.2016.040508,0,0,0,3.12,0,393.62,4.89,3.48,2.78,0.02647802971,0.1113354713
control,duck,submerge or plunge suddenly,to submerge or plunge suddenly and often briefly under water,DOI: 10.13189/lls.2016.040508,1,0,0,3.5,1.85,502,5.61,2.76,3.35,0.119198675,0.1546642631
control,duck,dip into a liquid,to submerge or plunge suddenly and often briefly under water,DOI: 10.13189/lls.2016.040508,0,1,0,4,0,406,3.66,4.47,2.9,0.1234134748,0.1364336647
control,duck,"avoid or try to avoid fulfilling, answering, or performing (duties, questions, or issues)",to submerge or plunge suddenly and often briefly under water,DOI: 10.13189/lls.2016.040508,0,0,0,4.58,0,482,5.27,2.49,3.69,0.03330768448,0.0879865535
guided,mark,a number or letter indicating quality (especially of a student's performance),"a printed or written symbol that is not a letter or a number, to leave a mark on a surface by pressing an object onto it",https://doi.org/10.1075/msw.22016.sme,0,?,1,6,0.4,511.1,5.41,3.24,3.32,0.1015854612,0.08971628547
guided,mark,a distinguishing symbol,a printed or written symbol that is not a letter or a number,https://doi.org/10.1075/msw.22016.sme,0,0,1,5.33,2.67,437,4.9,2.43,2.1,0.2976302207,0.1088359039
guided,mark,a reference point to shoot at,a printed or written symbol that is not a letter or a number,https://doi.org/10.1075/msw.22016.sme,0,1,1,5.6,0.4,513.33,4.42,3.25,2.59,0.1860908344,0.2005849977
guided,mark,a visible indication made on a surface,a printed or written symbol that is not a letter or a number,https://doi.org/10.1075/msw.22016.sme,0,1,1,4.14,0.6,507.75,4.91,2.96,3.34,0.1958729103,0.1563843396
guided,mark,the impression created by doing something unusual or extraordinary that people notice and remember,a printed or written symbol that is not a letter or a number,https://doi.org/10.1075/msw.22016.sme,0,0,0,2.1,0.4,472.25,4.61,2.7,2.8,0.07662771561,0.09163225791
guided,mark,a symbol of disgrace or infamy; --Genesis,a printed or written symbol that is not a letter or a number,https://doi.org/10.1075/msw.22016.sme,0,0,0,7,1.43,524.17,4.12,2.32,3,0.1633692781,0.1262131641
guided,mark,formerly the basic unit of money in Germany,a printed or written symbol that is not a letter or a number,https://doi.org/10.1075/msw.22016.sme,0,1,1,4,1.22,490.6,4.39,3.12,3.08,0.03951877635,0.0122439269
guided,mark,Apostle and companion of Saint Peter; assumed to be the author of the second Gospel,a printed or written symbol that is not a letter or a number,https://doi.org/10.1075/msw.22016.sme,0,?,1,4.56,5.26,448.78,4.68,3.29,3.49,0.08942535613,0.06614952185
guided,mark,a person who is gullible and easy to take advantage of,a printed or written symbol that is not a letter or a number,https://doi.org/10.1075/msw.22016.sme,0,0,0,4.62,0.27,514.6,5.29,2.73,3.25,0.01858884027,0.08615977913
guided,mark,a written or printed symbol (as for punctuation),a printed or written symbol that is not a letter or a number,https://doi.org/10.1075/msw.22016.sme,1,?,1,5.43,1.07,502,5.92,3.73,3.55,0.2370351963,0.08929243986
guided,mark,a perceptible indication of something not immediately apparent (as a visible clue that something has happened),a printed or written symbol that is not a letter or a number,https://doi.org/10.1075/msw.22016.sme,0,0,0,3.58,1.75,497.36,4.6,2.21,3.83,0.1505645708,0.0959803787
guided,mark,the shortest of the four Gospels in the New Testament,a printed or written symbol that is not a letter or a number,https://doi.org/10.1075/msw.22016.sme,0,0,1,3.33,4.38,501.4,4.02,3.37,2.69,0.04553267267,0.08972192965
guided,mark,an indication of damage,a printed or written symbol that is not a letter or a number,https://doi.org/10.1075/msw.22016.sme,0,0,,7.33,0.6,487,4.29,2.58,3.23,0.1853325497,0.108898174
guided,mark,a marking that consists of lines that cross each other,a printed or written symbol that is not a letter or a number,https://doi.org/10.1075/msw.22016.sme,0,1,1,4.86,2.84,402.75,4.6,4.24,3.48,0.2337509152,0.2742665531
guided,mark,something that exactly succeeds in achieving its goal,a printed or written symbol that is not a letter or a number,https://doi.org/10.1075/msw.22016.sme,0,0,0,3.83,0.73,453.2,4.64,2.33,3.54,0.1164753035,0.1510275558
guided,mark,attach a tag or label to,a printed or written symbol that is not a letter or a number,https://doi.org/10.1075/msw.22016.sme,0,1,1,4.2,4.74,537.67,3.95,4.01,2.8,0.268834504,0.1091671772
guided,mark,designate as if by a mark,a printed or written symbol that is not a letter or a number,https://doi.org/10.1075/msw.22016.sme,0,0,0,4.75,3.35,560,5.07,3.68,2.18,0.2597151399,0.1157648489
guided,mark,"be a distinctive feature, attribute, or trait; sometimes in a very positive sense",a printed or written symbol that is not a letter or a number,https://doi.org/10.1075/msw.22016.sme,0,1,0,4.46,0,459.2,4.85,2.35,3.88,0.1078378734,0.09170010012
guided,mark,mark by some ceremony or observation,a printed or written symbol that is not a letter or a number,https://doi.org/10.1075/msw.22016.sme,0,0,1,4.2,,514.67,5.88,3.3,2.9,0.08165629208,0.1117462367
guided,mark,make or leave a mark on,a printed or written symbol that is not a letter or a number,https://doi.org/10.1075/msw.22016.sme,0,0,1,4.6,0,494.33,6.57,3.14,2.25,0.1135204881,0.1985556856
guided,mark,to accuse or condemn or openly or formally or brand as disgraceful,a printed or written symbol that is not a letter or a number,https://doi.org/10.1075/msw.22016.sme,0,0,0,4.36,3.06,403.67,4.64,2.14,2.76,0.1056137212,0.07693744389
guided,mark,notice or perceive,a printed or written symbol that is not a letter or a number,https://doi.org/10.1075/msw.22016.sme,0,1,0,3.33,4.14,537,5.92,2.51,3.17,0.1279676966,0.07801396586
guided,mark,mark with a scar,a printed or written symbol that is not a letter or a number,https://doi.org/10.1075/msw.22016.sme,0,0,1,7,9.13,539,6.26,4.47,1.9,0.2740771174,0.1339761615
guided,mark,make small marks into the surface of,a printed or written symbol that is not a letter or a number,https://doi.org/10.1075/msw.22016.sme,0,0,1,6,4.01,486.75,5.78,3.59,2.83,0.07485309926,0.1284289826
guided,mark,establish as the highest level or best performance,a printed or written symbol that is not a letter or a number,https://doi.org/10.1075/msw.22016.sme,0,0,,3.71,0,537.6,5.62,2.44,2.72,0.06988704931,0.1882952511
guided,mark,make underscoring marks,a printed or written symbol that is not a letter or a number,https://doi.org/10.1075/msw.22016.sme,0,0,,5,2.97,526.33,5.66,3.44,2.8,0.1616075709,0.1883638352
guided,mark,remove from a list,a printed or written symbol that is not a letter or a number,https://doi.org/10.1075/msw.22016.sme,0,0,,4.67,0,411,6.13,3.78,2.91,0.06031572446,0.09099348914
guided,mark,put a check mark on or near or next to,a printed or written symbol that is not a letter or a number,https://doi.org/10.1075/msw.22016.sme,0,0,,4.5,8.81,551.2,5.74,3.23,3,0.08853397425,0.1578958686
guided,mark,"assign a grade or rank to, according to one's evaluation",a printed or written symbol that is not a letter or a number,https://doi.org/10.1075/msw.22016.sme,0,0,,3.5,4.28,516.75,5.15,2.89,3.23,0.1228656812,0.1045846525
guided,mark,insert punctuation marks into,a printed or written symbol that is not a letter or a number,https://doi.org/10.1075/msw.22016.sme,0,0,,4.67,4.57,555,5.8,3.51,3.21,0.2079834379,0.06166403648
guided,mark,a number or letter indicating quality (especially of a student's performance),to leave a mark on a surface by pressing an object onto it,https://doi.org/10.1075/msw.22016.sme,0,,,6,0.4,511.1,5.41,3.24,3.32,0.1015854612,0.08971628547
guided,mark,a distinguishing symbol,to leave a mark on a surface by pressing an object onto it,https://doi.org/10.1075/msw.22016.sme,0,,,5.33,2.67,437,4.9,2.43,2.1,0.2976302207,0.1088359039
guided,mark,a reference point to shoot at,to leave a mark on a surface by pressing an object onto it,https://doi.org/10.1075/msw.22016.sme,0,,,5.6,0.4,513.33,4.42,3.25,2.59,0.1860908344,0.2005849977
guided,mark,a visible indication made on a surface,to leave a mark on a surface by pressing an object onto it,https://doi.org/10.1075/msw.22016.sme,0,,,4.14,0.6,507.75,4.91,2.96,3.34,0.1958729103,0.1563843396
guided,mark,the impression created by doing something unusual or extraordinary that people notice and remember,to leave a mark on a surface by pressing an object onto it,https://doi.org/10.1075/msw.22016.sme,0,,,2.1,0.4,472.25,4.61,2.7,2.8,0.07662771561,0.09163225791
guided,mark,a symbol of disgrace or infamy; --Genesis,to leave a mark on a surface by pressing an object onto it,https://doi.org/10.1075/msw.22016.sme,0,,,7,1.43,524.17,4.12,2.32,3,0.1633692781,0.1262131641
guided,mark,formerly the basic unit of money in Germany,to leave a mark on a surface by pressing an object onto it,https://doi.org/10.1075/msw.22016.sme,0,,,4,1.22,490.6,4.39,3.12,3.08,0.03951877635,0.0122439269
guided,mark,Apostle and companion of Saint Peter; assumed to be the author of the second Gospel,to leave a mark on a surface by pressing an object onto it,https://doi.org/10.1075/msw.22016.sme,0,,,4.56,5.26,448.78,4.68,3.29,3.49,0.08942535613,0.06614952185
guided,mark,a person who is gullible and easy to take advantage of,to leave a mark on a surface by pressing an object onto it,https://doi.org/10.1075/msw.22016.sme,0,,,4.62,0.27,514.6,5.29,2.73,3.25,0.01858884027,0.08615977913
guided,mark,a written or printed symbol (as for punctuation),to leave a mark on a surface by pressing an object onto it,https://doi.org/10.1075/msw.22016.sme,0,,,5.43,1.07,502,5.92,3.73,3.55,0.2370351963,0.08929243986
guided,mark,a perceptible indication of something not immediately apparent (as a visible clue that something has happened),to leave a mark on a surface by pressing an object onto it,https://doi.org/10.1075/msw.22016.sme,0,,,3.58,1.75,497.36,4.6,2.21,3.83,0.1505645708,0.0959803787
guided,mark,the shortest of the four Gospels in the New Testament,to leave a mark on a surface by pressing an object onto it,https://doi.org/10.1075/msw.22016.sme,0,,,3.33,4.38,501.4,4.02,3.37,2.69,0.04553267267,0.08972192965
guided,mark,an indication of damage,to leave a mark on a surface by pressing an object onto it,https://doi.org/10.1075/msw.22016.sme,0,,,7.33,0.6,487,4.29,2.58,3.23,0.1853325497,0.108898174
guided,mark,a marking that consists of lines that cross each other,to leave a mark on a surface by pressing an object onto it,https://doi.org/10.1075/msw.22016.sme,0,,,4.86,2.84,402.75,4.6,4.24,3.48,0.2337509152,0.2742665531
guided,mark,something that exactly succeeds in achieving its goal,to leave a mark on a surface by pressing an object onto it,https://doi.org/10.1075/msw.22016.sme,0,,,3.83,0.73,453.2,4.64,2.33,3.54,0.1164753035,0.1510275558
guided,mark,attach a tag or label to,to leave a mark on a surface by pressing an object onto it,https://doi.org/10.1075/msw.22016.sme,0,,,4.2,4.74,537.67,3.95,4.01,2.8,0.268834504,0.1091671772
guided,mark,designate as if by a mark,to leave a mark on a surface by pressing an object onto it,https://doi.org/10.1075/msw.22016.sme,0,,,4.75,3.35,560,5.07,3.68,2.18,0.2597151399,0.1157648489
guided,mark,"be a distinctive feature, attribute, or trait; sometimes in a very positive sense",to leave a mark on a surface by pressing an object onto it,https://doi.org/10.1075/msw.22016.sme,0,,,4.46,0,459.2,4.85,2.35,3.88,0.1078378734,0.09170010012
guided,mark,mark by some ceremony or observation,to leave a mark on a surface by pressing an object onto it,https://doi.org/10.1075/msw.22016.sme,0,,,4.2,,514.67,5.88,3.3,2.9,0.08165629208,0.1117462367
guided,mark,make or leave a mark on,to leave a mark on a surface by pressing an object onto it,https://doi.org/10.1075/msw.22016.sme,1,,,4.6,0,494.33,6.57,3.14,2.25,0.1135204881,0.1985556856
guided,mark,to accuse or condemn or openly or formally or brand as disgraceful,to leave a mark on a surface by pressing an object onto it,https://doi.org/10.1075/msw.22016.sme,0,,,4.36,3.06,403.67,4.64,2.14,2.76,0.1056137212,0.07693744389
guided,mark,notice or perceive,to leave a mark on a surface by pressing an object onto it,https://doi.org/10.1075/msw.22016.sme,0,,,3.33,4.14,537,5.92,2.51,3.17,0.1279676966,0.07801396586
guided,mark,mark with a scar,to leave a mark on a surface by pressing an object onto it,https://doi.org/10.1075/msw.22016.sme,0,,,7,9.13,539,6.26,4.47,1.9,0.2740771174,0.1339761615
guided,mark,make small marks into the surface of,to leave a mark on a surface by pressing an object onto it,https://doi.org/10.1075/msw.22016.sme,1,,,6,4.01,486.75,5.78,3.59,2.83,0.07485309926,0.1284289826
guided,mark,establish as the highest level or best performance,to leave a mark on a surface by pressing an object onto it,https://doi.org/10.1075/msw.22016.sme,0,,0,3.71,0,537.6,5.62,2.44,2.72,0.06988704931,0.1882952511
guided,mark,make underscoring marks,to leave a mark on a surface by pressing an object onto it,https://doi.org/10.1075/msw.22016.sme,0,,1,5,2.97,526.33,5.66,3.44,2.8,0.1616075709,0.1883638352
guided,mark,remove from a list,to leave a mark on a surface by pressing an object onto it,https://doi.org/10.1075/msw.22016.sme,0,,1,4.67,0,411,6.13,3.78,2.91,0.06031572446,0.09099348914
guided,mark,put a check mark on or near or next to,to leave a mark on a surface by pressing an object onto it,https://doi.org/10.1075/msw.22016.sme,0,,1,4.5,8.81,551.2,5.74,3.23,3,0.08853397425,0.1578958686
guided,mark,"assign a grade or rank to, according to one's evaluation",to leave a mark on a surface by pressing an object onto it,https://doi.org/10.1075/msw.22016.sme,0,,1,3.5,4.28,516.75,5.15,2.89,3.23,0.1228656812,0.1045846525
guided,mark,insert punctuation marks into,to leave a mark on a surface by pressing an object onto it,https://doi.org/10.1075/msw.22016.sme,0,,1,4.67,4.57,555,5.8,3.51,3.21,0.2079834379,0.06166403648
guided,great,a person who has achieved distinction and honor in some field,physical size of something or someone,DOI:10.17227/01234870.32FOLIOS125.140,0,0,0,4.9,0.23,495,5.45,3.18,3.44,0.0474042993,0.1369657725
guided,great,relatively large in size or number or extent; larger than others of its kind,physical size of something or someone,DOI:10.17227/01234870.32FOLIOS125.140,1,1,1,3.82,,528,5.04,2.46,3.44,0.2161532543,0.1721133214
guided,great,of major significance or importance,physical size of something or someone,DOI:10.17227/01234870.32FOLIOS125.140,0,0,0,5.5,,528.67,4.7,1.86,3.5,0.2105951756,0.2453775356
guided,great,remarkable or out of the ordinary in degree or magnitude or effect,physical size of something or someone,DOI:10.17227/01234870.32FOLIOS125.140,0,0,0,4.2,,538.6,4.48,2.18,3.37,0.1726735097,0.1740767159
guided,great,very good,physical size of something or someone,DOI:10.17227/01234870.32FOLIOS125.140,0,0,0,0,,552,6.68,1.64,1.55,0.5914800763,0.7291510105
guided,great,uppercase,physical size of something or someone,DOI:10.17227/01234870.32FOLIOS125.140,0,0,0,0,,274,6.91,3.65,4.6,0.1140807867,0.01610067859
guided,great,in an advanced stage of pregnancy,physical size of something or someone,DOI:10.17227/01234870.32FOLIOS125.140,0,0,1,5,,507,4.23,3.59,2.36,0.05009170125,0.05733294024
guided,power,possession of controlling influence,physical force or strength,DOI:10.17227/01234870.32FOLIOS125.140,0,0,0,3,2.3,516,4.81,2.54,3.34,0.2865676433,0.2265750617
guided,power,(physics) the rate of doing work; measured in watts (= joules/second),physical force or strength,DOI:10.17227/01234870.32FOLIOS125.140,0,1,1,2.57,0.8,479,5.47,3.13,3.59,0.1421053924,0.1494433191
guided,power,possession of the qualities (especially mental qualities) required to do something or get something done,physical force or strength,DOI:10.17227/01234870.32FOLIOS125.140,0,0,0,3.2,0.45,493.75,5.14,2.07,3.89,0.07271745317,0.07922375053
guided,power,(of a government or government official) holding an office means being in power,physical force or strength,DOI:10.17227/01234870.32FOLIOS125.140,0,0,0,6.09,1.28,436.5,5.64,3.16,3.42,0.1262685731,0.1310984085
guided,power,one possessing or exercising power or influence or authority,physical force or strength,DOI:10.17227/01234870.32FOLIOS125.140,0,0,0,5.12,2.02,465,5.16,2.51,3.05,0.2779078126,0.2193985805
guided,power,a mathematical notation indicating the number of times a quantity is multiplied by itself,physical force or strength,DOI:10.17227/01234870.32FOLIOS125.140,0,?,0,4.64,0.6,517.14,4.38,3.06,3.38,0.04287077859,0.07664916775
guided,power,physical strength,physical force or strength,DOI:10.17227/01234870.32FOLIOS125.140,1,1,1,3,3.89,547,4.22,3.14,1.93,0.3466631547,0.2415810004
guided,power,a state powerful enough to influence events throughout the world,physical force or strength,DOI:10.17227/01234870.32FOLIOS125.140,0,0,0,4.5,0.95,490.71,4.46,2.64,2.74,0.1632738199,0.1698483941
guided,power,a very wealthy or powerful businessman,physical force or strength,DOI:10.17227/01234870.32FOLIOS125.140,0,0,0,3.83,3.01,533.67,3.9,3.12,3.24,0.1664920974,0.1568563351
guided,power,supply the force or power for the functioning of,physical force or strength,DOI:10.17227/01234870.32FOLIOS125.140,0,1,1,5.5,,440.75,4.76,2.82,3.85,0.3076996605,0.2747329225
guided,tired,lose interest or become bored with something or somebody,need to rest or sleep,DOI:10.17227/01234870.32FOLIOS125.140,,0,0,4.57,0.9,491.67,4.47,2.22,2.87,0.1523195753,0.2643304827
guided,tired,exhaust or get tired through overuse or great strain or stress,need to rest or sleep,DOI:10.17227/01234870.32FOLIOS125.140,,1,1,4.9,0,478.86,4.41,2.57,2.81,0.160895433,0.2138354058
guided,tired,deplete,need to rest or sleep,DOI:10.17227/01234870.32FOLIOS125.140,,0,0,4,8.19,462,5.55,2.89,2.5,0.1683643311,0.09068126231
guided,tired,cause to be bored,need to rest or sleep,DOI:10.17227/01234870.32FOLIOS125.140,,0,0,0,3.33,498.5,3.94,2.28,2,0.318556725,0.343219284
guided,tired,depleted of strength or energy,need to rest or sleep,DOI:10.17227/01234870.32FOLIOS125.140,,0,1,6,,392,5.7,3.04,3.22,0.2025132577,0.172192509
guided,tired,repeated too often; overfamiliar through overuse,need to rest or sleep,DOI:10.17227/01234870.32FOLIOS125.140,,0,0,0.67,,513.6,4.05,2.6,3.38,0.1679653153,0.2448541299
guided,year,a period of time containing 365 (or 366) days,"indicates a long period of time encompassing several calendar years. The most basic meaning of year is the cyclical period of time in which the earth completes a full revolution around the sun, consisting of 365 or 366 days",DOI:10.1080/10926480709336752,1,1,1,6,1.1,483.25,5.72,3.43,3.1,0.3328057183,0.3160006194
guided,year,a period of time occupying a regular part of a calendar year that is used for some particular activity,"indicates a long period of time encompassing several calendar years. The most basic meaning of year is the cyclical period of time in which the earth completes a full revolution around the sun, consisting of 365 or 366 days",DOI:10.1080/10926480709336752,1,0,0,5.14,0.86,475,4.69,3.06,3.25,0.183171782,0.1730363141
guided,year,"the period of time that it takes for a planet (as, e.g., Earth or Mars) to make a complete revolution around the sun","indicates a long period of time encompassing several calendar years. The most basic meaning of year is the cyclical period of time in which the earth completes a full revolution around the sun, consisting of 365 or 366 days",DOI:10.1080/10926480709336752,1,1,1,5.35,0.51,498.75,5.44,3.23,3.33,0.1291072631,0.1227323063
guided,year,a body of students who graduate together,"indicates a long period of time encompassing several calendar years. The most basic meaning of year is the cyclical period of time in which the earth completes a full revolution around the sun, consisting of 365 or 366 days",DOI:10.1080/10926480709336752,0,0,0,5.5,0.98,522.75,5.31,3.88,2.8,0.1419187007,0.1495719552
guided,Gandhi,daughter of Nehru who served as prime minister of India from 1966 to 1977 (1917-1984),"The proper name refers to a specific, uniquely identifiable individual in a particular historical and geographical context.",DOI:10.1080/10926480709336752,1,1,1,4.88,2.23,480.73,4.9,3.83,3.53,,0.2239070998
guided,Gandhi,political and spiritual leader during India's struggle with Great Britain for home rule; an advocate of passive resistance (1869-1948),"The proper name refers to a specific, uniquely identifiable individual in a particular historical and geographical context.",DOI:10.1080/10926480709336752,1,1,1,5.31,1.56,483.76,4.73,2.74,3.21,,0.1566494107
guided,struggle,an energetic attempt to achieve something,"The basic meaning of the verb to struggle is to use one.s physical strength against someone or something,",DOI:10.1080/10926480709336752,0,0,0,2.5,0.6,465,4.3,2.29,3.95,0.1254113419,0.1767022945
guided,struggle,an open clash between two opposing groups (or individuals); --Thomas Paine,"The basic meaning of the verb to struggle is to use one.s physical strength against someone or something,",DOI:10.1080/10926480709336752,0,0,1,4.73,0.46,479.83,5.46,3.33,3.57,0.1366677595,0.1417156968
guided,struggle,strenuous effort,"The basic meaning of the verb to struggle is to use one.s physical strength against someone or something,",DOI:10.1080/10926480709336752,0,0,0,3.5,,541,5.06,2.44,3.55,0.310795933,0.2282373421
guided,struggle,make a strenuous or labored effort,"The basic meaning of the verb to struggle is to use one.s physical strength against someone or something,",DOI:10.1080/10926480709336752,0,0,0,5.17,3.69,515.25,4.86,2.54,3.44,0.2364706591,0.2269405611
guided,struggle,to exert strenuous effort against opposition,"The basic meaning of the verb to struggle is to use one.s physical strength against someone or something,",DOI:10.1080/10926480709336752,1,0,0,3.25,2.55,456.5,5.24,2.39,3.77,0.2870965004,0.2369531114
guided,struggle,"climb awkwardly, as if by scrambling","The basic meaning of the verb to struggle is to use one.s physical strength against someone or something,",DOI:10.1080/10926480709336752,0,1,1,0.6,9.28,428.25,5.19,2.95,3.66,0.1795668999,0.2395980358
guided,struggle,be engaged in a fight; carry on a fight,"The basic meaning of the verb to struggle is to use one.s physical strength against someone or something,",DOI:10.1080/10926480709336752,0,1,1,4.11,2.44,503,4.81,3.7,2.9,0.4118411932,0.321923811
guided,convince,"make (someone) agree, understand, or realize the truth or validity of something",.convince. means to persuade a large number of people to change their views about [something],DOI:10.1080/10926480709336752,1,1,1,4.67,0,493.42,5.81,2.33,3.9,0.1987086507,0.2827435145
guided,Indians,a member of the race of people living in America when Europeans arrived,inhabitants of contemporary India,DOI:10.1080/10926480709336752,0,1,1,4.56,1.26,477.71,4.39,3.63,2.55,,0.1534368606
guided,Indians,a native or inhabitant of India,inhabitants of contemporary India,DOI:10.1080/10926480709336752,1,1,1,6,2.43,500,4.14,3.18,2.36,,0.2230569969
guided,Indians,any of the languages spoken by Amerindians,inhabitants of contemporary India,DOI:10.1080/10926480709336752,0,1,1,1.4,2.9,496,5.65,2.82,3.26,,0.2126142494
guided,fit,a display of bad temper,The adjective fit has a different meaning to do with being healthy and physically strong.,DOI:10.1080/10926480709336752,0,0,1,5.75,0.96,467.67,5.65,2.7,1.86,0.073722704,0.1428158929
guided,fit,a sudden uncontrollable attack,The adjective fit has a different meaning to do with being healthy and physically strong.,DOI:10.1080/10926480709336752,0,1,1,4.25,4.43,538.67,3.72,2.63,2.61,0.05415353458,0.04597868398
guided,fit,the manner in which something fits,The adjective fit has a different meaning to do with being healthy and physically strong.,DOI:10.1080/10926480709336752,0,0,,5,5.69,554,3.78,2.05,3.67,0.1318547949,0.1371264309
guided,fit,a sudden flurry of activity (often for no obvious reason),The adjective fit has a different meaning to do with being healthy and physically strong.,DOI:10.1080/10926480709336752,0,0,0,3.25,0.4,508.75,4.93,2.44,3.31,0.002294038578,0.06607734102
guided,fit,be agreeable or acceptable to,The adjective fit has a different meaning to do with being healthy and physically strong.,DOI:10.1080/10926480709336752,0,0,0,2.25,3.93,452,5.21,2,3.14,0.2919794992,0.2694266438
guided,fit,be the right size or shape; fit correctly or as desired,The adjective fit has a different meaning to do with being healthy and physically strong.,DOI:10.1080/10926480709336752,0,1,1,3.89,0,554.86,4.68,2.74,3.57,0.2710239545,0.2621210843
guided,fit,satisfy a condition or restriction,The adjective fit has a different meaning to do with being healthy and physically strong.,DOI:10.1080/10926480709336752,0,0,0,6.6,0,381.33,4.98,2.15,3.33,0.2106151332,0.1891116922
guided,fit,make fit,The adjective fit has a different meaning to do with being healthy and physically strong.,DOI:10.1080/10926480709336752,0,0,,2,0,493.5,6.34,2.68,3.55,0.2265060991,0.2721092403
guided,fit,insert or adjust several objects or people,The adjective fit has a different meaning to do with being healthy and physically strong.,DOI:10.1080/10926480709336752,0,1,,3.71,0,499,4.57,3.4,4.03,0.1424734375,0.1657563377
guided,fit,"be compatible, similar or consistent; coincide in their characteristics",The adjective fit has a different meaning to do with being healthy and physically strong.,DOI:10.1080/10926480709336752,0,0,0,2.88,4.7,506.86,4.48,2.32,3.57,0.27105093,0.2548528254
guided,fit,conform to some shape or size,The adjective fit has a different meaning to do with being healthy and physically strong.,DOI:10.1080/10926480709336752,0,0,1,2.6,0,476,6.02,2.7,2.53,0.4105215669,0.4041091601
guided,fit,provide with (something) usually for a specific purpose,The adjective fit has a different meaning to do with being healthy and physically strong.,DOI:10.1080/10926480709336752,0,0,1,4.6,5.16,502.57,4.97,2.06,3.28,0.1279396868,0.1642742179
guided,fit,make correspond or harmonize,The adjective fit has a different meaning to do with being healthy and physically strong.,DOI:10.1080/10926480709336752,0,0,0,3.25,0.97,530.67,5.82,2.67,2.43,0.3208582054,0.2359885971
guided,fit,meeting adequate standards for a purpose,The adjective fit has a different meaning to do with being healthy and physically strong.,DOI:10.1080/10926480709336752,0,0,0,2.6,,486.5,4.36,2.16,1.94,0.2068190216,0.1517800847
guided,fit,(usually followed by `to' or `for') on the point of or strongly disposed,The adjective fit has a different meaning to do with being healthy and physically strong.,DOI:10.1080/10926480709336752,0,0,0,3,,505.82,5.42,2.51,2.86,0.04085576911,0.08823545224
guided,fit,physically and mentally sound or healthy,The adjective fit has a different meaning to do with being healthy and physically strong.,DOI:10.1080/10926480709336752,1,0,1,1.8,,484.25,4.56,2.86,2.85,0.197118191,0.2632334232
guided,wear,impairment resulting from long use,"The basic meaning of wear in wear the mantle is defined as the first sense of the word in the Macmillan dictionary as follows: .to have something on your body as clothing, decoration or protection..",DOI:10.1080/10926480709336752,0,0,1,2.5,0.6,461.25,4.31,2.64,3.12,0.1127011818,0.09283059463
guided,wear,a covering designed to be worn on a person's body,"The basic meaning of wear in wear the mantle is defined as the first sense of the word in the Macmillan dictionary as follows: .to have something on your body as clothing, decoration or protection..",DOI:10.1080/10926480709336752,0,1,1,3.78,0,491,5.9,3.92,2.85,0.1858009573,0.2107832357
guided,wear,the act of having on your person as a covering or adornment,"The basic meaning of wear in wear the mantle is defined as the first sense of the word in the Macmillan dictionary as follows: .to have something on your body as clothing, decoration or protection..",DOI:10.1080/10926480709336752,1,1,1,5.44,0.5,533.25,5.22,3.37,3.16,0.1236878834,0.1695744675
guided,wear,be dressed in,"The basic meaning of wear in wear the mantle is defined as the first sense of the word in the Macmillan dictionary as follows: .to have something on your body as clothing, decoration or protection..",DOI:10.1080/10926480709336752,0,0,1,2,0,444,4.27,3.41,3,0.5230169296,0.4738818109
guided,wear,have on one's person,"The basic meaning of wear in wear the mantle is defined as the first sense of the word in the Macmillan dictionary as follows: .to have something on your body as clothing, decoration or protection..",DOI:10.1080/10926480709336752,0,0,1,4.75,0,452,6.37,4.34,3.33,0.02694468852,0.09382946417
guided,wear,have in one's aspect; wear an expression of one's attitude or personality,"The basic meaning of wear in wear the mantle is defined as the first sense of the word in the Macmillan dictionary as follows: .to have something on your body as clothing, decoration or protection..",DOI:10.1080/10926480709336752,0,0,0,4.6,0,465.9,5.16,2.85,3.34,0.0472890862,0.1436681462
guided,wear,deteriorate through use or stress,"The basic meaning of wear in wear the mantle is defined as the first sense of the word in the Macmillan dictionary as follows: .to have something on your body as clothing, decoration or protection..",DOI:10.1080/10926480709336752,0,1,1,5,9.47,539,4.6,2.8,3.25,0.1856230001,0.2000111341
guided,wear,have or show an appearance of,"The basic meaning of wear in wear the mantle is defined as the first sense of the word in the Macmillan dictionary as follows: .to have something on your body as clothing, decoration or protection..",DOI:10.1080/10926480709336752,0,0,,4.8,0,555,3.19,3.27,2.9,0.1350340694,0.1643366367
guided,wear,last and be usable,"The basic meaning of wear in wear the mantle is defined as the first sense of the word in the Macmillan dictionary as follows: .to have something on your body as clothing, decoration or protection..",DOI:10.1080/10926480709336752,0,,,2,0,488,3.76,2.52,2.4,0.05272895284,0.08039182425
guided,wear,go to pieces,"The basic meaning of wear in wear the mantle is defined as the first sense of the word in the Macmillan dictionary as follows: .to have something on your body as clothing, decoration or protection..",DOI:10.1080/10926480709336752,0,0,1,1,0,307.5,3.14,3.64,2.14,0.1340887994,0.1863938048
guided,wear,exhaust or get tired through overuse or great strain or stress,"The basic meaning of wear in wear the mantle is defined as the first sense of the word in the Macmillan dictionary as follows: .to have something on your body as clothing, decoration or protection..",DOI:10.1080/10926480709336752,0,0,1,4.64,1.94,478.86,4.41,2.57,2.81,0.1438410291,0.1789759706
guided,wear,put clothing on one's body,"The basic meaning of wear in wear the mantle is defined as the first sense of the word in the Macmillan dictionary as follows: .to have something on your body as clothing, decoration or protection..",DOI:10.1080/10926480709336752,0,0,1,1.6,1.36,403.6,5.81,3.92,2.88,0.2233626544,0.2341605667
guided,mantle,the cloak as a symbol of authority,"old-fashioned piece of clothing now usually only worn by people in power, such as monarchs, as a symbol of their position..",DOI:10.1080/10926480709336752,1,1,1,6,1.48,490.67,3.97,3.39,3.04,0.2747711763,0.2671012829
guided,mantle,United States baseball player (1931-1997),"old-fashioned piece of clothing now usually only worn by people in power, such as monarchs, as a symbol of their position..",DOI:10.1080/10926480709336752,0,1,1,7,1.29,467.71,5.77,4.5,3.52,0.1145827649,0.05361347413
guided,mantle,the layer of the earth between the crust and the core,"old-fashioned piece of clothing now usually only worn by people in power, such as monarchs, as a symbol of their position..",DOI:10.1080/10926480709336752,0,1,1,5,0.86,460.25,4.74,4.22,2.66,0.2329476271,0.2289673947
guided,mantle,anything that covers,"old-fashioned piece of clothing now usually only worn by people in power, such as monarchs, as a symbol of their position..",DOI:10.1080/10926480709336752,0,0,0,5,6.59,524.5,4.4,2.8,2.65,0.1683720695,0.1198207177
guided,mantle,(zoology) a protective layer of epidermis in mollusks or brachiopods that secretes a substance forming the shell,"old-fashioned piece of clothing now usually only worn by people in power, such as monarchs, as a symbol of their position..",DOI:10.1080/10926480709336752,0,1,1,5.14,2.01,468.7,4.81,3.49,3.44,0.128799068,0.1286996685
guided,mantle,shelf that projects from wall above fireplace,"old-fashioned piece of clothing now usually only worn by people in power, such as monarchs, as a symbol of their position..",DOI:10.1080/10926480709336752,0,1,1,5.4,3.44,427,4.95,4.53,3.29,0.2038474558,0.09766684612
guided,mantle,hanging cloth used as a blind (especially for a window),"old-fashioned piece of clothing now usually only worn by people in power, such as monarchs, as a symbol of their position..",DOI:10.1080/10926480709336752,0,1,1,5.67,2.06,491.5,5.26,3.62,3.32,0.09804878756,0.06263738591
guided,mantle,a sleeveless garment like a cloak but shorter,"old-fashioned piece of clothing now usually only worn by people in power, such as monarchs, as a symbol of their position..",DOI:10.1080/10926480709336752,0,1,1,4.62,2.18,544.8,4.79,3.9,3.04,0.2434652656,0.1520716701
guided,mantle,"spread over a surface, like a mantle","old-fashioned piece of clothing now usually only worn by people in power, such as monarchs, as a symbol of their position..",DOI:10.1080/10926480709336752,0,1,0,5,0,551.8,5.06,3.6,3.29,0.1397562996,0.1441937586
guided,mantle,cover like a mantle,"old-fashioned piece of clothing now usually only worn by people in power, such as monarchs, as a symbol of their position..",DOI:10.1080/10926480709336752,0,1,0,7,0,577.67,4.23,3.56,2.39,0.2227531597,0.1302605048
guided,political,involving or characteristic of politics or parties or politicians; - Daniel Goleman,,DOI:10.1080/10926480709336752,1,0,1,6.22,,514.62,4.09,2.98,3.18,0.3922882304,0.2690409645
guided,political,of or relating to your views about social relationships involving authority or power,,DOI:10.1080/10926480709336752,1,1,0,4.1,,437,5.22,2.53,2.81,0.1698832948,0.1689164639
guided,political,of or relating to the profession of governing,,DOI:10.1080/10926480709336752,,0,1,4.5,,513.67,5.81,2.52,3.58,0.192755272,0.2160816093
guided,married,a person who is married,,DOI:10.1080/10926480709336752,,1,1,8.25,0.27,517.5,6.44,3.77,4.2,0.01281745732,0.1153769642
guided,married,take in marriage,,DOI:10.1080/10926480709336752,,0,1,4.67,0,545.5,3.78,2.78,2.82,0.3865988865,0.3516575843
guided,married,perform a marriage ceremony,,DOI:10.1080/10926480709336752,,1,1,5.5,8.09,539,5.44,3.05,3.91,0.3413120794,0.3341994683
guided,married,joined in matrimony,,DOI:10.1080/10926480709336752,,0,1,4.67,,270.5,5.3,2.11,2.6,0.4862107486,0.3587909192
guided,married,of or relating to the state of marriage,,DOI:10.1080/10926480709336752,,0,0,6.25,,526,4.29,3.02,2.39,0.2692749097,0.2291437108
guided,let,a brutal terrorist group active in Kashmir; fights against India...,,DOI:10.1080/10926480709336752,,,1,5.14,0.26,490.08,4.65,3.27,2.8,-0.002644010034,0.08105673858
guided,let,a serve that strikes the net before falling into the receiver's ...,,DOI:10.1080/10926480709336752,1,,1,4.77,1.67,495.73,4.24,3.89,2.93,0.08551073695,0.133457683
guided,let,make it possible through a specific action or lack of action for...,,DOI:10.1080/10926480709336752,0,,1,4.45,0,519.5,4.23,2.22,2.53,0.1188604287,0.1945069702
guided,let,actively cause something to happen,,DOI:10.1080/10926480709336752,0,,0,1,0,477.5,3.52,2.11,2.41,0.129110679,0.220623102
guided,let,"consent to, give permission",,DOI:10.1080/10926480709336752,0,,1,4.67,5.47,535.5,4.43,2.39,3.33,0.3794051707,0.2646561116
guided,let,cause to move; cause to be in a certain position or condition,,DOI:10.1080/10926480709336752,1,,1,3.5,0,474.43,3.37,2.43,3.02,0.1458522106,0.1699940649
guided,let,leave unchanged,,DOI:10.1080/10926480709336752,0,,0,0.5,7.58,485,5.22,2.4,2.28,0.2617553268,0.2230595099
guided,let,grant use or occupation of under a term of contract,,DOI:10.1080/10926480709336752,0,,1,7,,474.2,5.89,3.39,3.32,0.1440392602,0.1061070979
guided,alone,isolated from others,,DOI:10.1080/10926480709336752,0,,1,2,,480,4.91,2.74,2.53,0.2830851153,0.2700039968
guided,alone,lacking companions or companionship,,DOI:10.1080/10926480709336752,0,,1,5.5,,425.33,4.9,3.1,3.87,0.1839627574,0.1815487444
guided,alone,exclusive of anyone or anything else,,DOI:10.1080/10926480709336752,0,,0,4.5,,391.5,5.41,1.96,3.14,0.2183164209,0.1980150249
guided,alone,radically distinctive and without equal,,DOI:10.1080/10926480709336752,0,,0,1.33,,443.25,5.11,1.99,2.96,0.1518980106,0.1588817313
guided,alone,without any others being included or involved,,DOI:10.1080/10926480709336752,1,,,2.8,,497.25,4.57,2.11,2.84,0.1835703775,0.1933617555
guided,alone,without anybody else or anything else,,DOI:10.1080/10926480709336752,0,,1,9,,424.8,4.57,1.89,3.02,0.2733507156,0.270682627
guided,become,enter or assume a certain state or condition,,DOI:10.1080/10926480709336752,0,0,0,5,0.9,488.8,5.28,2.44,2.61,0.1503223985,0.1567204334
guided,become,undergo a change or development,,DOI:10.1080/10926480709336752,0,1,,4.8,2.71,437.33,4.4,2.57,3.7,0.2243515489,0.1770985524
guided,become,come into existence,,DOI:10.1080/10926480709336752,0,0,0,3,5.65,530.5,4.07,2.13,1.71,0.2608605847,0.2168783173
guided,become,enhance the appearance of,,DOI:10.1080/10926480709336752,1,0,1,4.5,5.15,351,3.45,2.39,3.4,0.1850179881,0.1088495739
guided,premier,the person who holds the position of head of the government in the United Kingdom,,DOI:10.1080/10926480709336752,1,0,1,4.89,0.22,486.29,5.33,3.73,2.85,0.1582363632,0.1223109593
guided,premier,the person who is head of state (in several countries),,DOI:10.1080/10926480709336752,0,1,1,4.88,0.6,442.86,5.52,4.03,3.29,0.1288584184,0.1103435196
guided,premier,be performed for the first time,,DOI:10.1080/10926480709336752,0,1,1,3,0,584,4.19,2.92,3.21,0.1698551873,0.1027851428
guided,premier,perform a work for the first time,,DOI:10.1080/10926480709336752,0,1,1,3.8,0,578.75,4.87,3.1,3.3,0.1153920321,0.07566975802
guided,premier,first in rank or degree,,DOI:10.1080/10926480709336752,0,0,0,5.2,,572.33,3.33,2.87,3.55,0.2017925655,0.105946516
guided,premier,preceding all others in time,,DOI:10.1080/10926480709336752,0,1,1,3.5,,519.33,4.31,2.88,2.57,0.003986367335,0.005249069383
guided,jungle,a location marked by an intense competition and struggle for survival,"an equatorial forest area with luxuriant vegetation, often almost impenetrable",DOI:10.2478/exell-2020-0007,0,0,0,4.44,0.27,422,4.2,3.05,2.45,0.05559104365,0.08220500918
guided,jungle,a place where hoboes camp,"an equatorial forest area with luxuriant vegetation, often almost impenetrable",DOI:10.2478/exell-2020-0007,0,1,1,5.5,0.3,538,6.55,3.92,3.36,0.135756053,0.1871428291
guided,jungle,an impenetrable equatorial forest,"an equatorial forest area with luxuriant vegetation, often almost impenetrable",DOI:10.2478/exell-2020-0007,0,1,1,2.75,0.6,527.33,4.07,3.32,2.58,0.3644137283,0.3616871486
guided,swarm,a moving crowd,a swarm of bees or other insects is a large group of them flying together,DOI:10.2478/exell-2020-0008,0,0,1,4.33,0.6,527,5.06,4.17,2.3,0.349685438,0.2332940139
guided,swarm,a group of many things in the air or on the ground,a swarm of bees or other insects is a large group of them flying together,DOI:10.2478/exell-2020-0008,0,1,1,3.89,0.24,492,4.4,3.71,4.14,0.1442491584,0.1486579493
guided,swarm,"be teeming, be abuzz",a swarm of bees or other insects is a large group of them flying together,DOI:10.2478/exell-2020-0008,0,0,,0.5,3.58,562.33,4.64,,3.13,0.4614918232,0.3396141231
guided,swarm,move in large numbers,a swarm of bees or other insects is a large group of them flying together,DOI:10.2478/exell-2020-0008,0,0,1,1.75,0,531,5.43,3.31,2.64,0.1370764896,0.1748253256
guided,plague,a serious (sometimes fatal) infection of rodents caused by Yersinia pestis and accidentally transmitted to humans by the bite of a flea that has bitten an infected animal,any serious disease that spreads quickly to a lot of people and usually ends in death,DOI:10.2478/exell-2020-0009,0,1,1,4.67,2.28,445.35,5.21,3.56,2.99,0.2117637739,0.2166700228
guided,plague,any epidemic disease with a high death rate,any serious disease that spreads quickly to a lot of people and usually ends in death,DOI:10.2478/exell-2020-0009,1,1,1,4.43,2.73,529.8,3.88,3.27,3.62,0.2762877007,0.2256197929
guided,plague,a swarm of insects that attack plants,any serious disease that spreads quickly to a lot of people and usually ends in death,DOI:10.2478/exell-2020-0009,0,1,1,5.8,2.14,510,4.41,4.15,2.42,0.1649346254,0.2060324906
guided,plague,any large scale calamity (especially when thought to be sent by God),any serious disease that spreads quickly to a lot of people and usually ends in death,DOI:10.2478/exell-2020-0009,0,0,0,1.6,4.75,461.78,5.61,2.6,3.52,0.08950426802,0.138030698
guided,plague,an annoyance,any serious disease that spreads quickly to a lot of people and usually ends in death,DOI:10.2478/exell-2020-0009,0,0,0,7,0.3,570,6.41,2.14,2.64,0.2602231801,0.2037993968
guided,plague,cause to suffer a blight,any serious disease that spreads quickly to a lot of people and usually ends in death,DOI:10.2478/exell-2020-0009,1,1,0,3.25,3.96,495.67,4.16,2.51,2.75,0.3076234857,0.3220350991
guided,plague,annoy continually or chronically,any serious disease that spreads quickly to a lot of people and usually ends in death,DOI:10.2478/exell-2020-0009,1,0,0,2.5,7.29,446,4.82,1.99,3.13,0.1294810039,0.1377078096
guided,locust,migratory grasshoppers of warm regions having short antennae,"a type of grasshopper that flies over wide areas in very large groups called swarms, often destroying crops",DOI:10.2478/exell-2020-0010,0,1,1,3.29,0.53,445.5,5.87,3.27,3.2,0.1427926351,0.1800225135
guided,locust,hardwood from any of various locust trees,"a type of grasshopper that flies over wide areas in very large groups called swarms, often destroying crops",DOI:10.2478/exell-2020-0010,1,1,1,2.5,8.5,548,5.22,4.14,3.12,0.1218687038,0.2105040203
guided,locust,any of various hardwood trees of the family Leguminosae,"a type of grasshopper that flies over wide areas in very large groups called swarms, often destroying crops",DOI:10.2478/exell-2020-0010,0,1,1,3.83,0.27,544,5,4,2.66,0.08745503915,0.1585597898
guided,horde,a vast multitude,"a large (moving) group of animals, typically one considered as dangerous or destructive.",https://doi.org/10.5539/ijel.v13n4p1,0,0,1,5,5.25,611.5,3,2.26,3.05,0.3390651643,0.262159355
guided,horde,a nomadic community,"a large (moving) group of animals, typically one considered as dangerous or destructive.",https://doi.org/10.5539/ijel.v13n4p1,0,0,1,5.33,0.3,548,3.3,2.96,2.19,0.2076461315,0.1017770963
guided,horde,a moving crowd,"a large (moving) group of animals, typically one considered as dangerous or destructive.",https://doi.org/10.5539/ijel.v13n4p1,0,1,1,4.33,0.6,527,5.06,4.17,2.3,0.287272064,0.1878074743
guided,underground,a secret group organized to overthrow a government or occupation force,below the surface of the ground,DOI:10.1007/978-94-024-0881-2_39,0,0,0,6.2,0.51,497.43,5.51,2.98,2.73,0.06682412845,0.1351016073
guided,underground,an electric railway operating below the surface of the ground (usually in a city),below the surface of the ground,DOI:10.1007/978-94-024-0881-2_39,0,1,1,4.27,2.04,503.78,5.85,3.93,3.77,0.2174422352,0.2159001146
guided,underground,under the level of the ground,below the surface of the ground,DOI:10.1007/978-94-024-0881-2_39,1,1,1,1,,467.5,6.06,3.82,3.47,0.238016434,0.1314712092
guided,underground,conducted with or marked by hidden aims or methods,below the surface of the ground,DOI:10.1007/978-94-024-0881-2_39,1,0,0,4.5,,416.8,3.83,3.15,2.87,0.1022666428,0.1161960775
guided,underground,in or into hiding or secret operation,below the surface of the ground,DOI:10.1007/978-94-024-0881-2_39,0,0,0,5.17,,510.67,5.55,2.82,2.52,0.2206149921,0.255971988
guided,underground,beneath the surface of the earth,below the surface of the ground,DOI:10.1007/978-94-024-0881-2_39,1,1,1,1.67,,487.67,5.52,4.06,2.96,0.3033110599,0.2959444622
guided,designed,make or work out a plan for; devise,to make a drawing or plan of something that will be made or built. This is about an act,DOI:10.1007/978-94-024-0881-2_40,0,0,0,3.29,3.97,491.4,4.69,2.89,3.61,0.2416581325,0.162854651
guided,designed,plan something for a specific role or purpose or effect,to make a drawing or plan of something that will be made or built. This is about an act,DOI:10.1007/978-94-024-0881-2_40,0,0,0,6.5,0,436.5,4.8,2.15,3.15,0.1905366283,0.1489378878
guided,designed,create the design for; create or execute in an artistic or highly skilled manner,to make a drawing or plan of something that will be made or built. This is about an act,DOI:10.1007/978-94-024-0881-2_40,0,1,1,2.75,2.12,532.44,4.22,2.4,3.37,0.2395488461,0.1893724077
guided,designed,"make a design of; plan out in systematic, often graphic form",to make a drawing or plan of something that will be made or built. This is about an act,DOI:10.1007/978-94-024-0881-2_40,0,1,1,2.9,6.22,500,4.48,2.88,3.18,0.2395042585,0.1541430791
guided,designed,create designs,to make a drawing or plan of something that will be made or built. This is about an act,DOI:10.1007/978-94-024-0881-2_40,0,0,1,1,4.6,487.5,4.9,2.94,2.91,0.4478363991,0.3780296445
guided,designed,conceive or fashion in the mind; invent,to make a drawing or plan of something that will be made or built. This is about an act,DOI:10.1007/978-94-024-0881-2_40,0,0,1,3.67,1.75,542.4,3.98,2.66,3.88,0.193026511,0.1282417867
guided,designed,intend or have as a purpose,to make a drawing or plan of something that will be made or built. This is about an act,DOI:10.1007/978-94-024-0881-2_40,0,0,0,6,3.29,495,3.67,1.62,1.77,0.349247396,0.314408198
guided,designed,done or made or performed with purpose and intent; - Havelock Ellis,to make a drawing or plan of something that will be made or built. This is about an act,DOI:10.1007/978-94-024-0881-2_40,0,0,0,4.44,,526.89,4.01,1.89,3.02,0.2911432952,0.1488999617
guided,attract,direct toward itself or oneself by means of some psychological power or physical attributes,To make something move near someone or something (MM3),DOI:10.1007/978-94-024-0881-2_41,0,0,0,3.2,0,486.86,4.21,2.54,3.04,0.04677874956,0.07781999255
guided,attract,be attractive to,To make something move near someone or something (MM3),DOI:10.1007/978-94-024-0881-2_41,0,0,0,0,0,507,2.64,2.64,3.3,0.4865902066,0.4301510453
guided,attract,exert a force on (a body) causing it to approach or prevent it from moving away,To make something move near someone or something (MM3),DOI:10.1007/978-94-024-0881-2_41,0,1,1,4,0.73,469,5.7,2.86,3.16,0.1165487273,0.1410822351
guided,month,one of the twelve divisions of the calendar year,"one of the 12 periods that a year is divided into, such as January, February etc",uk.bl.ethos.589185,0,1,1,5,1.92,529,5.78,3.65,2.79,0.3299480662,0.3300140232
guided,month,a time unit of approximately 30 days,"one of the 12 periods that a year is divided into, such as January, February etc",uk.bl.ethos.589185,0,1,1,4.33,2.79,541.8,3.96,3.32,2.89,0.3199085742,0.3343775384
guided,fret,agitation resulting from active worry,to worry about something continuously,uk.bl.ethos.589186,0,0,0,4,1.87,368,4.58,2.58,2.77,0.2095179029,0.2386031039
guided,fret,a spot that has been worn away by abrasion or erosion,to worry about something continuously,uk.bl.ethos.589186,0,1,1,3.6,0.72,426,4.71,3.7,2.71,0.09105180576,0.1046838611
guided,fret,an ornamental pattern consisting of repeated vertical and horizontal lines (often in relief),to worry about something continuously,uk.bl.ethos.589186,1,1,1,4,1.16,455.64,5.15,3.26,3.5,0.007115757507,0.07088948812
guided,fret,a small bar of metal across the fingerboard of a musical instrument; when the string is stopped by a finger at the metal bar it will produce a note of the desired pitch,to worry about something continuously,uk.bl.ethos.589186,1,1,1,5.32,1.23,477.06,4.86,4.04,2.96,0.09870382489,0.126935114
guided,fret,worry unnecessarily or excessively,to worry about something continuously,uk.bl.ethos.589186,0,0,0,2.75,0,472.33,6.11,2.07,2.42,0.2951807007,0.3558848252
guided,fret,be agitated or irritated,to worry about something continuously,uk.bl.ethos.589186,0,0,0,4.25,0,535,4.24,2.57,2.22,0.2704570591,0.1799759939
guided,fret,provide (a musical instrument) with frets,to worry about something continuously,uk.bl.ethos.589186,0,1,1,6.2,9.24,523.67,5.2,3.34,3.69,0.07363381243,0.1015570238
guided,fret,become or make sore by or as if by rubbing,to worry about something continuously,uk.bl.ethos.589186,0,1,1,3.67,3.39,462,5.04,2.8,3.36,0.1238065986,0.1859121583
guided,fret,cause annoyance in,to worry about something continuously,uk.bl.ethos.589186,0,0,0,4,0,501.5,4.85,2.28,2.18,0.1830659881,0.2039031386
guided,fret,gnaw into; make resentful or angry,to worry about something continuously,uk.bl.ethos.589186,0,0,,3,0,532.6,4.26,2.84,4.21,0.2270788131,0.2722949535
guided,fret,carve a pattern into,to worry about something continuously,uk.bl.ethos.589186,0,1,1,5,3.23,370.5,4.32,3.8,2.04,0.07544496143,0.1087089516
guided,fret,decorate with an interlaced design,to worry about something continuously,uk.bl.ethos.589186,0,1,1,3.5,0,440.33,4.68,3.25,2.68,0.04234994824,0.08266685282
guided,fret,be too tight; rub or press,to worry about something continuously,uk.bl.ethos.589186,1,1,1,2.33,0,451.5,3.74,4.03,3.73,0.1285933902,0.1554972362
guided,fret,cause friction,to worry about something continuously,uk.bl.ethos.589186,0,1,1,4.5,0,482,4.7,2.72,2.86,0.1600103527,0.1856710315
guided,fret,remove soil or rock,to worry about something continuously,uk.bl.ethos.589186,0,1,1,4.25,0,502.67,6.37,4.31,2.29,0.04969730228,0.07617096727
guided,fret,wear away or erode,to worry about something continuously,uk.bl.ethos.589186,0,1,1,3,0,326,4.06,3.03,2.91,0.153553122,0.2256130824
guided,speed,distance travelled per unit time,[uncountable and countable] the rate at which something moves or travels,uk.bl.ethos.589187,,1,1,1.5,0,546.8,4.6,2.96,3.45,0.1675192442,0.1968415454
guided,speed,a rate (usually rapid) at which something happens,[uncountable and countable] the rate at which something moves or travels,uk.bl.ethos.589187,,0,0,3.17,0.6,490.57,4.89,2.36,3.31,0.1882873503,0.1794853121
guided,speed,changing location rapidly,[uncountable and countable] the rate at which something moves or travels,uk.bl.ethos.589187,,1,1,2.33,2.33,469.33,3.94,2.75,2.71,0.21386417,0.1617879669
guided,speed,the ratio of the focal length to the diameter of a (camera) lens system,[uncountable and countable] the rate at which something moves or travels,uk.bl.ethos.589187,0,1,1,5.75,1.32,487,5.44,3.62,3.08,0.1418673268,0.1660813913
guided,speed,a central nervous system stimulant that increases energy and decreases appetite; used to treat narcolepsy and some forms of depression,[uncountable and countable] the rate at which something moves or travels,uk.bl.ethos.589187,1,1,1,5,1.44,480.29,4.93,2.92,3.45,0.04426838998,0.08142470182
guided,speed,move fast,[uncountable and countable] the rate at which something moves or travels,uk.bl.ethos.589187,0,1,1,0,0,482.5,3.38,3.28,2.73,0.3888901621,0.3138881549
guided,speed,move faster,[uncountable and countable] the rate at which something moves or travels,uk.bl.ethos.589187,0,1,1,0,0,549,4.83,3,3,0.3848686367,0.3002928123
guided,speed,move very fast,[uncountable and countable] the rate at which something moves or travels,uk.bl.ethos.589187,0,1,1,0,0,482.5,3.38,3.28,2.73,0.3888901621,0.3138881549
guided,speed,travel at an excessive or illegal velocity,[uncountable and countable] the rate at which something moves or travels,uk.bl.ethos.589187,1,1,1,4.29,3.7,545.75,5.02,2.64,2.7,0.2790504918,0.233114507
guided,speed,cause to move faster,[uncountable and countable] the rate at which something moves or travels,uk.bl.ethos.589187,0,1,1,0,0,510.33,4.32,2.81,2.58,0.2779431716,0.2321215893
guided,economy,the system of production and distribution and consumption,"[countable] the system by which a country.s trade, industry, and money are organized",uk.bl.ethos.589188,0,1,0,8.5,0.45,555,3.99,3,2.72,0.167465678,0.1818860564
guided,economy,the efficient use of resources,"[countable] the system by which a country.s trade, industry, and money are organized",uk.bl.ethos.589188,0,0,0,5.67,0.6,519.5,4.57,2.3,3.7,0.142740113,0.1071656762
guided,economy,frugality in the expenditure of money or resources,"[countable] the system by which a country.s trade, industry, and money are organized",uk.bl.ethos.589188,0,1,0,6,3.02,485.33,4.8,3.17,3.64,0.2573252618,0.2166259773
guided,economy,an act of economizing; reduction in cost,"[countable] the system by which a country.s trade, industry, and money are organized",uk.bl.ethos.589188,1,1,1,5,0.45,534.2,4.2,2.57,3.54,0.2047632814,0.1735653654
guided,hurtling,move with or as if with a rushing sound,"to move very quickly, especially in an uncontrolled way",uk.bl.ethos.589189,0,1,,4.67,0,480.67,4.79,3.28,2.67,0.2095201683,0.1723180115
guided,hurtling,make a thrusting forward movement,"to move very quickly, especially in an uncontrolled way",uk.bl.ethos.589189,1,1,1,4.4,5.21,463.5,6.01,3.02,2.45,0.1889309156,0.1528850429
guided,hurtling,throw forcefully,"to move very quickly, especially in an uncontrolled way",uk.bl.ethos.589189,0,1,1,1.5,3.12,397,5.83,3.36,3.17,0.2302342802,0.1619132981
guided,reverse,a relation of direct opposition,1. to start to happen or to make something happen in the opposite way OR 2. the position of the gears in a vehicle that makes it go backwards,uk.bl.ethos.589190,0,0,0,5.5,1.21,474,5.8,2.17,3.26,0.115593416,0.09600410362
guided,reverse,the gears by which the motion of a machine can be reversed,1. to start to happen or to make something happen in the opposite way OR 2. the position of the gears in a vehicle that makes it go backwards,uk.bl.ethos.589190,1,1,1,5.25,1.44,424,5.82,3.74,2.99,0.3053586911,0.2541272305
guided,reverse,an unfortunate happening that hinders or impedes; something that is thwarting or frustrating,1. to start to happen or to make something happen in the opposite way OR 2. the position of the gears in a vehicle that makes it go backwards,uk.bl.ethos.589190,0,0,0,3.9,1.34,532.12,3.51,1.91,3.41,0.09839790567,0.164088378
guided,reverse,the side of a coin or medal that does not bear the principal design,1. to start to happen or to make something happen in the opposite way OR 2. the position of the gears in a vehicle that makes it go backwards,uk.bl.ethos.589190,0,1,1,5.8,0.78,500.5,4.59,4.18,2.66,0.09683959085,0.08938061291
guided,reverse,(American football) a running play in which a back running in one direction hands the ball to a back running in the opposite direction,1. to start to happen or to make something happen in the opposite way OR 2. the position of the gears in a vehicle that makes it go backwards,uk.bl.ethos.589190,0,1,1,6.6,2.17,466.44,4.76,3.88,4.02,0.1656383353,0.1612363754
guided,reverse,turning in the opposite direction,1. to start to happen or to make something happen in the opposite way OR 2. the position of the gears in a vehicle that makes it go backwards,uk.bl.ethos.589190,0,0,1,6.25,1.39,508.33,5.67,2.59,3.16,0.376420478,0.2309218943
guided,reverse,change to the contrary,1. to start to happen or to make something happen in the opposite way OR 2. the position of the gears in a vehicle that makes it go backwards,uk.bl.ethos.589190,0,0,0,0.5,0,409.5,4.85,2.22,3.8,0.3946499377,0.3365142345
guided,reverse,turn inside out or upside down,1. to start to happen or to make something happen in the opposite way OR 2. the position of the gears in a vehicle that makes it go backwards,uk.bl.ethos.589190,0,0,1,3.5,1.46,473,4.8,3.24,2.94,0.2956142873,0.166682329
guided,reverse,rule against,1. to start to happen or to make something happen in the opposite way OR 2. the position of the gears in a vehicle that makes it go backwards,uk.bl.ethos.589190,0,0,0,7,,321,2.55,2.57,3,0.05158532411,0.181642279
guided,reverse,cancel officially,1. to start to happen or to make something happen in the opposite way OR 2. the position of the gears in a vehicle that makes it go backwards,uk.bl.ethos.589190,0,0,0,3.5,,494.5,4.69,2.01,2.7,0.1323884178,0.1487170979
guided,reverse,"reverse the position, order, relation, or condition of",1. to start to happen or to make something happen in the opposite way OR 2. the position of the gears in a vehicle that makes it go backwards,uk.bl.ethos.589190,0,0,,6.2,,513.75,5.7,2.61,3.47,0.06758899242,0.08866171772
guided,reverse,directed or moving toward the rear,1. to start to happen or to make something happen in the opposite way OR 2. the position of the gears in a vehicle that makes it go backwards,uk.bl.ethos.589190,0,1,1,2.5,,491.25,4.73,3.02,3.58,0.1721206401,0.1222450334
guided,reverse,of the transmission gear causing backward movement in a motor vehicle,1. to start to happen or to make something happen in the opposite way OR 2. the position of the gears in a vehicle that makes it go backwards,uk.bl.ethos.589190,0,1,1,5.11,,413.86,4.05,3.76,2.59,0.1619089821,0.1492761267
guided,reverse,reversed (turned backward) in order or nature or effect,1. to start to happen or to make something happen in the opposite way OR 2. the position of the gears in a vehicle that makes it go backwards,uk.bl.ethos.589190,0,0,,4.22,,438.12,5.18,2.82,3.22,0.3312663056,0.2651979933
guided,come,the thick white fluid containing spermatozoa that is ejaculated by the male genital tract,[intransitive] to move or travel to the place where you are,uk.bl.ethos.589191,0,1,1,3,1.38,437.25,5.66,4.12,2.68,-0.01930804375,0.02207297862
guided,come,"move toward, travel toward something or somebody or approach something or somebody",[intransitive] to move or travel to the place where you are,uk.bl.ethos.589191,0,1,1,4.75,1.23,468,3.92,2.83,2.92,0.1666305496,0.2424269675
guided,come,reach a destination; arrive by movement or progress,[intransitive] to move or travel to the place where you are,uk.bl.ethos.589191,0,0,1,5.12,6.06,560.83,4.31,3.3,3.17,0.2766078819,0.2213499948
guided,come,"come to pass; arrive, as in due course",[intransitive] to move or travel to the place where you are,uk.bl.ethos.589191,0,0,0,2,2.56,564.17,4.52,3.24,3.48,0.2819629349,0.1844145863
guided,come,"reach or enter a state, relation, condition, use, or position",[intransitive] to move or travel to the place where you are,uk.bl.ethos.589191,0,0,0,4.9,0,546.09,5.71,2.86,3.41,0.1254919378,0.1544470856
guided,come,to be the product or result,[intransitive] to move or travel to the place where you are,uk.bl.ethos.589191,0,0,0,4.75,0,442.5,4.47,3.51,3.1,0.1390981823,0.1347793862
guided,come,be found or available,[intransitive] to move or travel to the place where you are,uk.bl.ethos.589191,0,0,0,3,0,431.5,3.63,2.32,3.72,0.2346413881,0.1999153644
guided,come,come forth,[intransitive] to move or travel to the place where you are,uk.bl.ethos.589191,0,0,1,0,,483.5,5.65,2.55,2.5,0.3249804378,0.1675886959
guided,come,be a native of,[intransitive] to move or travel to the place where you are,uk.bl.ethos.589191,0,0,0,6.33,0,568,4.21,3.03,2.58,0.03465831652,0.05750379339
guided,come,extend or reach,[intransitive] to move or travel to the place where you are,uk.bl.ethos.589191,0,0,0,4,0,534,3.36,3.32,2.16,0.2636216655,0.2801030651
guided,come,exist or occur in a certain point in a series,[intransitive] to move or travel to the place where you are,uk.bl.ethos.589191,0,0,0,5.2,0,493.8,4.03,2.44,3.09,0.2311470672,0.221510835
guided,come,cover a certain distance,[intransitive] to move or travel to the place where you are,uk.bl.ethos.589191,0,0,1,3.25,0,483,3.1,3.03,2.8,0.05313155676,0.1582869068
guided,come,"come under, be classified or included",[intransitive] to move or travel to the place where you are,uk.bl.ethos.589191,0,0,0,3.2,0,518,5.37,2.36,3.31,0.0733252503,0.0916011082
guided,come,happen as a result,[intransitive] to move or travel to the place where you are,uk.bl.ethos.589191,1,0,0,4.25,0,402.5,3.63,2.32,2.2,0.3813440278,0.3637393862
guided,come,add up in number or quantity,[intransitive] to move or travel to the place where you are,uk.bl.ethos.589191,0,0,0,5.17,6.27,406,5.03,3.09,3.52,0.06815947158,0.1545501699
guided,come,develop into,[intransitive] to move or travel to the place where you are,uk.bl.ethos.589191,0,0,0,1,0,577,6.29,1.87,2.45,0.1830917895,0.22197707
guided,come,be received,[intransitive] to move or travel to the place where you are,uk.bl.ethos.589191,0,0,0,2,0,361,6.4,2.67,1.9,0.1970334947,0.2641820014
guided,come,come to one's mind; suggest itself,[intransitive] to move or travel to the place where you are,uk.bl.ethos.589191,0,0,0,3,0,484.5,4.14,2.75,3.34,0.1273639053,0.2300772866
guided,come,"come from; be connected by a relationship of blood, for example",[intransitive] to move or travel to the place where you are,uk.bl.ethos.589191,0,0,0,4.29,0,545.14,4.52,3.22,2.95,0.01369158342,0.0887795547
guided,come,proceed or get along,[intransitive] to move or travel to the place where you are,uk.bl.ethos.589191,0,0,0,3.25,0,506,4.19,2.36,2.28,0.3736637036,0.3351298769
guided,come,experience orgasm,[intransitive] to move or travel to the place where you are,uk.bl.ethos.589191,0,1,1,7,5.49,492,4.35,2.88,3,0.07930775173,0.1186131798
guided,come,have a certain priority,[intransitive] to move or travel to the place where you are,uk.bl.ethos.589191,0,0,0,5,0,421,2.82,1.72,3.23,0.07192435721,0.1398016438
guided,shock,the feeling of distress and disbelief that you have when something bad happens accidentally,[countable] [usually singular] something that happens unexpectedly and makes you feel very surprised and upset,uk.bl.ethos.589192,0,0,0,3.71,2.29,466.86,4.37,1.91,3.07,0.1720174812,0.2550352045
guided,shock,the violent interaction of individuals or groups entering into combat,[countable] [usually singular] something that happens unexpectedly and makes you feel very surprised and upset,uk.bl.ethos.589192,0,1,1,5,2.13,475,5.35,3.44,2.97,0.01584032031,0.04387733992
guided,shock,a reflex response to the passage of electric current through the body,[countable] [usually singular] something that happens unexpectedly and makes you feel very surprised and upset,uk.bl.ethos.589192,0,1,1,5.38,2.23,497.67,4.44,3.57,2.64,0.137155865,0.159403866
guided,shock,(pathology) bodily collapse or near collapse caused by inadequate oxygen delivery to the cells; characterized by reduced cardiac output and rapid heartbeat and circulatory insufficiency and pallor,[countable] [usually singular] something that happens unexpectedly and makes you feel very surprised and upset,uk.bl.ethos.589192,1,1,1,3.18,0.82,509.71,4.44,2.99,3.21,0.09674579635,0.1359474467
guided,shock,an instance of agitation of the earth's crust,[countable] [usually singular] something that happens unexpectedly and makes you feel very surprised and upset,uk.bl.ethos.589192,0,1,1,7.4,0.2,395.8,4.8,3.42,3.24,0.04601427389,0.04073041398
guided,shock,an unpleasant or disappointing surprise,[countable] [usually singular] something that happens unexpectedly and makes you feel very surprised and upset,uk.bl.ethos.589192,0,0,0,4,0.3,419.33,4.14,2.32,3.77,0.3617469271,0.4009087384
guided,shock,a pile of sheaves of grain set on end in a field to dry; stalks of Indian corn set up in a field,[countable] [usually singular] something that happens unexpectedly and makes you feel very surprised and upset,uk.bl.ethos.589192,0,1,1,5.74,1.03,493,3.31,4.06,2.92,-0.001639373971,0.02578394773
guided,shock,a bushy thick mass (especially hair),[countable] [usually singular] something that happens unexpectedly and makes you feel very surprised and upset,uk.bl.ethos.589192,0,1,1,3.33,0.3,464.43,5.16,3.49,3.63,0.006534420373,0.09302112088
guided,shock,a sudden jarring impact,[countable] [usually singular] something that happens unexpectedly and makes you feel very surprised and upset,uk.bl.ethos.589192,0,1,1,4,0.3,520.67,4,2.34,3.18,0.3741464218,0.3162338634
guided,shock,a mechanical damper; absorbs energy of sudden impulses,[countable] [usually singular] something that happens unexpectedly and makes you feel very surprised and upset,uk.bl.ethos.589192,0,1,1,4.71,3.07,535.17,4.45,2.87,3.85,0.2221754864,0.1891425028
guided,shock,surprise greatly; knock someone's socks off,[countable] [usually singular] something that happens unexpectedly and makes you feel very surprised and upset,uk.bl.ethos.589192,0,0,0,3.33,0,521.17,4.17,3.27,3.87,0.2162977237,0.2013748942
guided,shock,strike with disgust or revulsion,[countable] [usually singular] something that happens unexpectedly and makes you feel very surprised and upset,uk.bl.ethos.589192,0,0,0,4.75,0,457.67,3.27,2.77,3.04,0.2832781325,0.3270867666
guided,shock,strike with horror or terror,[countable] [usually singular] something that happens unexpectedly and makes you feel very surprised and upset,uk.bl.ethos.589192,0,0,0,5.25,0,452.67,4.31,3,2.24,0.251652961,0.2143458625
guided,shock,collide violently,[countable] [usually singular] something that happens unexpectedly and makes you feel very surprised and upset,uk.bl.ethos.589192,0,1,1,0,0,316.5,6.6,2.95,3.42,0.1904146746,0.1733435318
guided,shock,collect or gather into shocks,[countable] [usually singular] something that happens unexpectedly and makes you feel very surprised and upset,uk.bl.ethos.589192,0,1,1,3.5,3.57,455.33,5.63,3.36,3.02,-0.04350347444,-0.02205507271
guided,shock,subject to electrical shocks,[countable] [usually singular] something that happens unexpectedly and makes you feel very surprised and upset,uk.bl.ethos.589192,0,1,1,1,5.32,433.33,5.17,3.51,3.11,0.1114705577,0.1072261482
guided,shock,inflict a trauma upon,[countable] [usually singular] something that happens unexpectedly and makes you feel very surprised and upset,uk.bl.ethos.589192,0,0,0,6.33,0,493.33,4.01,2.77,2.65,0.2130759271,0.2326235722
guided,attack,(military) an offensive against an enemy (using weapons),the act of using weapons against an enemy in a war,https://aclanthology.org/2024.lrec-main.982/,0,1,1,6.14,1.86,471.25,5.33,2.98,3.36,0.2549841791,0.262462233
guided,attack,an offensive move in a sport or game,the act of using weapons against an enemy in a war,https://aclanthology.org/2024.lrec-main.982/,0,,1,5.25,0.36,429,3.76,3.33,2.47,0.177124483,0.2245634738
guided,attack,intense adverse criticism,the act of using weapons against an enemy in a war,https://aclanthology.org/2024.lrec-main.982/,0,0,0,1.67,2.62,559.67,4.56,2.24,2.47,0.1571718132,0.1452267741
guided,attack,ideas or actions intended to deal with a problem or situation,the act of using weapons against an enemy in a war,https://aclanthology.org/2024.lrec-main.982/,0,0,0,6,0.34,517.83,4.56,2.36,3.21,0.09341706149,0.1354358904
guided,attack,the act of attacking,the act of using weapons against an enemy in a war,https://aclanthology.org/2024.lrec-main.982/,0,,,4,0.6,469.5,5.17,2.46,4.14,0.399573721,0.3869548291
guided,attack,a decisive manner of beginning a musical tone or phrase,the act of using weapons against an enemy in a war,https://aclanthology.org/2024.lrec-main.982/,1,0,0,5.56,0.55,508.83,3.53,2.66,2.45,0.04865224411,0.09330473328
guided,attack,a sudden occurrence of an uncontrollable condition,the act of using weapons against an enemy in a war,https://aclanthology.org/2024.lrec-main.982/,0,0,0,4.83,0.6,531.5,4.47,2.22,3.3,0.1166529744,0.1472125724
guided,attack,the onset of a corrosive or destructive process (as by a chemical agent),the act of using weapons against an enemy in a war,https://aclanthology.org/2024.lrec-main.982/,0,1,1,4.91,0.57,493.88,5.16,3,3.27,0.06964477307,0.08260044238
guided,attack,strong criticism,the act of using weapons against an enemy in a war,https://aclanthology.org/2024.lrec-main.982/,0,0,0,2.5,2.62,471,6.35,2.6,2.89,0.174336195,0.1490296572
guided,attack,launch an attack or assault on; begin hostilities or start warfare with,the act of using weapons against an enemy in a war,https://aclanthology.org/2024.lrec-main.982/,1,1,1,5.9,0,479,5.4,3.05,3.52,0.2561546347,0.2167055681
guided,attack,attack in speech or writing,the act of using weapons against an enemy in a war,https://aclanthology.org/2024.lrec-main.982/,0,0,0,5,0,464,4.76,3.59,2.73,0.06881744368,0.06685521129
guided,attack,take the initiative and go on the offensive,the act of using weapons against an enemy in a war,https://aclanthology.org/2024.lrec-main.982/,0,0,0,3.8,0,499.25,3.24,2.58,2.7,0.1752386168,0.190970283
guided,attack,attack someone physically or emotionally,the act of using weapons against an enemy in a war,https://aclanthology.org/2024.lrec-main.982/,1,0,1,3,,466.75,5.18,2.9,3.18,0.06896349415,0.1183278337
guided,attack,set to work upon; turn one's energies vigorously to a task,the act of using weapons against an enemy in a war,https://aclanthology.org/2024.lrec-main.982/,1,0,0,3.5,0,471.5,4.87,3.2,3.23,0.05885653739,0.07000014017
guided,attack,begin to injure,the act of using weapons against an enemy in a war,https://aclanthology.org/2024.lrec-main.982/,0,0,1,1.5,1.46,378,4.37,3.02,3.02,0.1421557572,0.1121960022
guided,grasp,understanding of the nature or meaning or quality or magnitude of something,To seize and hold firmly with one.s hands,http://hdl.handle.net/10871/40319,0,0,0,6,0.63,524.67,3.23,2.19,3.12,0.1663651417,0.2207615934
guided,grasp,the limit of capability,To seize and hold firmly with one.s hands,http://hdl.handle.net/10871/40319,0,0,0,5,0.6,539.5,5.37,2.1,2.04,0.1213329211,0.1009819787
guided,grasp,an intellectual hold or understanding,To seize and hold firmly with one.s hands,http://hdl.handle.net/10871/40319,0,0,0,5,0.4,489,3.98,2.47,2.93,0.3470685035,0.3149529546
guided,grasp,the act of grasping,To seize and hold firmly with one.s hands,http://hdl.handle.net/10871/40319,0,0,,7,4.65,599,3.98,2.86,4.09,0.3768190928,0.3985785544
guided,grasp,hold firmly,To seize and hold firmly with one.s hands,http://hdl.handle.net/10871/40319,0,1,1,1,0,533,5.4,3,2.9,0.395834133,0.2298275307
guided,grasp,get the meaning of something,To seize and hold firmly with one.s hands,http://hdl.handle.net/10871/40319,0,0,0,3,0,530.67,2.88,2.02,3.49,0.2315404291,0.2293383777
guided,goal,the state of affairs that a plan is intended to achieve and that (when achieved) terminates behavior intended to achieve it,the net or structure that you try to get the ball into in games such as football and basketball,DOI: 10.1075/ijolc.21051.cho,0,0,0,4.54,1.14,530.5,5.01,2.48,3.61,0.2113971592,0.1457430843
guided,goal,the place designated as the end (as of a race or journey),the net or structure that you try to get the ball into in games such as football and basketball,DOI: 10.1075/ijolc.21051.cho,0,,1,5.11,0.74,437.43,5.49,3.04,3.48,0.1349793851,0.1333031312
guided,goal,game equipment consisting of the place toward which players of a game try to advance a ball or puck in order to score points,the net or structure that you try to get the ball into in games such as football and basketball,DOI: 10.1075/ijolc.21051.cho,1,1,1,5.47,2.38,501.14,4.91,3.66,3.22,0.2288008633,0.2229993809
guided,goal,a successful attempt at scoring,the net or structure that you try to get the ball into in games such as football and basketball,DOI: 10.1075/ijolc.21051.cho,0,0,1,4,0.6,455,4.39,2.38,2.67,0.3823853781,0.2886989862
guided,view,a way of regarding situations or topics etc.,".view. here is a physical one, as one can view, for example, a film or a house",DOI: 10.1075/ijolc.21051.cho,0,0,0,6.33,0.77,420.6,4.9,2.05,3.22,0.1720373698,0.1748071149
guided,view,the visual percept of a region,".view. here is a physical one, as one can view, for example, a film or a house",DOI: 10.1075/ijolc.21051.cho,0,1,1,5,2.71,485.67,4.1,2.67,3.52,0.2315406588,0.19231912
guided,view,the act of looking or seeing or observing,".view. here is a physical one, as one can view, for example, a film or a house",DOI: 10.1075/ijolc.21051.cho,0,1,1,6.83,1.07,448.25,5.14,3.09,3.14,0.2995439512,0.1841128431
guided,view,the range of the eye,".view. here is a physical one, as one can view, for example, a film or a house",DOI: 10.1075/ijolc.21051.cho,0,1,1,5,0.4,443.5,5.72,4.06,2.64,0.2440887913,0.1807108521
guided,view,a personal belief or judgment that is not founded on proof or certainty,".view. here is a physical one, as one can view, for example, a film or a house",DOI: 10.1075/ijolc.21051.cho,0,0,0,4.42,1.09,469.33,5.11,1.87,3.58,0.08115480716,0.1614011899
guided,view,a message expressing a belief about something; the expression of a belief that is held with confidence but not substantiated by positive knowledge or proof,".view. here is a physical one, as one can view, for example, a film or a house",DOI: 10.1075/ijolc.21051.cho,0,0,0,4.2,1.11,475.62,4.56,2.19,3.64,0.1165150106,0.1972826875
guided,view,purpose; the phrase `with a view to' means `with the intention of' or `for the purpose of',".view. here is a physical one, as one can view, for example, a film or a house",DOI: 10.1075/ijolc.21051.cho,0,0,0,6.29,1.25,514.42,4.61,2.16,2.67,0.08004065752,0.1365632899
guided,view,graphic art consisting of the graphic or photographic representation of a visual percept,".view. here is a physical one, as one can view, for example, a film or a house",DOI: 10.1075/ijolc.21051.cho,1,1,1,3.4,1.54,563.25,4.68,2.93,3.03,0.1857634736,0.1843891228
guided,view,the range of interest or activity that can be anticipated,".view. here is a physical one, as one can view, for example, a film or a house",DOI: 10.1075/ijolc.21051.cho,0,0,0,3.71,0,450.75,4.95,2.58,2.7,0.128825957,0.172012914
guided,view,outward appearance,".view. here is a physical one, as one can view, for example, a film or a house",DOI: 10.1075/ijolc.21051.cho,0,1,1,2,5.81,511,4.28,2.68,3.6,0.1839126162,0.1237610206
guided,view,deem to be,".view. here is a physical one, as one can view, for example, a film or a house",DOI: 10.1075/ijolc.21051.cho,0,0,0,2,2.71,594,3.35,2.1,3.17,0.2492571473,0.2707458138
guided,view,look at carefully; study mentally,".view. here is a physical one, as one can view, for example, a film or a house",DOI: 10.1075/ijolc.21051.cho,0,0,1,1.6,0,484.6,4.2,2.68,3.35,0.203505801,0.1590765072
guided,view,see or watch,".view. here is a physical one, as one can view, for example, a film or a house",DOI: 10.1075/ijolc.21051.cho,0,1,1,3.67,6.98,454.5,4.32,3.91,2.75,0.4466622472,0.3271793425
guided,course,education imparted in a series of lessons or meetings,an area of land or water where a race takes place,DOI: 10.1075/ijolc.21051.cho,0,0,1,6.38,1.08,547.25,5.5,3.05,2.13,0.2370334804,0.2258300185
guided,course,a connected series of events or actions or developments,an area of land or water where a race takes place,DOI: 10.1075/ijolc.21051.cho,0,0,0,6.38,0.26,521.2,4.36,2.71,2.36,0.1308992378,0.1653772771
guided,course,general line of orientation,an area of land or water where a race takes place,DOI: 10.1075/ijolc.21051.cho,0,0,0,8,0.43,415.67,3.79,2.85,3.94,0.186777031,0.141309491
guided,course,a mode of action,an area of land or water where a race takes place,DOI: 10.1075/ijolc.21051.cho,0,0,0,7,0.73,585,4.12,2.66,2.32,0.164583642,0.236636281
guided,course,a line or route along which something travels or moves,an area of land or water where a race takes place,DOI: 10.1075/ijolc.21051.cho,1,1,0,4.38,2.27,535.83,4.58,3.21,3.27,0.1851862222,0.1719438148
guided,course,a body of students who are taught together,an area of land or water where a race takes place,DOI: 10.1075/ijolc.21051.cho,1,0,1,6.29,0.98,536.5,4.4,3.66,2.77,0.1251007561,0.1458336869
guided,course,part of a meal served at one time,an area of land or water where a race takes place,DOI: 10.1075/ijolc.21051.cho,0,1,1,4.29,3.22,425.2,5.32,3.74,2.85,0.1285349026,0.2063848406
guided,course,(construction) a layer of masonry,an area of land or water where a race takes place,DOI: 10.1075/ijolc.21051.cho,0,0,1,6.5,1.04,497.8,5.09,3.69,3.2,0.04063291848,0.07992095997
guided,course,facility consisting of a circumscribed area of land or water laid out for a sport,an area of land or water where a race takes place,DOI: 10.1075/ijolc.21051.cho,0,1,1,5,1.47,460.62,4.79,3.67,3.02,0.0934988372,0.1326497206
guided,course,move swiftly through or over,an area of land or water where a race takes place,DOI: 10.1075/ijolc.21051.cho,0,0,,1.8,0,525,4.35,2.77,2.27,0.0525317993,0.09127864987
guided,course,"move along, of liquids",an area of land or water where a race takes place,DOI: 10.1075/ijolc.21051.cho,0,1,1,2.33,0,465.25,5.07,3.37,2.86,0.08562225177,0.07621583909
guided,course,hunt with hounds,an area of land or water where a race takes place,DOI: 10.1075/ijolc.21051.cho,0,1,1,2.5,0,578,4.53,3.81,1.18,0.07069359347,0.1348871514
guided,course,as might be expected,an area of land or water where a race takes place,DOI: 10.1075/ijolc.21051.cho,0,0,0,3.25,,487.5,6.08,2.32,2.23,0.08585043624,0.135758318
guided,life,a characteristic state or mode of living,period between somebody.s birth and death,https://doi.org/10.5539/ells.v10n3p62,0,0,0,6.5,1.63,504.25,4.13,2.85,2.16,0.1790429521,0.1720079128
guided,life,the experience of being alive; the course of human events and activities,period between somebody.s birth and death,https://doi.org/10.5539/ells.v10n3p62,0,1,1,5.57,0.85,524.57,4.55,3.18,3.9,0.2116490956,0.2010201005
guided,life,the course of existence of an individual; the actions and events that occur in living,period between somebody.s birth and death,https://doi.org/10.5539/ells.v10n3p62,0,0,1,4.44,1.31,494,4.12,2.76,2.76,0.2137744964,0.1772942479
guided,life,the condition of living or the state of being alive,period between somebody.s birth and death,https://doi.org/10.5539/ells.v10n3p62,0,0,1,5.33,3.86,473.25,5.32,2.96,2.61,0.2880791575,0.2231785525
guided,life,the period during which something is functional (as between birth and death),period between somebody.s birth and death,https://doi.org/10.5539/ells.v10n3p62,0,1,0,5.14,0.97,477.71,4.41,3.17,3.4,0.1843171094,0.2167801306
guided,life,the period between birth and the present time,period between somebody.s birth and death,https://doi.org/10.5539/ells.v10n3p62,0,1,1,2.4,1.9,463.25,4.98,3.56,3.29,0.1877503954,0.2025302313
guided,life,the period from the present until death,period between somebody.s birth and death,https://doi.org/10.5539/ells.v10n3p62,0,1,1,5.33,0.3,437.33,4.25,3.48,3.13,0.2205806623,0.2081724356
guided,life,a living person,period between somebody.s birth and death,https://doi.org/10.5539/ells.v10n3p62,0,1,1,6.67,0.27,426.5,5.25,3.88,2.3,0.3515458778,0.3099761605
guided,life,animation and energy in action or expression,period between somebody.s birth and death,https://doi.org/10.5539/ells.v10n3p62,0,0,0,5.67,1.39,443.25,5.13,2.98,2.78,0.1355846804,0.1063582301
guided,life,living things collectively,period between somebody.s birth and death,https://doi.org/10.5539/ells.v10n3p62,0,0,1,3,0,394.67,4.46,2.84,2.7,0.217447767,0.2208299612
guided,life,the organic phenomenon that distinguishes living organisms from nonliving ones,period between somebody.s birth and death,https://doi.org/10.5539/ells.v10n3p62,0,1,1,2.86,1.39,482.43,4.57,3.14,2.83,0.2012362501,0.1720535329
guided,life,an account of the series of events making up a person's life,period between somebody.s birth and death,https://doi.org/10.5539/ells.v10n3p62,0,1,1,6,1.09,464.29,5.13,3.07,3.14,0.1082822703,0.1468637332
guided,life,a motive for living,period between somebody.s birth and death,https://doi.org/10.5539/ells.v10n3p62,0,0,0,5,2.3,444.5,4.32,2.27,1.82,0.2831006678,0.249011647
guided,life,a prison term lasting as long as the prisoner lives,period between somebody.s birth and death,https://doi.org/10.5539/ells.v10n3p62,0,0,0,6.11,1.55,472.5,4.41,3.3,3.28,0.1867196083,0.2163905919
guided,good,benefit,it is most suitable or right for a particular purpose,https://doi.org/10.5539/ells.v10n3p63,0,0,0,1,,546,3.15,2.25,1.36,0.1865499318,0.1993017942
guided,good,moral excellence or admirableness,it is most suitable or right for a particular purpose,https://doi.org/10.5539/ells.v10n3p63,1,0,1,5.75,1.52,532.33,3.15,1.86,3.85,0.1181697547,0.1972409114
guided,good,that which is pleasing or valuable or useful,it is most suitable or right for a particular purpose,https://doi.org/10.5539/ells.v10n3p63,0,1,0,3.17,0,514,5.43,2.31,2.62,0.3650877774,0.3992140889
guided,good,articles of commerce,it is most suitable or right for a particular purpose,https://doi.org/10.5539/ells.v10n3p63,0,1,1,10,0,552,3.43,2.76,3.42,0.05300257169,0.06187880784
guided,good,having desirable or positive qualities especially those suitable for a thing specified,it is most suitable or right for a particular purpose,https://doi.org/10.5539/ells.v10n3p63,0,0,0,2.9,,478.57,3.91,2.15,3.82,0.1878171148,0.2852276489
guided,good,having the normally expected amount,it is most suitable or right for a particular purpose,https://doi.org/10.5539/ells.v10n3p63,0,0,0,3.25,,475.67,4.32,2.28,2.12,0.04123638694,0.1253498544
guided,good,morally admirable,it is most suitable or right for a particular purpose,https://doi.org/10.5539/ells.v10n3p63,0,0,1,0,,577,2.58,1.6,2.36,0.2580714673,0.2761809304
guided,good,deserving of esteem and respect,it is most suitable or right for a particular purpose,https://doi.org/10.5539/ells.v10n3p63,0,0,0,3.67,,511.67,5.36,1.83,3.33,0.1315669194,0.2155819535
guided,good,promoting or enhancing well-being,it is most suitable or right for a particular purpose,https://doi.org/10.5539/ells.v10n3p63,0,0,0,5.25,,484.67,6.06,,2.69,0.1070077196,0.1727774292
guided,good,agreeable or pleasing,it is most suitable or right for a particular purpose,https://doi.org/10.5539/ells.v10n3p63,0,0,0,3.33,,476.5,4.88,2.32,3.24,0.4335739166,0.4220671207
guided,good,of moral excellence,it is most suitable or right for a particular purpose,https://doi.org/10.5539/ells.v10n3p63,0,0,1,4.5,,543.5,2.74,1.94,4.37,0.1024591401,0.1972409114
guided,good,having or showing knowledge and skill and aptitude,it is most suitable or right for a particular purpose,https://doi.org/10.5539/ells.v10n3p63,0,1,0,4.33,,546.75,5.22,2.12,3.26,0.08859671839,0.1921777651
guided,good,thorough,it is most suitable or right for a particular purpose,https://doi.org/10.5539/ells.v10n3p63,0,0,0,0,,456,5.46,1.66,3.1,0.1715142727,0.2089732885
guided,good,with or in a close or intimate relationship,it is most suitable or right for a particular purpose,https://doi.org/10.5539/ells.v10n3p63,0,0,0,5.29,,374.67,3.85,2.69,1.89,0.04737512332,0.1649229899
guided,good,financially sound,it is most suitable or right for a particular purpose,https://doi.org/10.5539/ells.v10n3p63,0,0,0,0,,479,4.81,3.02,2,0.08378906921,0.195020318
guided,good,most suitable or right for a particular purpose,it is most suitable or right for a particular purpose,https://doi.org/10.5539/ells.v10n3p63,0,0,0,3.14,,537.25,4.2,2.29,2.98,0.1780918068,0.2516434938
guided,good,resulting favorably,it is most suitable or right for a particular purpose,https://doi.org/10.5539/ells.v10n3p63,0,0,0,0.5,,515.5,5.46,1.9,2.49,0.09829575382,0.1196897924
guided,good,exerting force or influence,it is most suitable or right for a particular purpose,https://doi.org/10.5539/ells.v10n3p63,0,0,0,3.75,,540.33,4.17,2.56,3.68,0.04861879194,0.07649942487
guided,good,capable of pleasing,it is most suitable or right for a particular purpose,https://doi.org/10.5539/ells.v10n3p63,0,0,0,4.5,,548,5.94,2.38,2.38,0.347982347,0.36903207
guided,good,appealing to the mind,it is most suitable or right for a particular purpose,https://doi.org/10.5539/ells.v10n3p63,0,0,0,2.5,,473.5,4.59,2.34,3.73,0.1505872309,0.2184034884
guided,good,in excellent physical condition,it is most suitable or right for a particular purpose,https://doi.org/10.5539/ells.v10n3p63,0,1,1,2.75,,524.33,4.11,2.52,2.86,0.2708647574,0.3335109353
guided,good,tending to promote physical well-being; beneficial to health,it is most suitable or right for a particular purpose,https://doi.org/10.5539/ells.v10n3p63,0,1,0,2.67,,516.43,4.5,2.32,2.99,0.1458354511,0.2108004451
guided,good,not forged,it is most suitable or right for a particular purpose,https://doi.org/10.5539/ells.v10n3p63,1,1,1,1,,546,6.09,3.22,3,0.04794449732,0.1016539559
guided,good,not left to spoil,it is most suitable or right for a particular purpose,https://doi.org/10.5539/ells.v10n3p63,0,1,1,4.67,,412,4.05,3.26,1.3,0.05705399811,0.1986129731
guided,good,generally admired,it is most suitable or right for a particular purpose,https://doi.org/10.5539/ells.v10n3p63,0,0,0,0,,490,4.1,1.74,2.8,0.1007100083,0.2285331413
guided,good,(often used as a combining form) in a good or proper or satisfactory manner or to a high standard (`good' is a nonstandard dialectal variant for `well'),it is most suitable or right for a particular purpose,https://doi.org/10.5539/ells.v10n3p63,0,0,0,4.52,,494.74,5.27,2.37,2.96,0.1320226872,0.1765341512
guided,good,completely and absolutely (`good' is sometimes used informally for `thoroughly'),it is most suitable or right for a particular purpose,https://doi.org/10.5539/ells.v10n3p63,0,0,0,0.29,,503.15,5.26,2,2.92,0.05178767544,0.1661249436
guided,track,a line or route along which something travels or moves,rough and unpaved road or path. There is some direction for people to follow.,https://doi.org/10.5539/ells.v10n3p64,0,0,0,4.38,2.27,535.83,4.58,3.21,3.27,0.1924833255,0.1508184013
guided,track,evidence pointing to a possible solution,rough and unpaved road or path. There is some direction for people to follow.,https://doi.org/10.5539/ells.v10n3p64,0,0,0,4,0.6,535.75,4.82,2.97,2.17,0.06651251286,0.09607907571
guided,track,a pair of parallel rails providing a runway for wheels,rough and unpaved road or path. There is some direction for people to follow.,https://doi.org/10.5539/ells.v10n3p64,0,1,1,6.25,1.42,468.4,5.98,3.8,3.25,0.2046959779,0.1630558036
guided,track,a course over which races are run,rough and unpaved road or path. There is some direction for people to follow.,https://doi.org/10.5539/ells.v10n3p64,0,1,1,6.33,0.52,530.67,6.05,3.91,3.72,0.3718008598,0.3139230013
guided,track,a distinct selection of music from a recording or a compact disc,rough and unpaved road or path. There is some direction for people to follow.,https://doi.org/10.5539/ells.v10n3p64,0,0,0,6.7,1.11,524.67,5.38,3.39,2.62,0.1447475976,0.1176098045
guided,track,an endless metal belt on which tracked vehicles move over the ground,rough and unpaved road or path. There is some direction for people to follow.,https://doi.org/10.5539/ells.v10n3p64,0,1,1,2.7,0.4,500.71,4.27,3.88,2.64,0.1773100628,0.1532798598
guided,track,(computer science) one of the circular magnetic paths on a magnetic disk that serve as a guide for writing and reading data,rough and unpaved road or path. There is some direction for people to follow.,https://doi.org/10.5539/ells.v10n3p64,0,1,1,5,0.57,439.27,5.04,3.87,3.02,0.1141572724,0.1213214748
guided,track,a groove on a phonograph recording,rough and unpaved road or path. There is some direction for people to follow.,https://doi.org/10.5539/ells.v10n3p64,0,1,1,7.17,2.21,557.67,5.93,4.02,3.13,0.2855829249,0.2202358097
guided,track,a bar or pair of parallel bars of rolled steel making the railway along which railroad cars or other vehicles can roll,rough and unpaved road or path. There is some direction for people to follow.,https://doi.org/10.5539/ells.v10n3p64,0,1,1,5.56,1.77,471.85,5.11,4.05,2.87,0.1539215915,0.1587045852
guided,track,any road or path affording passage especially a rough one,rough and unpaved road or path. There is some direction for people to follow.,https://doi.org/10.5539/ells.v10n3p64,0,1,1,3.8,0.84,506.71,5.19,3.67,3.48,0.1671776148,0.1713393416
guided,track,the act of participating in an athletic competition involving running on a track,rough and unpaved road or path. There is some direction for people to follow.,https://doi.org/10.5539/ells.v10n3p64,1,1,1,4.9,2.35,456.14,4.4,3.52,2.65,0.1079787376,0.1497745241
guided,track,carry on the feet and deposit,rough and unpaved road or path. There is some direction for people to follow.,https://doi.org/10.5539/ells.v10n3p64,0,1,1,4,0,501,4.89,4.29,3.13,0.05310092727,0.07418398062
guided,track,observe or plot the moving path of something,rough and unpaved road or path. There is some direction for people to follow.,https://doi.org/10.5539/ells.v10n3p64,0,1,1,3.8,0,544.2,4.44,3.16,2.97,0.1537656065,0.1569045208
guided,track,go after with the intent to catch,rough and unpaved road or path. There is some direction for people to follow.,https://doi.org/10.5539/ells.v10n3p64,0,1,1,3.5,0,399.67,4.33,2.93,2.58,0.09382737987,0.1499099918
guided,track,travel across or pass over,rough and unpaved road or path. There is some direction for people to follow.,https://doi.org/10.5539/ells.v10n3p64,0,0,,2.4,1.85,419.5,5.47,3.37,3.55,0.1562994321,0.05987589185
guided,track,make tracks upon,rough and unpaved road or path. There is some direction for people to follow.,https://doi.org/10.5539/ells.v10n3p64,0,0,1,1.5,6.9,393.33,6,3.27,2.9,0.02543300076,0.0767582776
guided,open,a clear or unobstructed space or expanse of land or water,"opening something closed or blocked, such as a blocked path",http://dx.doi.org/doi:10.1080/10926488.2014.859048,0,1,1,6.3,1.85,480.17,5.31,3.68,2.75,0.2030582347,0.1969151845
guided,open,where the air is unconfined,"opening something closed or blocked, such as a blocked path",http://dx.doi.org/doi:10.1080/10926488.2014.859048,1,1,1,1.67,4.94,387.5,4.55,3.54,4.1,0.2050929219,0.1707828045
guided,open,a tournament in which both professionals and amateurs may play,"opening something closed or blocked, such as a blocked path",http://dx.doi.org/doi:10.1080/10926488.2014.859048,0,1,1,6,1.63,426,4.82,3.45,2.49,0.06523758646,0.08190642893
guided,open,information that has become public,"opening something closed or blocked, such as a blocked path",http://dx.doi.org/doi:10.1080/10926488.2014.859048,0,0,0,3,0.6,570.67,5.45,2.33,2.42,0.1509535325,0.1573368286
guided,open,cause to open or to become open,"opening something closed or blocked, such as a blocked path",http://dx.doi.org/doi:10.1080/10926488.2014.859048,0,0,,4,0,520,5.57,2.6,2.81,0.08988779411,0.07687561586
guided,open,start to operate or function or cause to start operating or functioning,"opening something closed or blocked, such as a blocked path",http://dx.doi.org/doi:10.1080/10926488.2014.859048,0,0,0,3.9,0,521.14,5.31,2.7,3.36,0.169303563,0.1687468945
guided,open,become open,"opening something closed or blocked, such as a blocked path",http://dx.doi.org/doi:10.1080/10926488.2014.859048,0,0,,3,0,557.5,6.47,2.38,3.1,0.1061021388,0.105888553
guided,open,"begin or set in action, of meetings, speeches, recitals, etc.","opening something closed or blocked, such as a blocked path",http://dx.doi.org/doi:10.1080/10926488.2014.859048,0,0,0,4.75,0,499,5.23,3.1,3.07,0.08171186064,0.1165451434
guided,open,spread out or open from a closed or folded state,"opening something closed or blocked, such as a blocked path",http://dx.doi.org/doi:10.1080/10926488.2014.859048,0,1,1,4.62,5.43,496.8,4.45,3.58,2.39,0.2511012728,0.244354343
guided,open,make available,"opening something closed or blocked, such as a blocked path",http://dx.doi.org/doi:10.1080/10926488.2014.859048,0,0,0,1,0,429,5.04,2.39,3.13,0.2013779394,0.244465068
guided,open,become available,"opening something closed or blocked, such as a blocked path",http://dx.doi.org/doi:10.1080/10926488.2014.859048,0,0,0,1.5,0,508.5,5.1,1.82,3.04,0.2007872015,0.190728981
guided,open,have an opening or passage or outlet,"opening something closed or blocked, such as a blocked path",http://dx.doi.org/doi:10.1080/10926488.2014.859048,0,1,1,5.43,4.21,584.67,5.09,3.97,2.77,0.3107392713,0.2480788535
guided,open,make the opening move,"opening something closed or blocked, such as a blocked path",http://dx.doi.org/doi:10.1080/10926488.2014.859048,0,0,,4.33,7.5,482.33,5.47,3.24,2.45,0.3038243676,0.3177792033
guided,open,afford access to,"opening something closed or blocked, such as a blocked path",http://dx.doi.org/doi:10.1080/10926488.2014.859048,0,0,,0.5,3.62,430,4.99,2.27,3.15,0.224921234,0.1621703021
guided,open,display the contents of a file or start an application as on a computer,"opening something closed or blocked, such as a blocked path",http://dx.doi.org/doi:10.1080/10926488.2014.859048,0,,1,6.42,0,477.8,5.14,3.86,3.11,0.1326581471,0.1215481283
guided,open,affording unobstructed entrance and exit; not shut or closed,"opening something closed or blocked, such as a blocked path",http://dx.doi.org/doi:10.1080/10926488.2014.859048,0,1,1,2.5,,516,5.2,3.53,3.5,0.352524293,0.3082789717
guided,open,affording free passage or access,"opening something closed or blocked, such as a blocked path",http://dx.doi.org/doi:10.1080/10926488.2014.859048,0,1,1,3.8,,538.25,4.5,2.85,3.57,0.1833179947,0.1770323501
guided,open,with no protection or shield,"opening something closed or blocked, such as a blocked path",http://dx.doi.org/doi:10.1080/10926488.2014.859048,0,,1,4.5,,545.5,4.74,3.58,2.45,-0.0255570095,0.05204200186
guided,open,open to or in view of all,"opening something closed or blocked, such as a blocked path",http://dx.doi.org/doi:10.1080/10926488.2014.859048,0,,1,4,,519.5,5.09,3.21,3.29,0.1088377684,0.1215913966
guided,open,used of mouth or eyes,"opening something closed or blocked, such as a blocked path",http://dx.doi.org/doi:10.1080/10926488.2014.859048,0,,1,5.5,,462.67,3.46,4.09,2.85,0.1356939152,0.140559425
guided,open,not having been filled,"opening something closed or blocked, such as a blocked path",http://dx.doi.org/doi:10.1080/10926488.2014.859048,0,,1,1,,451,4.44,3.03,2.7,0.1882463992,0.2419110388
guided,open,accessible to all,"opening something closed or blocked, such as a blocked path",http://dx.doi.org/doi:10.1080/10926488.2014.859048,0,,,0,,424,3.68,1.8,1.73,0.3507958353,0.3654527962
guided,open,not defended or capable of being defended,"opening something closed or blocked, such as a blocked path",http://dx.doi.org/doi:10.1080/10926488.2014.859048,1,0,0,3.5,,524.33,5.6,2.21,1.97,0.07167366892,0.0763124004
guided,open,(of textures) full of small openings or gaps,"opening something closed or blocked, such as a blocked path",http://dx.doi.org/doi:10.1080/10926488.2014.859048,0,1,1,4.67,,465.67,5.04,3.61,3.23,0.2297773778,0.1902676884
guided,open,having no protecting cover or enclosure,"opening something closed or blocked, such as a blocked path",http://dx.doi.org/doi:10.1080/10926488.2014.859048,0,,1,2.83,,538.33,4.84,3.44,3.24,0.05715687138,0.108669507
guided,open,(set theory) of an interval that contains neither of its endpoints,"opening something closed or blocked, such as a blocked path",http://dx.doi.org/doi:10.1080/10926488.2014.859048,0,0,0,5.62,,459,4.7,2.27,3.68,0.05651554155,0.08659104409
guided,open,not brought to a conclusion; subject to further thought,"opening something closed or blocked, such as a blocked path",http://dx.doi.org/doi:10.1080/10926488.2014.859048,0,0,0,2.86,,514.6,5,2.36,3.46,0.04756045248,0.08000615612
guided,open,not sealed or having been unsealed,"opening something closed or blocked, such as a blocked path",http://dx.doi.org/doi:10.1080/10926488.2014.859048,0,1,1,1.5,,505,4.67,3.53,3.1,0.4750853628,0.234263368
guided,open,without undue constriction as from e.g. tenseness or inhibition,"opening something closed or blocked, such as a blocked path",http://dx.doi.org/doi:10.1080/10926488.2014.859048,0,0,0,6.17,,434.43,4.98,2.22,2.91,0.02436357178,0.01280073337
guided,open,ready or willing to receive favorably,"opening something closed or blocked, such as a blocked path",http://dx.doi.org/doi:10.1080/10926488.2014.859048,0,0,0,2.8,,523,5.95,2.13,2.9,0.08851449878,0.1538173389
guided,open,open and observable; not secret or hidden,"opening something closed or blocked, such as a blocked path",http://dx.doi.org/doi:10.1080/10926488.2014.859048,0,0,1,1.8,,539.2,4,2.68,3.62,0.09802486748,0.1291583094
guided,open,not requiring union membership,"opening something closed or blocked, such as a blocked path",http://dx.doi.org/doi:10.1080/10926488.2014.859048,0,0,0,3.75,,489.33,5.1,3.21,3.15,0.01811604326,0.09014853773
guided,open,possibly accepting or permitting,"opening something closed or blocked, such as a blocked path",http://dx.doi.org/doi:10.1080/10926488.2014.859048,0,0,0,2.25,,422.67,5.39,1.74,2.53,0.1165772614,0.165378044
guided,open,affording free passage or view,"opening something closed or blocked, such as a blocked path",http://dx.doi.org/doi:10.1080/10926488.2014.859048,0,,1,5,,513,3.91,3.02,3.31,0.1356504057,0.1492486526
guided,open,openly straightforward and direct without reserve or secretiveness,"opening something closed or blocked, such as a blocked path",http://dx.doi.org/doi:10.1080/10926488.2014.859048,0,0,0,3.5,,527.83,4.81,1.96,2.84,0.1212359096,0.1149507165
guided,open,ready for business,"opening something closed or blocked, such as a blocked path",http://dx.doi.org/doi:10.1080/10926488.2014.859048,1,0,0,4,,562,4.84,2.68,3.05,0.09813562594,0.1514212191
guided,bridge,a structure that allows people or vehicles to cross an obstacle such as a river or canal or railway etc.,"structure crossing a gap, road or river",http://dx.doi.org/doi:10.1080/10926488.2014.859049,0,1,1,6,1.06,486.82,5.14,4.45,2.69,0.2177483581,0.2483403499
guided,bridge,a circuit consisting of two branches (4 arms arranged in a diamond configuration) across which a meter is connected,"structure crossing a gap, road or river",http://dx.doi.org/doi:10.1080/10926488.2014.859049,0,1,1,5.71,0.78,496.21,5.14,3.97,3.27,0.06358257027,0.09500384121
guided,bridge,something resembling a bridge in form or function,"structure crossing a gap, road or river",http://dx.doi.org/doi:10.1080/10926488.2014.859049,0,0,0,5.5,2.02,486.6,4.5,2.96,3.62,0.009188042415,0.06781404291
guided,bridge,the hard ridge that forms the upper part of the nose,"structure crossing a gap, road or river",http://dx.doi.org/doi:10.1080/10926488.2014.859049,0,1,1,5.17,0.8,492.5,3.58,3.82,2.64,0.09890054011,0.09741040389
guided,bridge,any of various card games based on whist for four players,"structure crossing a gap, road or river",http://dx.doi.org/doi:10.1080/10926488.2014.859049,0,0,0,3.44,1.85,479.71,4.21,3.52,3.03,0.0791584876,0.08522026294
guided,bridge,a wooden support that holds the strings up,"structure crossing a gap, road or river",http://dx.doi.org/doi:10.1080/10926488.2014.859049,0,1,1,4,1.04,545.5,5.04,3.97,2.35,0.09732914902,0.1058856659
guided,bridge,a denture anchored to teeth on either side of missing teeth,"structure crossing a gap, road or river",http://dx.doi.org/doi:10.1080/10926488.2014.859049,0,1,1,4.56,2.8,524.57,5.06,3.77,2.35,0.119403382,0.1265605805
guided,bridge,the link between two lenses; rests on the nose,"structure crossing a gap, road or river",http://dx.doi.org/doi:10.1080/10926488.2014.859049,0,1,1,4.29,1.42,526,4.95,4.28,3.34,0.09797755852,0.1535916984
guided,bridge,an upper deck where a ship is steered and the captain stands,"structure crossing a gap, road or river",http://dx.doi.org/doi:10.1080/10926488.2014.859049,0,1,1,5.44,1.2,423.5,4.68,4.27,3.53,0.1576944534,0.1335147799
guided,bridge,connect or reduce the distance between,"structure crossing a gap, road or river",http://dx.doi.org/doi:10.1080/10926488.2014.859049,0,0,0,4,0,502,4.44,2.68,2.86,0.1268537578,0.1619449779
guided,bridge,make a bridge across,"structure crossing a gap, road or river",http://dx.doi.org/doi:10.1080/10926488.2014.859049,0,1,1,4,0,407,5.86,3.57,4.21,0.1227434035,0.1318351254
guided,bridge,cross over on a bridge,"structure crossing a gap, road or river",http://dx.doi.org/doi:10.1080/10926488.2014.859049,0,1,1,3.25,0,484.5,5.52,4.7,4.03,0.2910985053,0.2511331141
guided,crooked,bend or cause to bend,"The adjective 'crooked' means not a straight line; bent or twisted; for example: """"""""""""""""a village of crooked streets""""""""""""""""",DOI:10.25130/jtuh.28.3.4.2021.23,0,1,1,3.5,4.04,462.33,5.62,3.4,2.39,0.2614083911,0.2230813416
guided,crooked,having or marked by bends or angles; not straight or aligned,"The adjective 'crooked' means not a straight line; bent or twisted; for example: """"""""""""""""a village of crooked streets""""""""""""""""",DOI:10.25130/jtuh.28.3.4.2021.23,1,1,1,4.18,,474.2,4.2,3.51,2.86,0.2496400908,0.1816714764
guided,crooked,not straight; dishonest or immoral or evasive,"The adjective 'crooked' means not a straight line; bent or twisted; for example: """"""""""""""""a village of crooked streets""""""""""""""""",DOI:10.25130/jtuh.28.3.4.2021.23,0,0,0,3.29,,589.2,3.6,2.05,3.11,0.2996937223,0.2953983173
guided,crooked,irregular in shape or outline,"The adjective 'crooked' means not a straight line; bent or twisted; for example: """"""""""""""""a village of crooked streets""""""""""""""""",DOI:10.25130/jtuh.28.3.4.2021.23,0,1,1,3.8,,553,5.62,3.06,2.71,0.159289365,0.2063362276
guided,crooked,having the back and shoulders rounded; not erect,"The adjective 'crooked' means not a straight line; bent or twisted; for example: """"""""""""""""a village of crooked streets""""""""""""""""",DOI:10.25130/jtuh.28.3.4.2021.23,0,1,1,2.17,,496.75,3.47,3.86,3.22,0.1382908802,0.1538265217
guided,straight,a heterosexual person; someone having a sexual orientation to persons of the opposite sex,"free from curves, bends, angles, or irregularities or that thing that is generated by a point moving continuously in the same direction and expressed by a linear equation",DOI:10.25130/jtuh.28.3.4.2021.24,0,0,0,5.36,1.53,510.67,5.17,3.37,3.87,0.1280850815,0.1062033894
guided,straight,a poker hand with 5 consecutive cards (regardless of suit),"free from curves, bends, angles, or irregularities or that thing that is generated by a point moving continuously in the same direction and expressed by a linear equation",DOI:10.25130/jtuh.28.3.4.2021.24,0,1,1,5.75,0.5,498.44,5.02,3.8,3.19,0.1206443537,0.1901475984
guided,straight,a straight segment of a roadway or racecourse,"free from curves, bends, angles, or irregularities or that thing that is generated by a point moving continuously in the same direction and expressed by a linear equation",DOI:10.25130/jtuh.28.3.4.2021.24,0,1,1,7.17,2.22,516.25,5.29,3.61,2.47,0.08419840162,0.02953575676
guided,straight,successive (without a break),"free from curves, bends, angles, or irregularities or that thing that is generated by a point moving continuously in the same direction and expressed by a linear equation",DOI:10.25130/jtuh.28.3.4.2021.24,0,,0,4,,457,5.28,2.77,3.7,0.1750370488,0.3075521439
guided,straight,having no deviations,"free from curves, bends, angles, or irregularities or that thing that is generated by a point moving continuously in the same direction and expressed by a linear equation",DOI:10.25130/jtuh.28.3.4.2021.24,0,0,,6.33,,465,5.59,2.96,3.33,0.1015064344,0.003788315225
guided,straight,(of hair) having no waves or curls,"free from curves, bends, angles, or irregularities or that thing that is generated by a point moving continuously in the same direction and expressed by a linear equation",DOI:10.25130/jtuh.28.3.4.2021.24,0,1,1,4.83,,483.75,5.79,4.76,3.87,0.1024589861,0.1464915648
guided,straight,erect in posture,"free from curves, bends, angles, or irregularities or that thing that is generated by a point moving continuously in the same direction and expressed by a linear equation",DOI:10.25130/jtuh.28.3.4.2021.24,0,1,1,2.67,,550,3,3.56,2.01,0.1170764305,0.04154142283
guided,straight,in keeping with the facts,"free from curves, bends, angles, or irregularities or that thing that is generated by a point moving continuously in the same direction and expressed by a linear equation",DOI:10.25130/jtuh.28.3.4.2021.24,0,0,0,4,,462,3.06,2.19,1.4,0.08231273666,0.09919042885
guided,straight,characterized by honesty and fairness,"free from curves, bends, angles, or irregularities or that thing that is generated by a point moving continuously in the same direction and expressed by a linear equation",DOI:10.25130/jtuh.28.3.4.2021.24,0,0,0,4,,481,4.78,1.71,4.27,0.09650386373,0.02315561598
guided,straight,no longer coiled,"free from curves, bends, angles, or irregularities or that thing that is generated by a point moving continuously in the same direction and expressed by a linear equation",DOI:10.25130/jtuh.28.3.4.2021.24,1,1,0,2.67,,439,3.87,3.29,3.6,0.1372320205,0.07614378259
guided,straight,free from curves or angles,"free from curves, bends, angles, or irregularities or that thing that is generated by a point moving continuously in the same direction and expressed by a linear equation",DOI:10.25130/jtuh.28.3.4.2021.24,1,1,1,3.25,,491,4.39,3.22,2.17,0.1852679898,0.1422836756
guided,straight,neatly arranged; not disorderly,"free from curves, bends, angles, or irregularities or that thing that is generated by a point moving continuously in the same direction and expressed by a linear equation",DOI:10.25130/jtuh.28.3.4.2021.24,0,,1,0,,550,4.63,2.64,3.18,0.1203969909,0.09870290632
guided,straight,not homosexual,"free from curves, bends, angles, or irregularities or that thing that is generated by a point moving continuously in the same direction and expressed by a linear equation",DOI:10.25130/jtuh.28.3.4.2021.24,0,0,0,2,,298,4.57,3.85,3.08,0.1761648655,0.1168044657
guided,straight,accurately fitted; level,"free from curves, bends, angles, or irregularities or that thing that is generated by a point moving continuously in the same direction and expressed by a linear equation",DOI:10.25130/jtuh.28.3.4.2021.24,0,1,1,1.67,,498,4.76,2.66,3.29,0.1425209964,0.07302760705
guided,straight,without evasion or compromise,"free from curves, bends, angles, or irregularities or that thing that is generated by a point moving continuously in the same direction and expressed by a linear equation",DOI:10.25130/jtuh.28.3.4.2021.24,0,0,0,6.33,,500.33,3.28,2.14,2.52,0.02261128649,0.04385415527
guided,straight,without water,"free from curves, bends, angles, or irregularities or that thing that is generated by a point moving continuously in the same direction and expressed by a linear equation",DOI:10.25130/jtuh.28.3.4.2021.24,0,1,1,6,,460,5.22,3.58,2.6,0.08468120918,0.1214837506
guided,straight,following a correct or logical method,"free from curves, bends, angles, or irregularities or that thing that is generated by a point moving continuously in the same direction and expressed by a linear equation",DOI:10.25130/jtuh.28.3.4.2021.24,0,0,0,3.83,,511,3.5,2.48,2.51,0.1832326353,0.0998460385
guided,straight,rigidly conventional or old-fashioned,"free from curves, bends, angles, or irregularities or that thing that is generated by a point moving continuously in the same direction and expressed by a linear equation",DOI:10.25130/jtuh.28.3.4.2021.24,0,0,0,2.25,,500.67,5.21,1.95,3.25,0.1868501604,0.05628457665
guided,straight,without deviation,"free from curves, bends, angles, or irregularities or that thing that is generated by a point moving continuously in the same direction and expressed by a linear equation",DOI:10.25130/jtuh.28.3.4.2021.24,0,0,,10,,446.5,4.65,2.56,3.32,0.100962501,0.07693740376
guided,straight,in a forthright manner; candidly or frankly,"free from curves, bends, angles, or irregularities or that thing that is generated by a point moving continuously in the same direction and expressed by a linear equation",DOI:10.25130/jtuh.28.3.4.2021.24,0,0,0,4.29,,536.6,3.7,1.6,4.25,0.2301662453,0.07883137651
guided,straight,in a straight line; in a direct course,"free from curves, bends, angles, or irregularities or that thing that is generated by a point moving continuously in the same direction and expressed by a linear equation",DOI:10.25130/jtuh.28.3.4.2021.24,0,1,1,5.57,,565,4.08,3.31,4.06,0.3132107705,0.1436741029
guided,devious,indirect in departing from the accepted or proper way; misleading,The adjective 'devious' means pursuing indirect or winding course; deviating from the straightway,DOI:10.25130/jtuh.28.3.4.2021.25,0,,,1.5,,547.71,5.72,2.15,3.12,0.1357348638,0.1079470644
guided,devious,characterized by insincerity or deceit; evasive,The adjective 'devious' means pursuing indirect or winding course; deviating from the straightway,DOI:10.25130/jtuh.28.3.4.2021.25,0,0,0,4,,552.2,3.93,1.97,3.19,0.3279993511,0.3170917761
guided,devious,deviating from a straight course,The adjective 'devious' means pursuing indirect or winding course; deviating from the straightway,DOI:10.25130/jtuh.28.3.4.2021.25,1,1,1,4.5,,549,3.71,3.29,2.74,0.1199098341,0.1155077194
,,,,,,,,,,,,,,,
,,,,,,,,,,,,,,,