Annotation	word	definitions	BM_original	Source	VVAA	A1	A2	precission_definitions_mean	ic_precission_definitions_mean	familiarity_definitions_mean	imageability_definitions_mean	concreteness_definitions_mean	physicality_definitions_mean
control	valuable	something of value	worth a lot of money	https://doi.org/10.1075/celcr.14	0.0	1.0	0.0	3.0		573.0	2.93	1.72	3.95
control	valuable	having great material or monetary value especially for use or exchange	worth a lot of money	https://doi.org/10.1075/celcr.14	1.0	1.0	1.0	3.9		504.43	5.12	2.49	3.58
control	valuable	having worth or merit or value	worth a lot of money	https://doi.org/10.1075/celcr.14	0.0	0.0	0.0	4.0		475.33	4.3	1.72	3.29
control	roof	a protective covering that covers or forms the top of a building	the top outer part of a building, temporary structure or vehicle	https://doi.org/10.1075/celcr.14	1.0	1.0	1.0	6.33	1.96	504.33	3.89	3.66	2.75
control	roof	protective covering on top of a motor vehicle	the top outer part of a building, temporary structure or vehicle	https://doi.org/10.1075/celcr.14	1.0	1.0	0.0	3.0	2.24	401.4	3.96	3.88	2.27
control	roof	the inner top surface of a covered area or hollow space	the top outer part of a building, temporary structure or vehicle	https://doi.org/10.1075/celcr.14	0.0	1.0	1.0	4.78	0.86	514.71	4.69	3.62	3.27
control	roof	an upper limit on what is allowed	the top outer part of a building, temporary structure or vehicle	https://doi.org/10.1075/celcr.14	0.0	0.0	0.0	4.33	0.4	547.33	4.3	2.82	3.54
control	roof	provide a building with a roof; cover a building with a roof	the top outer part of a building, temporary structure or vehicle	https://doi.org/10.1075/celcr.14		1.0	0.0	7.0	2.88	586.0	4.2	4.3	2.99
control	disturb	move deeply	to do something that stops a place or situation from being pleasant, calm, or peaceful	https://doi.org/10.1075/celcr.14	0.0	0.0	0.0	0.0	0.0	534.5	3.25	2.62	2.69
control	disturb	change the arrangement or position of	to do something that stops a place or situation from being pleasant, calm, or peaceful	https://doi.org/10.1075/celcr.14	0.0	1.0	0.0	5.0	0.0	483.0	04.01	2.6	3.62
control	disturb	tamper with	to do something that stops a place or situation from being pleasant, calm, or peaceful	https://doi.org/10.1075/celcr.14	0.0	1.0	0.0	3.0	0.0	600.0	4.88	03.04	3.73
control	disturb	destroy the peace or tranquility of	to do something that stops a place or situation from being pleasant, calm, or peaceful	https://doi.org/10.1075/celcr.14	1.0	0.0	1.0	5.75	0.0	478.67	4.16	2.34	3.7
control	disturb	damage as if by shaking or jarring	to do something that stops a place or situation from being pleasant, calm, or peaceful	https://doi.org/10.1075/celcr.14	0.0	1.0	0.0	3.33	0.97	477.33	3.65	3.28	2.57
control	serve	(sports) a stroke that puts the ball in play	providing food and drink, helping customers to buy goods in a shop	https://doi.org/10.1075/celcr.14	0.0	1.0	0.0	7.0	0.79	379.14	5.34	3.66	3.22
control	serve	serve a purpose, role, or function	providing food and drink, helping customers to buy goods in a shop	https://doi.org/10.1075/celcr.14	0.0	0.0	0.0	6.6	0.0	498.0	05.08	2.35	3.24
control	serve	do duty or hold offices; serve in a specific function	providing food and drink, helping customers to buy goods in a shop	https://doi.org/10.1075/celcr.14	0.0	0.0	0.0	4.89	0.0	554.0	04.09	3.11	3.35
control	serve	contribute or conduce to	providing food and drink, helping customers to buy goods in a shop	https://doi.org/10.1075/celcr.14	0.0	0.0	0.0	4.33	0.0	558.5	6.78	2.13	2.55
control	serve	be used by; as of a utility	providing food and drink, helping customers to buy goods in a shop	https://doi.org/10.1075/celcr.14	0.0	0.0	0.0	5.83	0.0	534.67	3.49	2.86	3.84
control	serve	help to some food; help with food or drink	providing food and drink, helping customers to buy goods in a shop	https://doi.org/10.1075/celcr.14	1.0	1.0	1.0	3.71	5.38	552.5	3.45	3.9	3.33
control	serve	provide (usually but not necessarily food)	providing food and drink, helping customers to buy goods in a shop	https://doi.org/10.1075/celcr.14	1.0	0.0	0.0	1.17	5.57	514.17	5.24	2.73	2.98
control	serve	devote (part of) one's life or efforts to, as of countries, institutions, or ideas	providing food and drink, helping customers to buy goods in a shop	https://doi.org/10.1075/celcr.14	0.0	0.0	0.0	6.0	0.0	465.46	5.64	2.87	3.67
control	serve	promote, benefit, or be useful or beneficial to	providing food and drink, helping customers to buy goods in a shop	https://doi.org/10.1075/celcr.14	0.0	0.0	0.0	3.29	0.0	499.17	4.96	2.1	2.82
control	serve	spend time in prison or in a labor camp	providing food and drink, helping customers to buy goods in a shop	https://doi.org/10.1075/celcr.14	0.0	1.0	0.0	6.11	02.09	561.4	5.6	3.62	3.43
control	serve	work for or be a servant to	providing food and drink, helping customers to buy goods in a shop	https://doi.org/10.1075/celcr.14	0.0	1.0	1.0	4.4	0.0	512.0	3.58	04.06	2.35
control	serve	deliver a warrant or summons to someone	providing food and drink, helping customers to buy goods in a shop	https://doi.org/10.1075/celcr.14	0.0	1.0	0.0	5.83	0.0	439.25	6.12	3.38	3.26
control	serve	be sufficient; be adequate, either in quality or quantity	providing food and drink, helping customers to buy goods in a shop	https://doi.org/10.1075/celcr.14	0.0	0.0	0.0	3.0	3.93	531.57	04.02	2.17	3.29
control	serve	do military service	providing food and drink, helping customers to buy goods in a shop	https://doi.org/10.1075/celcr.14	0.0	1.0	0.0	5.67	0.0	456.5	6.28	3.1	2.65
control	serve	mate with	providing food and drink, helping customers to buy goods in a shop	https://doi.org/10.1075/celcr.14	0.0	0.0	0.0	6.0		219.0	6.62	4.34	01.09
control	serve	put the ball into play	providing food and drink, helping customers to buy goods in a shop	https://doi.org/10.1075/celcr.14	0.0	1.0	0.0	2.33	0.0	482.0	4.74	3.58	03.07
control	struggle	an energetic attempt to achieve something	a fight between two people for something, or an attempt by one person to escape from the other	https://doi.org/10.1075/celcr.14	0.0	1.0	0.0	2.5	0.6	465.0	4.3	2.29	3.95
control	struggle	an open clash between two opposing groups (or individuals); --Thomas Paine	a fight between two people for something, or an attempt by one person to escape from the other	https://doi.org/10.1075/celcr.14	1.0	0.0	1.0	4.73	0.46	479.83	5.46	3.33	3.57
control	struggle	strenuous effort	a fight between two people for something, or an attempt by one person to escape from the other	https://doi.org/10.1075/celcr.14	0.0	1.0	0.0	3.5		541.0	05.06	2.44	3.55
control	struggle	make a strenuous or labored effort	a fight between two people for something, or an attempt by one person to escape from the other	https://doi.org/10.1075/celcr.14	0.0	1.0	0.0	5.17	3.69	515.25	4.86	2.54	3.44
control	struggle	to exert strenuous effort against opposition	a fight between two people for something, or an attempt by one person to escape from the other	https://doi.org/10.1075/celcr.14	0.0	1.0	0.0	3.25	2.55	456.5	5.24	2.39	3.77
control	struggle	climb awkwardly, as if by scrambling	a fight between two people for something, or an attempt by one person to escape from the other	https://doi.org/10.1075/celcr.14	0.0	1.0	0.0	0.6	9.28	428.25	5.19	2.95	3.66
control	struggle	be engaged in a fight; carry on a fight	a fight between two people for something, or an attempt by one person to escape from the other	https://doi.org/10.1075/celcr.14	1.0	0.0	1.0	4.11	2.44	503.0	4.81	3.7	2.9
control	drop	a shape that is spherical and small	a very small amount of liquid with a round shape	https://doi.org/10.1075/celcr.14	1.0	1.0	0.0	5.2	0.6	547.0	5.21	3.4	2.84
control	drop	a small indefinite quantity (especially of a liquid); ; ; ; --Kipling	a very small amount of liquid with a round shape	https://doi.org/10.1075/celcr.14	1.0	1.0	0.0	4.12	0.45	484.92	4.21	2.71	4.24
control	drop	a sudden sharp decrease in some quantity	a very small amount of liquid with a round shape	https://doi.org/10.1075/celcr.14	0.0	0.0	0.0	3.57	0.6	497.0	3.6	2.9	3.71
control	drop	a steep high face of rock	a very small amount of liquid with a round shape	https://doi.org/10.1075/celcr.14	0.0	1.0	1.0	4.8	0.7	501.5	4.16	4.25	3.14
control	drop	a predetermined hiding place for the deposit and distribution of illicit goods (such as drugs or stolen property)	a very small amount of liquid with a round shape	https://doi.org/10.1075/celcr.14	0.0	1.0	0.0	3.64	0.72	462.0	5.41	03.01	2.97
control	drop	a free and rapid descent by the force of gravity	a very small amount of liquid with a round shape	https://doi.org/10.1075/celcr.14	0.0	0.0	1.0	5.71	0.93	478.2	4.13	2.79	3.23
control	drop	a curtain that can be lowered and raised onto a stage from the flies; often used as background scenery	a very small amount of liquid with a round shape	https://doi.org/10.1075/celcr.14	0.0	1.0	0.0	5.79	2.4	470.4	4.38	3.32	3.46
control	drop	a central depository where things can be left or picked up	a very small amount of liquid with a round shape	https://doi.org/10.1075/celcr.14	0.0	1.0	0.0	4.8	2.12	361.2	4.55	3.12	3.15
control	drop	the act of dropping something	a very small amount of liquid with a round shape	https://doi.org/10.1075/celcr.14	0.0	1.0	0.0	4.0	0.6	544.33	3.93	2.65	4.29
control	drop	let fall to the ground	a very small amount of liquid with a round shape	https://doi.org/10.1075/celcr.14	0.0	1.0	0.0	2.33	02.08	471.33	4.83	3.69	4.15
control	drop	to fall vertically	a very small amount of liquid with a round shape	https://doi.org/10.1075/celcr.14	0.0	1.0	1.0	1.5	0.0	433.5	5.9	3.84	03.07
control	drop	go down in value	a very small amount of liquid with a round shape	https://doi.org/10.1075/celcr.14	0.0	0.0	0.0	2.75	0.0	427.5	2.88	2.38	2.83
control	drop	fall or descend to a lower place or level	a very small amount of liquid with a round shape	https://doi.org/10.1075/celcr.14	0.0	1.0	1.0	3.75	1.68	435.4	06.04	3.26	2.94
control	drop	terminate an association with	a very small amount of liquid with a round shape	https://doi.org/10.1075/celcr.14	0.0	0.0	0.0	4.0	6.77	477.0	5.45	2.3	4.0
control	drop	utter with seeming casualness; ; drop names""""	a very small amount of liquid with a round shape	https://doi.org/10.1075/celcr.14	0.0	0.0	0.0	2.5	0.0	492.38	4.44	2.88	3.45
control	drop	stop pursuing or acting	a very small amount of liquid with a round shape	https://doi.org/10.1075/celcr.14	0.0	0.0	0.0	3.0	0.0	540.33	5.29	3.11	2.79
control	drop	cause to fall by or as if by delivering a blow	a very small amount of liquid with a round shape	https://doi.org/10.1075/celcr.14	0.0	1.0	0.0	2.56	2.34	475.5	5.64	3.4	3.16
control	drop	lose (a game)	a very small amount of liquid with a round shape	https://doi.org/10.1075/celcr.14	0.0	0.0	0.0	7.0	2.71	469.75	5.13	3.38	3.87
control	drop	pay out	a very small amount of liquid with a round shape	https://doi.org/10.1075/celcr.14	0.0	1.0	0.0	1.0	0.0	565.0	2.94	3.54	1.7
control	drop	lower the pitch of (musical notes)	a very small amount of liquid with a round shape	https://doi.org/10.1075/celcr.14	0.0	1.0	0.0	6.25		429.0	4.91	3.77	3.28
control	drop	hang freely	a very small amount of liquid with a round shape	https://doi.org/10.1075/celcr.14	0.0	0.0	0.0	1.5	0.0	540.5	4.67	3.0	03.09
control	drop	stop associating with	a very small amount of liquid with a round shape	https://doi.org/10.1075/celcr.14	0.0	0.0	0.0	1.0	0.0	454.0	6.3	3.68	3.55
control	drop	let or cause to fall in drops	a very small amount of liquid with a round shape	https://doi.org/10.1075/celcr.14	0.0	1.0	0.0	2.17	2.35	445.25	4.79	3.24	03.06
control	drop	get rid of	a very small amount of liquid with a round shape	https://doi.org/10.1075/celcr.14	0.0	1.0	0.0	1.5	0.0	487.5	3.54	2.26	04.05
control	drop	take (a drug, especially LSD), by mouth	a very small amount of liquid with a round shape	https://doi.org/10.1075/celcr.14	0.0	1.0	0.0	3.71	0.0	489.89	5.53	3.39	3.72
control	drop	omit (a letter or syllable) in speaking or writing	a very small amount of liquid with a round shape	https://doi.org/10.1075/celcr.14	0.0	1.0	0.0	5.44	0.0	477.71	5.0	3.53	3.17
control	drop	leave undone or leave out	a very small amount of liquid with a round shape	https://doi.org/10.1075/celcr.14	0.0	0.0	0.0	2.4	0.0	480.67	5.7	2.59	02.08
control	drop	change from one level to another	a very small amount of liquid with a round shape	https://doi.org/10.1075/celcr.14	0.0	1.0	0.0	0.75	1.36	425.5	5.77	3.1	2.78
control	drop	fall or sink into a state of exhaustion or death	a very small amount of liquid with a round shape	https://doi.org/10.1075/celcr.14	0.0	0.0	0.0	6.38	4.26	514.8	5.16	3.81	2.59
control	drop	grow worse	a very small amount of liquid with a round shape	https://doi.org/10.1075/celcr.14	0.0	0.0	0.0	1.0	0.0	529.0	3.28	2.32	04.04
control	drop	give birth; used for animals	a very small amount of liquid with a round shape	https://doi.org/10.1075/celcr.14	0.0	1.0	0.0	2.75	0.0	500.0	3.39	3.64	3.28
control	labour	a social class comprising those who do manual labor or work for wages	work	https://doi.org/10.1075/celcr.14	0.0	0.0	0.0	4.27	2.26	471.33	05.01	3.43	2.54
control	labour	concluding state of pregnancy; from the onset of contractions to the birth of a child	work	https://doi.org/10.1075/celcr.14	0.0	1.0	0.0	6.25	1.51	526.71	04.07	3.57	03.02
control	labour	a political party formed in Great Britain in 1900; characterized by the promotion of labor's interests and formerly the socialization of key industries	work	https://doi.org/10.1075/celcr.14	0.0	0.0	0.0	3.88	2.2	496.27	05.03	2.83	03.08
control	labour	productive work (especially physical work done for wages)	work	https://doi.org/10.1075/celcr.14	1.0	1.0	1.0	1.71	02.04	523.0	4.98	2.7	03.08
control	labour	strive and make an effort to reach a goal	work	https://doi.org/10.1075/celcr.14	0.0	0.0	0.0	5.57	05.08	504.6	5.21	2.77	2.96
control	labour	undergo the efforts of childbirth	work	https://doi.org/10.1075/celcr.14	0.0	1.0	0.0	4.67	4.11	514.33	4.83	2.93	2.8
control	trap	a device in which something (usually an animal) can be caught and penned	a piece of equipment used for catching animals	https://doi.org/10.1075/celcr.14	1.0	1.0	1.0	3.6	0.4	512.12	5.26	3.14	3.65
control	trap	drain consisting of a U-shaped section of drainpipe that holds liquid and so prevents a return flow of sewer gas	a piece of equipment used for catching animals	https://doi.org/10.1075/celcr.14	0.0	1.0	0.0	5.33	2.74	455.58	4.91	04.06	2.9
control	trap	something (often something deceptively attractive) that catches you unawares	a piece of equipment used for catching animals	https://doi.org/10.1075/celcr.14	0.0	0.0	0.0	1.6	0.0	500.44	4.47	2.33	3.66
control	trap	a device to hurl clay pigeons into the air for trapshooters	a piece of equipment used for catching animals	https://doi.org/10.1075/celcr.14	0.0	1.0	0.0	6.0	01.03	526.5	05.08	4.28	04.08
control	trap	the act of concealing yourself and lying in wait to attack by surprise	a piece of equipment used for catching animals	https://doi.org/10.1075/celcr.14	0.0	1.0	0.0	4.38	2.19	524.17	4.5	2.92	3.53
control	trap	informal terms for the mouth	a piece of equipment used for catching animals	https://doi.org/10.1075/celcr.14	0.0	1.0	0.0	3.0	0.8	545.33	4.27	3.26	2.79
control	trap	a light two-wheeled carriage	a piece of equipment used for catching animals	https://doi.org/10.1075/celcr.14	0.0	1.0	0.0	6.5	2.42	505.67	05.02	4.54	3.13
control	trap	a hazard on a golf course	a piece of equipment used for catching animals	https://doi.org/10.1075/celcr.14	0.0	1.0	0.0	7.0	2.68	540.0	4.71	4.0	04.02
control	trap	place in a confining or embarrassing position	a piece of equipment used for catching animals	https://doi.org/10.1075/celcr.14	0.0	0.0	0.0	5.29	0.0	495.0	4.62	2.75	2.75
control	trap	catch in or as if in a trap	a piece of equipment used for catching animals	https://doi.org/10.1075/celcr.14	0.0	0.0	1.0	6.33	0.0	500.5	4.57	4.2	2.73
control	trap	hold or catch as if in a trap	a piece of equipment used for catching animals	https://doi.org/10.1075/celcr.14	0.0	0.0	1.0	5.33	0.0	515.33	4.97	04.03	2.48
control	trap	to hold fast or prevent from moving	a piece of equipment used for catching animals	https://doi.org/10.1075/celcr.14	0.0	1.0	1.0	2.4	0.0	504.5	5.47	3.29	2.14
control	survey	a detailed critical inspection	to examine an area of land in order to make a map of it	https://doi.org/10.1075/celcr.14	0.0	0.0	1.0	5.5	04.01	565.0	4.91	2.51	4.0
control	survey	short descriptive summary (of events)	to examine an area of land in order to make a map of it	https://doi.org/10.1075/celcr.14	0.0	0.0	0.0	1.5	0.6	475.83	5.85	2.88	4.37
control	survey	the act of looking or seeing or observing	to examine an area of land in order to make a map of it	https://doi.org/10.1075/celcr.14	0.0	1.0	1.0	6.83	01.07	448.25	5.14	03.09	3.14
control	survey	consider in a comprehensive way	to examine an area of land in order to make a map of it	https://doi.org/10.1075/celcr.14	0.0	0.0	0.0	6.4	5.98	509.33	5.69	1.95	2.55
control	survey	look over carefully or inspect	to examine an area of land in order to make a map of it	https://doi.org/10.1075/celcr.14	0.0	1.0	1.0	3.2	06.06	485.0	4.64	2.81	2.34
control	survey	keep under surveillance	to examine an area of land in order to make a map of it	https://doi.org/10.1075/celcr.14	0.0	1.0	1.0	4.0	0.0	475.0	5.45	2.74	3.29
control	survey	hold a review (of troops)	to examine an area of land in order to make a map of it	https://doi.org/10.1075/celcr.14	0.0	0.0	1.0	5.0	4.82	496.5	5.21	3.24	3.18
control	survey	make a survey of; for statistical purposes	to examine an area of land in order to make a map of it	https://doi.org/10.1075/celcr.14	0.0	1.0	0.0	2.75	0.0	527.2	4.97	2.65	3.65
control	survey	plot a map of (land)	to examine an area of land in order to make a map of it	https://doi.org/10.1075/celcr.14	1.0	1.0	1.0	6.25	0.0	519.2	5.95	4.21	3.83
control	development	act of improving by expanding or enlarging or refining	change, growth, or improvement over a period of time	https://doi.org/10.1075/celcr.14	0.0	0.0	0.0	4.38	0.0	381.4	4.61	2.65	2.41
control	development	a process in which something passes by degrees to a different stage (especially a more advanced or mature stage)	change, growth, or improvement over a period of time	https://doi.org/10.1075/celcr.14	1.0	0.0	0.0	4.81	0.4	531.83	4.65	2.67	3.74
control	development	(biology) the process of an individual organism growing organically; a purely biological unfolding of events involved in an organism changing gradually from a simple to a more complex level	change, growth, or improvement over a period of time	https://doi.org/10.1075/celcr.14	0.0	1.0	1.0	4.0	1.16	508.65	05.01	2.85	3.19
control	development	a recent event that has some relevance for the present situation	change, growth, or improvement over a period of time	https://doi.org/10.1075/celcr.14	0.0	0.0	0.0	4.25	0.4	441.0	4.82	2.44	3.63
control	development	the act of making some area of land or water more profitable or productive or useful	change, growth, or improvement over a period of time	https://doi.org/10.1075/celcr.14	0.0	1.0	0.0	3.92	0.07	526.12	4.9	3.15	2.98
control	development	a district that has been developed to serve some purpose	change, growth, or improvement over a period of time	https://doi.org/10.1075/celcr.14	0.0	0.0	0.0	2.75	1.44	476.0	3.89	2.86	1.93
control	development	a state in which things are improving; the result of developing (as in the early part of a game of chess)	change, growth, or improvement over a period of time	https://doi.org/10.1075/celcr.14	0.0	0.0	0.0	6.93	0.66	453.42	4.23	3.33	3.28
control	development	processing a photosensitive material in order to make an image visible	change, growth, or improvement over a period of time	https://doi.org/10.1075/celcr.14	0.0	1.0	0.0	3.8	0.4	469.57	5.91	03.05	2.95
control	development	(music) the section of a composition or movement (especially in sonata form) where the major musical themes are developed and elaborated	change, growth, or improvement over a period of time	https://doi.org/10.1075/celcr.14	0.0	1.0	0.0	5.44	1.7	470.0	4.81	3.14	3.27
control	role	the actions and activities assigned to or required or expected of a person or group	the character played by a particular actor in a film, play etc.	https://doi.org/10.1075/celcr.14	0.0	0.0	0.0	05.09	0.15	537.57	4.9	3.23	3.24
control	role	an actor's portrayal of someone in a play	the character played by a particular actor in a film, play etc.	https://doi.org/10.1075/celcr.14	1.0	1.0	1.0	6.57	0.7	505.6	5.21	3.44	3.5
control	role	what something is used for	the character played by a particular actor in a film, play etc.	https://doi.org/10.1075/celcr.14	0.0	0.0	0.0	1.5		470.0	3.16	2.23	04.08
control	role	normal or customary activity of a person in a particular social setting	the character played by a particular actor in a film, play etc.	https://doi.org/10.1075/celcr.14	0.0	0.0	0.0	4.45	0.17	507.14	5.92	2.59	3.64
control	elegant	refined and tasteful in appearance or behavior or style	elegant places and things are attractive because they are beautiful in a simple way	https://doi.org/10.1075/celcr.14	1.0	1.0	1.0	5.25		550.4	05.05	2.34	3.0
control	elegant	suggesting taste, ease, and wealth	elegant places and things are attractive because they are beautiful in a simple way	https://doi.org/10.1075/celcr.14	0.0	1.0	0.0	5.75		448.17	5.62	2.78	3.5
control	elegant	displaying effortless beauty and simplicity in movement or execution	elegant places and things are attractive because they are beautiful in a simple way	https://doi.org/10.1075/celcr.14	1.0	1.0	1.0	5.75		534.67	4.89	2.88	3.71
control	support	the activity of providing for or maintaining by supplying with money or necessities	something that holds the weight of an object, building, or structure so that it does not move or fall	https://doi.org/10.1007/s10775-017-9345-2	0.0	0.0	0.0	5.22	0.72	464.6	4.92	3.25	03.08
control	support	aiding the cause or policy or interests of	something that holds the weight of an object, building, or structure so that it does not move or fall	https://doi.org/10.1007/s10775-017-9345-2	0.0	0.0	0.0	5.67	0.3	448.75	3.85	2.33	2.39
control	support	something providing immaterial assistance to a person or cause or interest	something that holds the weight of an object, building, or structure so that it does not move or fall	https://doi.org/10.1007/s10775-017-9345-2	0.0	0.0	0.0	5.22	0.56	478.29	5.1	2.51	2.51
control	support	a military operation (often involving new supplies of men and materiel) to strengthen a military force or aid in the performance of its mission	something that holds the weight of an object, building, or structure so that it does not move or fall	https://doi.org/10.1007/s10775-017-9345-2	0.0	1.0	0.0	5.89	1.39	488.31	5.37	3.29	2.99
control	support	documentary validation	something that holds the weight of an object, building, or structure so that it does not move or fall	https://doi.org/10.1007/s10775-017-9345-2	0.0	0.0	0.0	3.5	8.99	503.0	5.84	03.01	3.91
control	support	the financial means whereby one lives	something that holds the weight of an object, building, or structure so that it does not move or fall	https://doi.org/10.1007/s10775-017-9345-2	0.0	1.0	0.0	3.75	0.6	512.5	4.72	2.65	2.7
control	support	supporting structure that holds up or provides a foundation	something that holds the weight of an object, building, or structure so that it does not move or fall	https://doi.org/10.1007/s10775-017-9345-2	1.0	1.0	1.0	4.38	0.7	569.6	5.59	3.49	02.09
control	support	the act of bearing the weight of or strengthening	something that holds the weight of an object, building, or structure so that it does not move or fall	https://doi.org/10.1007/s10775-017-9345-2	0.0	1.0	1.0	6.0	0.88	488.25	4.47	2.84	3.37
control	support	a musical part (vocal or instrumental) that supports or provides background for other musical parts	something that holds the weight of an object, building, or structure so that it does not move or fall	https://doi.org/10.1007/s10775-017-9345-2	0.0	1.0	0.0	6.38	1.73	405.64	4.96	3.24	2.86
control	support	any device that bears the weight of another thing	something that holds the weight of an object, building, or structure so that it does not move or fall	https://doi.org/10.1007/s10775-017-9345-2	0.0	1.0	1.0	2.83	0.77	502.8	5.38	3.73	2.92
control	support	financial resources provided to make some project possible	something that holds the weight of an object, building, or structure so that it does not move or fall	https://doi.org/10.1007/s10775-017-9345-2	0.0	1.0	0.0	1.86	0.6	462.0	5.23	2.54	2.44
control	support	give moral or psychological support, aid, or courage to	something that holds the weight of an object, building, or structure so that it does not move or fall	https://doi.org/10.1007/s10775-017-9345-2	0.0	0.0	0.0	4.57	0.0	526.75	4.15	2.37	3.45
control	support	support materially or financially	something that holds the weight of an object, building, or structure so that it does not move or fall	https://doi.org/10.1007/s10775-017-9345-2	0.0	0.0	0.0	3.0		419.0	4.85	2.48	2.66
control	support	be behind; approve of	something that holds the weight of an object, building, or structure so that it does not move or fall	https://doi.org/10.1007/s10775-017-9345-2	0.0	0.0	0.0	2.33	0.0	588.67	2.94	2.66	3.68
control	support	be the physical support of; carry the weight of	something that holds the weight of an object, building, or structure so that it does not move or fall	https://doi.org/10.1007/s10775-017-9345-2	1.0	1.0	1.0	1.25	3.74	545.8	3.78	3.53	2.92
control	support	establish or strengthen as with new evidence or facts	something that holds the weight of an object, building, or structure so that it does not move or fall	https://doi.org/10.1007/s10775-017-9345-2	0.0	0.0	0.0	5.0	2.0	479.25	5.37	2.74	2.92
control	support	adopt as a belief	something that holds the weight of an object, building, or structure so that it does not move or fall	https://doi.org/10.1007/s10775-017-9345-2	0.0	0.0	0.0	6.0	0.0	530.0	4.64	1.78	03.08
control	support	support with evidence or authority or make more certain or confirm	something that holds the weight of an object, building, or structure so that it does not move or fall	https://doi.org/10.1007/s10775-017-9345-2	0.0	0.0	0.0	4.56	0.0	445.83	4.68	2.55	3.0
control	support	argue or speak in defense of	something that holds the weight of an object, building, or structure so that it does not move or fall	https://doi.org/10.1007/s10775-017-9345-2	0.0	1.0	0.0	5.4	3.51	528.33	6.13	2.97	2.73
control	support	play a subordinate role to (another performer)	something that holds the weight of an object, building, or structure so that it does not move or fall	https://doi.org/10.1007/s10775-017-9345-2	0.0	0.0	0.0	4.67	6.52	454.0	5.33	2.98	3.22
control	support	be a regular customer or client of	something that holds the weight of an object, building, or structure so that it does not move or fall	https://doi.org/10.1007/s10775-017-9345-2	0.0	0.0	0.0	4.67	0.0	416.0	4.55	3.37	3.63
control	support	put up with something or somebody unpleasant	something that holds the weight of an object, building, or structure so that it does not move or fall	https://doi.org/10.1007/s10775-017-9345-2	0.0	0.0	0.0	2.6	0.0	476.5	3.95	2.5	03.06
control	emerge	come out into view, as from concealment	to come out of something or out from behind something	https://doi.org/10.6035/CLR	0.0	1.0	1.0	3.8	0.0	523.0	5.49	2.82	3.29
control	emerge	come out of	to come out of something or out from behind something	https://doi.org/10.6035/CLR	0.0	0.0	1.0	0.0	0.0	471.0	4.74	2.72	1.7
control	emerge	become known or apparent	to come out of something or out from behind something	https://doi.org/10.6035/CLR	0.0	1.0	0.0	3.25	0.0	511.0	5.55	1.7	3.88
control	emerge	come up to the surface of or rise	to come out of something or out from behind something	https://doi.org/10.6035/CLR	1.0	1.0	1.0	3.0	5.0	481.67	5.36	3.67	2.45
control	emerge	happen or occur as a result of something	to come out of something or out from behind something	https://doi.org/10.6035/CLR	0.0	1.0	0.0	4.83	0.0	463.0	3.45	02.07	2.92
control	depression	a mental state characterized by a pessimistic sense of inadequacy and a despondent lack of activity	an area on a surface that is lower than the parts around it	https://doi.org/10.6035/CLR	0.0	0.0		4.38	1.22	535.33	4.97	2.32	3.25
control	depression	a long-term economic state characterized by unemployment and low prices and low levels of trade and investment	an area on a surface that is lower than the parts around it	https://doi.org/10.6035/CLR	0.0	0.0		3.46	1.11	496.27	4.43	3.19	2.3
control	depression	a sunken or depressed geological formation	an area on a surface that is lower than the parts around it	https://doi.org/10.6035/CLR	1.0	1.0		4.0	0.7	435.5	06.01	2.89	2.89
control	depression	sad feelings of gloom and inadequacy	an area on a surface that is lower than the parts around it	https://doi.org/10.6035/CLR	0.0	0.0		4.5	2.86	535.0	4.78	02.08	3.41
control	depression	a period during the 1930s when there was a worldwide economic depression and mass unemployment	an area on a surface that is lower than the parts around it	https://doi.org/10.6035/CLR	0.0	0.0		5.1	01.03	496.71	4.86	2.83	2.64
control	depression	an air mass of lower pressure; often brings precipitation	an area on a surface that is lower than the parts around it	https://doi.org/10.6035/CLR	0.0	1.0		5.88	0.27	495.62	4.35	3.31	4.0
control	depression	a state of depression and anhedonia so severe as to require clinical intervention	an area on a surface that is lower than the parts around it	https://doi.org/10.6035/CLR	0.0	0.0		4.44	1.83	499.43	4.26	2.63	3.1
control	depression	a concavity in a surface produced by pressing	an area on a surface that is lower than the parts around it	https://doi.org/10.6035/CLR	1.0	1.0		4.62	0.82	537.75	4.34	3.24	2.56
control	depression	angular distance below the horizon (especially of a celestial object)	an area on a surface that is lower than the parts around it	https://doi.org/10.6035/CLR	0.0	1.0		3.25	1.21	484.25	5.27	03.08	3.54
control	depression	pushing down	an area on a surface that is lower than the parts around it	https://doi.org/10.6035/CLR	0.0	1.0		2.0		557.0	5.79	3.73	05.09
control	niche	a position particularly well suited to the person who occupies it	a hollow space in a wall	https://doi.org/10.18485/esptoday.2021.9.1.8	0.0	0.0	0.0	4.44	1.53	463.83	4.76	03.08	3.29
control	niche	a small concavity	a hollow space in a wall	https://doi.org/10.18485/esptoday.2021.9.1.8	1.0	1.0	1.0	5.33	1.45	469.5	5.0	3.22	2.58
control	niche	an enclosure that is set back or indented	a hollow space in a wall	https://doi.org/10.18485/esptoday.2021.9.1.8	0.0	1.0	1.0	5.0	0.9	457.0	4.44	3.87	3.11
control	niche	(ecology) the status of an organism within its environment and community (affecting its survival as a species)	a hollow space in a wall	https://doi.org/10.18485/esptoday.2021.9.1.8	0.0	0.0	0.0	6.14	0.92	485.0	5.21	2.9	3.44
control	niche	a position particularly well suited to the person who occupies it	a hollow space in a wall	https://doi.org/10.18485/esptoday.2021.9.1.8	0.0	0.0	0.0	4.44	1.53	463.83	4.76	03.08	3.29
control	niche	a small concavity	a hollow space in a wall	https://doi.org/10.18485/esptoday.2021.9.1.8	1.0	1.0	1.0	5.33	1.45	469.5	5.0	3.22	2.58
control	niche	an enclosure that is set back or indented	a hollow space in a wall	https://doi.org/10.18485/esptoday.2021.9.1.8	0.0	1.0	1.0	5.0	0.9	457.0	4.44	3.87	3.11
control	niche	(ecology) the status of an organism within its environment and community (affecting its survival as a species)	a hollow space in a wall	https://doi.org/10.18485/esptoday.2021.9.1.8	0.0	0.0	0.0	6.14	0.92	485.0	5.21	2.9	3.44
control	government	the organization that is the governing authority of a political unit	the people who control a country, region, or town and make decisions about its laws and taxes	https://doi.org/10.1075/ps.16055.sun	1.0	1.0	1.0	4.86	1.14	497.0	4.31	2.63	3.16
control	government	the act of governing; exercising authority	the people who control a country, region, or town and make decisions about its laws and taxes	https://doi.org/10.1075/ps.16055.sun	0.0	1.0	0.0	7.0	2.84	560.8	4.28	2.34	3.64
control	government	(government) the system or form by which a community or other political unit is governed	the people who control a country, region, or town and make decisions about its laws and taxes	https://doi.org/10.1075/ps.16055.sun	1.0	0.0	0.0	4.25	0.22	486.89	4.94	03.01	3.46
control	government	the study of government of states and other political units	the people who control a country, region, or town and make decisions about its laws and taxes	https://doi.org/10.1075/ps.16055.sun	0.0	0.0	0.0	3.0	0.2	493.0	4.11	3.14	2.7
control	branch	a division of some larger or more complex organization	a part of a tree that grows out of its trunk (=main stem) with leaves, flowers, or fruit growing.	https://doi.org/10.1075/ps.16055.sun	0.0	0.0	0.0	5.0	1.19	488.75	04.02	2.59	2.81
control	branch	a division of a stem, or secondary stem arising from the main stem of a plant	a part of a tree that grows out of its trunk (=main stem) with leaves, flowers, or fruit growing.	https://doi.org/10.1075/ps.16055.sun	1.0	1.0	1.0	7.92	0.7	491.0	4.37	3.75	2.88
control	branch	a part of a forked or branching shape	a part of a tree that grows out of its trunk (=main stem) with leaves, flowers, or fruit growing.	https://doi.org/10.1075/ps.16055.sun	0.0	1.0	0.0	6.57	0.24	382.25	4.64	3.17	2.32
control	branch	a natural consequence of development	a part of a tree that grows out of its trunk (=main stem) with leaves, flowers, or fruit growing.	https://doi.org/10.1075/ps.16055.sun	0.0	0.0	0.0	7.75	1.22	391.67	4.26	2.3	3.54
control	branch	a stream or river connected to a larger one	a part of a tree that grows out of its trunk (=main stem) with leaves, flowers, or fruit growing.	https://doi.org/10.1075/ps.16055.sun	0.0	1.0	0.0	3.75	1.89	444.0	4.79	04.01	03.02
control	branch	any projection that is thought to resemble a human arm	a part of a tree that grows out of its trunk (=main stem) with leaves, flowers, or fruit growing.	https://doi.org/10.1075/ps.16055.sun	0.0	1.0	0.0	3.5	04.01	522.4	5.1	3.44	2.75
control	branch	grow and send out branches or branch-like structures	a part of a tree that grows out of its trunk (=main stem) with leaves, flowers, or fruit growing.	https://doi.org/10.1075/ps.16055.sun	0.0	1.0	1.0	3.33	4.41	434.4	05.01	3.66	2.37
control	branch	divide into two or more branches so as to form a fork	a part of a tree that grows out of its trunk (=main stem) with leaves, flowers, or fruit growing.	https://doi.org/10.1075/ps.16055.sun	0.0	1.0	0.0	3.9	6.2	437.0	4.72	3.99	2.42
control	ride	a journey in a vehicle (usually an automobile)	to sit on an animal, especially a horse, and control its movements as it moves along	ISSN: 14568438	0.0	1.0	1.0	6.12	0.4	467.33	5.7	3.55	2.84
control	ride	a mechanical device that you ride for amusement or excitement	to sit on an animal, especially a horse, and control its movements as it moves along	ISSN: 14568438	0.0	1.0	0.0	6.5	1.44	549.6	5.37	03.09	3.12
control	ride	sit and travel on the back of animal, usually while controlling its motions	to sit on an animal, especially a horse, and control its movements as it moves along	ISSN: 14568438	1.0	1.0	1.0	2.9	3.93	493.12	5.35	3.88	2.85
control	ride	be carried or travel on or in a vehicle	to sit on an animal, especially a horse, and control its movements as it moves along	ISSN: 14568438	0.0	1.0	1.0	4.44	1.23	504.33	4.61	3.93	1.76
control	ride	continue undisturbed and without interference	to sit on an animal, especially a horse, and control its movements as it moves along	ISSN: 14568438	0.0	0.0	0.0	2.33	0.0	375.75	5.23	2.45	2.68
control	ride	move like a floating object	to sit on an animal, especially a horse, and control its movements as it moves along	ISSN: 14568438	0.0	1.0	0.0	6.0	0.0	495.75	4.42	3.17	2.81
control	ride	harass with persistent criticism or carping	to sit on an animal, especially a horse, and control its movements as it moves along	ISSN: 14568438	0.0	0.0	0.0	4.4	0.0	474.0	4.89	2.32	2.75
control	ride	be sustained or supported or borne	to sit on an animal, especially a horse, and control its movements as it moves along	ISSN: 14568438	0.0	0.0	1.0	3.0	0.0	513.67	05.07	1.97	2.73
control	ride	have certain properties when driven	to sit on an animal, especially a horse, and control its movements as it moves along	ISSN: 14568438	0.0	0.0	0.0	1.75	4.34	337.67	3.69	2.62	03.08
control	ride	be contingent on	to sit on an animal, especially a horse, and control its movements as it moves along	ISSN: 14568438	0.0	0.0	0.0	0.0	0.0	569.0	6.15	2.11	2.5
control	ride	lie moored or anchored	to sit on an animal, especially a horse, and control its movements as it moves along	ISSN: 14568438	0.0	1.0	0.0	4.0	0.0	546.33	5.56	3.42	2.4
control	ride	sit on and control a vehicle	to sit on an animal, especially a horse, and control its movements as it moves along	ISSN: 14568438	0.0	1.0	1.0	3.2	1.85	487.67	4.96	3.79	2.93
control	ride	climb up on the body	to sit on an animal, especially a horse, and control its movements as it moves along	ISSN: 14568438	0.0	1.0	0.0	2.0	0.0	408.0	5.74	4.45	3.96
control	ride	ride over, along, or through	to sit on an animal, especially a horse, and control its movements as it moves along	ISSN: 14568438	0.0	1.0	0.0	2.25		554.0	6.34	2.94	3.35
control	ride	keep partially engaged by slightly depressing a pedal with the foot	to sit on an animal, especially a horse, and control its movements as it moves along	ISSN: 14568438	0.0	1.0	0.0	3.44	2.53	451.0	5.45	2.9	03.02
control	ride	copulate with	to sit on an animal, especially a horse, and control its movements as it moves along	ISSN: 14568438	0.0	1.0	0.0	2.0	4.93	607.0	4.71	3.13	2.8
control	star	(astronomy) a celestial body of hot gases that radiates energy derived from thermonuclear reactions in the interior	a very large hot ball of gas that appears as a small bright light in the sky at night	https://doi.org/10.24197/ersjes.43.2022.207-241	1.0	1.0	1.0	4.69	0.68	509.5	5.23	3.41	3.32
control	star	someone who is dazzlingly skilled in any field	a very large hot ball of gas that appears as a small bright light in the sky at night	https://doi.org/10.24197/ersjes.43.2022.207-241	0.0	0.0	0.0	2.62	01.05	492.75	3.96	03.09	3.59
control	star	any celestial body visible (as a point of light) from the Earth at night	a very large hot ball of gas that appears as a small bright light in the sky at night	https://doi.org/10.24197/ersjes.43.2022.207-241	0.0	1.0	1.0	5.36	0.68	474.56	5.37	3.81	3.17
control	star	an actor who plays a principal role	a very large hot ball of gas that appears as a small bright light in the sky at night	https://doi.org/10.24197/ersjes.43.2022.207-241	0.0	1.0	0.0	6.57	1.98	402.25	5.2	3.36	3.29
control	star	a plane figure with 5 or more points; often used as an emblem	a very large hot ball of gas that appears as a small bright light in the sky at night	https://doi.org/10.24197/ersjes.43.2022.207-241	0.0	1.0	0.0	4.67	0.75	498.38	4.49	3.56	3.51
control	star	a performer who receives prominent billing	a very large hot ball of gas that appears as a small bright light in the sky at night	https://doi.org/10.24197/ersjes.43.2022.207-241	0.0	1.0	0.0	5.33	1.63	408.5	5.99	3.15	2.59
control	star	a star-shaped character * used in printing	a very large hot ball of gas that appears as a small bright light in the sky at night	https://doi.org/10.24197/ersjes.43.2022.207-241	0.0	1.0	0.0	4.83	1.1	452.2	4.67	3.26	3.22
control	star	the topology of a network whose components are connected to a hub	a very large hot ball of gas that appears as a small bright light in the sky at night	https://doi.org/10.24197/ersjes.43.2022.207-241	0.0	1.0	0.0	5.62	1.83	453.2	5.62	2.79	2.61
control	star	feature as the star	a very large hot ball of gas that appears as a small bright light in the sky at night	https://doi.org/10.24197/ersjes.43.2022.207-241	0.0	1.0	0.0	4.0	4.79	478.0	6.32	3.82	3.3
control	star	be the star in a performance	a very large hot ball of gas that appears as a small bright light in the sky at night	https://doi.org/10.24197/ersjes.43.2022.207-241	0.0	0.0	0.0	6.5	0.0	588.5	6.41	3.86	02.06
control	star	mark with an asterisk	a very large hot ball of gas that appears as a small bright light in the sky at night	https://doi.org/10.24197/ersjes.43.2022.207-241	0.0	1.0	0.0	4.67	6.31	564.5	05.04	4.11	2.5
control	star	indicating the most important performer or role	a very large hot ball of gas that appears as a small bright light in the sky at night	https://doi.org/10.24197/ersjes.43.2022.207-241	0.0	1.0		4.33		503.75	5.3	2.79	3.11
control	job	the principal activity in your life that you do to earn money	work that you do regularly to earn money	https://doi.org/10.24197/ersjes.43.2022.207-241	1.0	1.0	1.0	4.14	0.36	472.0	4.71	3.16	3.34
control	job	a specific piece of work required to be done as a duty or for a specific fee	work that you do regularly to earn money	https://doi.org/10.24197/ersjes.43.2022.207-241	0.0	1.0	1.0	3.93	1.0	501.88	4.43	2.87	3.18
control	job	a workplace; as in the expression	work that you do regularly to earn money	https://doi.org/10.24197/ersjes.43.2022.207-241	0.0	0.0	0.0	7.4	1.86	517.33	5.0	3.51	04.09
control	job	an object worked on; a result produced by working	work that you do regularly to earn money	https://doi.org/10.24197/ersjes.43.2022.207-241	0.0	0.0	1.0	3.33	1.1	477.0	4.68	3.1	3.48
control	job	the responsibility to do something	work that you do regularly to earn money	https://doi.org/10.24197/ersjes.43.2022.207-241	0.0	0.0	0.0	6.0	0.6	521.5	3.87	1.61	3.3
control	job	the performance of a piece of work	work that you do regularly to earn money	https://doi.org/10.24197/ersjes.43.2022.207-241	0.0	0.0	0.0	7.0	1.25	494.33	4.4	3.55	1.98
control	job	a damaging piece of work	work that you do regularly to earn money	https://doi.org/10.24197/ersjes.43.2022.207-241	0.0	0.0	0.0	4.5	0.3	485.67	4.42	3.81	2.92
control	job	a state of difficulty that needs to be resolved	work that you do regularly to earn money	https://doi.org/10.24197/ersjes.43.2022.207-241	0.0	0.0	0.0	4.0	2.75	484.5	4.54	2.31	03.01
control	job	a Jewish hero in the Old Testament who maintained his faith in God in spite of afflictions that tested him	work that you do regularly to earn money	https://doi.org/10.24197/ersjes.43.2022.207-241	0.0	1.0	0.0	4.73	0.55	539.6	4.35	2.41	03.05
control	job	any long-suffering person who withstands affliction without despairing	work that you do regularly to earn money	https://doi.org/10.24197/ersjes.43.2022.207-241	0.0	0.0	0.0	4.0	0.0	496.5	4.76	2.8	2.77
control	job	(computer science) a program application that may consist of several steps but is a single logical unit	work that you do regularly to earn money	https://doi.org/10.24197/ersjes.43.2022.207-241	0.0	1.0	0.0	05.07	1.9	447.25	4.8	3.18	2.85
control	job	a book in the Old Testament containing Job's pleas to God about his afflictions and God's reply	work that you do regularly to earn money	https://doi.org/10.24197/ersjes.43.2022.207-241	0.0	1.0	0.0	5.77	2.35	512.73	5.1	3.38	3.54
control	job	a crime (especially a robbery)	work that you do regularly to earn money	https://doi.org/10.24197/ersjes.43.2022.207-241	0.0	1.0	0.0	7.8	4.11	450.2	5.96	2.75	4.46
control	job	profit privately from public office and official business	work that you do regularly to earn money	https://doi.org/10.24197/ersjes.43.2022.207-241	0.0	1.0	0.0	2.5	0.0	496.33	4.16	03.06	3.48
control	job	arranged for contracted work to be done by others	work that you do regularly to earn money	https://doi.org/10.24197/ersjes.43.2022.207-241	0.0	0.0	0.0	1.33	0.0	506.0	4.65	2.6	1.97
control	job	work occasionally	work that you do regularly to earn money	https://doi.org/10.24197/ersjes.43.2022.207-241	0.0	0.0	0.0	3.0		452.0	4.92	2.78	02.06
control	job	invest at a risk	work that you do regularly to earn money	https://doi.org/10.24197/ersjes.43.2022.207-241	0.0	0.0	0.0	5.0	0.0	291.5	4.16	02.05	3.55
control	radiant	radiating or as if radiating light	a kind of energy produced by hot objects that cannot be seen such as light	http://www.ukm.my/ppbl/Gema/gemahome.html		1.0	1.0	4.8		521.33	5.95	4.21	3.47
control	take	the income or profit arising from such transactions as the sale of land or other property	taking is primarily associated with concrete actions, such as grasping items like books or cups	http://dx.doi.org/10.15823/zz.2016.19	0.0	1.0	0.0	05.08	1.6	451.67	4.72	3.6	03.03
control	take	the act of photographing a scene or part of a scene without interruption	taking is primarily associated with concrete actions, such as grasping items like books or cups	http://dx.doi.org/10.15823/zz.2016.19	0.0	1.0	0.0	7.0	0.76	469.14	4.18	03.08	2.99
control	take	carry out	taking is primarily associated with concrete actions, such as grasping items like books or cups	http://dx.doi.org/10.15823/zz.2016.19	0.0	1.0	0.0	0.5	0.0	509.0	2.62	04.04	2.0
control	take	require (time or space)	taking is primarily associated with concrete actions, such as grasping items like books or cups	http://dx.doi.org/10.15823/zz.2016.19	0.0	0.0	0.0	4.5	0.0	495.4	5.95	2.89	4.41
control	take	take somebody somewhere	taking is primarily associated with concrete actions, such as grasping items like books or cups	http://dx.doi.org/10.15823/zz.2016.19	0.0	1.0	1.0	1.5		425.33	4.11	2.98	2.79
control	take	get into one's hands, take physically	taking is primarily associated with concrete actions, such as grasping items like books or cups	http://dx.doi.org/10.15823/zz.2016.19	1.0	1.0	1.0	1.0	0.0	482.14	4.75	3.32	3.29
control	take	take on a certain form, attribute, or aspect	taking is primarily associated with concrete actions, such as grasping items like books or cups	http://dx.doi.org/10.15823/zz.2016.19	0.0	0.0	0.0	4.43	2.71	503.71	4.15	2.4	3.64
control	take	interpret something in a certain way; convey a particular meaning or impression	taking is primarily associated with concrete actions, such as grasping items like books or cups	http://dx.doi.org/10.15823/zz.2016.19	0.0	0.0	0.0	04.09	2.13	481.0	3.69	02.03	3.25
control	take	take something or somebody with oneself somewhere	taking is primarily associated with concrete actions, such as grasping items like books or cups	http://dx.doi.org/10.15823/zz.2016.19	0.0	1.0	1.0	4.0		479.2	04.03	2.85	03.07
control	take	take into one's possession	taking is primarily associated with concrete actions, such as grasping items like books or cups	http://dx.doi.org/10.15823/zz.2016.19	0.0	1.0	1.0	3.0		487.5	5.81	3.33	3.18
control	take	travel or go by means of a certain kind of transportation, or a certain route	taking is primarily associated with concrete actions, such as grasping items like books or cups	http://dx.doi.org/10.15823/zz.2016.19	0.0	1.0	0.0	4.46	0.0	475.75	4.68	2.86	3.4
control	take	pick out, select, or choose from a number of alternatives	taking is primarily associated with concrete actions, such as grasping items like books or cups	http://dx.doi.org/10.15823/zz.2016.19	0.0	0.0	0.0	4.0	2.9	539.0	5.6	2.94	3.34
control	take	receive willingly something given or offered	taking is primarily associated with concrete actions, such as grasping items like books or cups	http://dx.doi.org/10.15823/zz.2016.19	0.0	1.0	1.0	3.0	0.0	525.0	04.06	2.22	3.1
control	take	assume, as of positions or roles	taking is primarily associated with concrete actions, such as grasping items like books or cups	http://dx.doi.org/10.15823/zz.2016.19	0.0	0.0	0.0	6.0	0.0	491.75	5.38	2.19	3.18
control	take	take into consideration for exemplifying purposes	taking is primarily associated with concrete actions, such as grasping items like books or cups	http://dx.doi.org/10.15823/zz.2016.19	0.0	0.0	0.0	4.0		488.5	3.89	2.15	2.0
control	take	require as useful, just, or proper	taking is primarily associated with concrete actions, such as grasping items like books or cups	http://dx.doi.org/10.15823/zz.2016.19	0.0	0.0	0.0	2.83	06.03	503.0	5.51	2.0	3.8
control	take	experience or feel or submit to	taking is primarily associated with concrete actions, such as grasping items like books or cups	http://dx.doi.org/10.15823/zz.2016.19	0.0	0.0	0.0	5.4	1.37	531.0	5.16	2.25	2.56
control	take	make a film or photograph of something	taking is primarily associated with concrete actions, such as grasping items like books or cups	http://dx.doi.org/10.15823/zz.2016.19	0.0	1.0	0.0	6.0	3.64	413.75	4.67	3.52	04.03
control	take	remove something concrete, as by lifting, pushing, or taking off, or remove something abstract	taking is primarily associated with concrete actions, such as grasping items like books or cups	http://dx.doi.org/10.15823/zz.2016.19	0.0	0.0	1.0	2.58	4.36	516.85	5.29	2.93	3.57
control	take	serve oneself to, or consume regularly	taking is primarily associated with concrete actions, such as grasping items like books or cups	http://dx.doi.org/10.15823/zz.2016.19	0.0	1.0	1.0	3.25	2.36	530.0	4.95	3.12	2.92
control	take	accept or undergo, often unwillingly	taking is primarily associated with concrete actions, such as grasping items like books or cups	http://dx.doi.org/10.15823/zz.2016.19	0.0	0.0	0.0	2.0	02.05	493.2	5.0	2.39	2.95
control	take	make use of or accept for some purpose	taking is primarily associated with concrete actions, such as grasping items like books or cups	http://dx.doi.org/10.15823/zz.2016.19	0.0	0.0	0.0	2.67	2.45	485.75	4.49	2.5	2.92
control	take	take by force	taking is primarily associated with concrete actions, such as grasping items like books or cups	http://dx.doi.org/10.15823/zz.2016.19	0.0	1.0	1.0	1.0	0.0	549.0	4.54	03.03	3.77
control	take	occupy or take on	taking is primarily associated with concrete actions, such as grasping items like books or cups	http://dx.doi.org/10.15823/zz.2016.19	0.0	1.0	0.0	3.33	0.0	580.5	5.35	3.19	2.82
control	take	admit into a group or community	taking is primarily associated with concrete actions, such as grasping items like books or cups	http://dx.doi.org/10.15823/zz.2016.19	0.0	0.0	0.0	5.6	3.64	562.67	05.09	3.32	3.34
control	take	ascertain or determine by measuring, computing or take a reading from a dial	taking is primarily associated with concrete actions, such as grasping items like books or cups	http://dx.doi.org/10.15823/zz.2016.19	0.0	1.0	0.0	4.55	0.0	546.88	4.84	3.19	2.99
control	take	be a student of a certain subject	taking is primarily associated with concrete actions, such as grasping items like books or cups	http://dx.doi.org/10.15823/zz.2016.19	0.0	1.0	0.0	4.83	0.0	475.67	4.39	3.25	2.43
control	take	take as an undesirable consequence of some event or state of affairs	taking is primarily associated with concrete actions, such as grasping items like books or cups	http://dx.doi.org/10.15823/zz.2016.19	0.0	0.0	0.0	5.67		482.83	3.93	2.76	2.63
control	take	head into a specified direction	taking is primarily associated with concrete actions, such as grasping items like books or cups	http://dx.doi.org/10.15823/zz.2016.19	0.0	1.0	0.0	6.0	0.0	500.67	5.28	3.77	3.6
control	take	point or cause to go (blows, weapons, or objects such as photographic equipment) towards	taking is primarily associated with concrete actions, such as grasping items like books or cups	http://dx.doi.org/10.15823/zz.2016.19	0.0	1.0	0.0	3.92	1.82	472.92	5.41	3.36	3.35
control	take	be seized or affected in a specified way	taking is primarily associated with concrete actions, such as grasping items like books or cups	http://dx.doi.org/10.15823/zz.2016.19	0.0	0.0	0.0	4.25	0.0	504.5	4.65	2.13	3.0
control	take	have with oneself; have on one's person	taking is primarily associated with concrete actions, such as grasping items like books or cups	http://dx.doi.org/10.15823/zz.2016.19	0.0	1.0	1.0	3.8	0.0	513.6	5.21	04.06	3.57
control	take	engage for service under a term of contract	taking is primarily associated with concrete actions, such as grasping items like books or cups	http://dx.doi.org/10.15823/zz.2016.19	0.0	1.0	0.0	5.67	7.33	433.0	5.27	2.81	3.52
control	take	receive or obtain regularly	taking is primarily associated with concrete actions, such as grasping items like books or cups	http://dx.doi.org/10.15823/zz.2016.19	0.0	1.0	0.0	2.5	0.0	516.0	4.38	2.5	2.3
control	take	buy, select	taking is primarily associated with concrete actions, such as grasping items like books or cups	http://dx.doi.org/10.15823/zz.2016.19	0.0	1.0	0.0	2.5	0.0	461.33	6.47	2.92	3.95
control	take	to get into a position of having, e.g., safety, comfort	taking is primarily associated with concrete actions, such as grasping items like books or cups	http://dx.doi.org/10.15823/zz.2016.19	0.0	0.0	0.0	3.86	0.0	502.62	5.0	2.56	3.79
control	take	have sex with; archaic use	taking is primarily associated with concrete actions, such as grasping items like books or cups	http://dx.doi.org/10.15823/zz.2016.19	0.0	1.0	0.0	2.25	2.61	571.0	4.35	03.04	4.18
control	take	lay claim to; as of an idea	taking is primarily associated with concrete actions, such as grasping items like books or cups	http://dx.doi.org/10.15823/zz.2016.19	0.0	0.0	0.0	6.6	3.66	519.25	3.73	2.81	3.13
control	take	be designed to hold or take	taking is primarily associated with concrete actions, such as grasping items like books or cups	http://dx.doi.org/10.15823/zz.2016.19	0.0	1.0	0.0	4.0	0.0	524.33	05.03	3.22	2.24
control	take	be capable of holding or containing	taking is primarily associated with concrete actions, such as grasping items like books or cups	http://dx.doi.org/10.15823/zz.2016.19	0.0	1.0	0.0	2.2	4.71	468.0	5.65	2.96	2.75
control	take	develop a habit	taking is primarily associated with concrete actions, such as grasping items like books or cups	http://dx.doi.org/10.15823/zz.2016.19	0.0	0.0	0.0	4.67	0.0	574.5	4.88	2.32	2.36
control	take	proceed along in a vehicle	taking is primarily associated with concrete actions, such as grasping items like books or cups	http://dx.doi.org/10.15823/zz.2016.19	0.0	1.0	0.0	4.2	0.0	477.0	4.53	3.11	1.81
control	take	obtain by winning	taking is primarily associated with concrete actions, such as grasping items like books or cups	http://dx.doi.org/10.15823/zz.2016.19	0.0	0.0	0.0	0.33	0.0	539.0	4.78	2.91	2.5
control	take	be stricken by an illness, fall victim to an illness	taking is primarily associated with concrete actions, such as grasping items like books or cups	http://dx.doi.org/10.15823/zz.2016.19	0.0	1.0	0.0	4.44	0.0	426.67	5.97	3.4	3.55
control	channel	a path over which electrical signals can pass	carrying water through a passage	http://dx.doi.org/10.15823/zz.2016.19	0.0	1.0	0.0	3.86	0.2	430.0	3.88	3.9	2.53
control	channel	a passage for water (or other fluids) to flow through	carrying water through a passage	http://dx.doi.org/10.15823/zz.2016.19	1.0	1.0	1.0	3.62	1.1	438.0	5.4	4.31	3.59
control	channel	a long narrow furrow cut either by a natural process (such as erosion) or by a tool (as e.g. a groove in a phonograph record)	carrying water through a passage	http://dx.doi.org/10.15823/zz.2016.19	0.0	1.0	1.0	05.08	0.95	477.67	5.46	3.48	3.24
control	channel	a deep and relatively narrow body of water (as in a river or a harbor or a strait linking two larger bodies) that allows the best passage for vessels	carrying water through a passage	http://dx.doi.org/10.15823/zz.2016.19	0.0	1.0	1.0	6.12	2.15	497.24	4.82	3.71	03.09
control	channel	(often plural) a means of communication or access	carrying water through a passage	http://dx.doi.org/10.15823/zz.2016.19	0.0	0.0	0.0	5.14	0.7	492.33	5.63	2.68	3.39
control	channel	a bodily passage or tube lined with epithelial cells and conveying a secretion or other substance	carrying water through a passage	http://dx.doi.org/10.15823/zz.2016.19	0.0	1.0	1.0	4.93	0.8	539.75	4.38	3.64	3.86
control	channel	a television station and its programs	carrying water through a passage	http://dx.doi.org/10.15823/zz.2016.19	0.0	1.0	0.0	7.4	0.78	527.67	3.81	4.19	2.12
control	channel	a way of selling a company's product either directly or via distributors	carrying water through a passage	http://dx.doi.org/10.15823/zz.2016.19	0.0	0.0	0.0	5.5	0.31	493.12	4.84	2.78	2.96
control	channel	transmit or serve as the medium for transmission	carrying water through a passage	http://dx.doi.org/10.15823/zz.2016.19	0.0	0.0	1.0	6.17	4.25	508.5	3.12	3.52	3.29
control	channel	direct the flow of	carrying water through a passage	http://dx.doi.org/10.15823/zz.2016.19	0.0	0.0	1.0	3.5	7.11	508.5	4.81	2.94	2.8
control	channel	send from one person or place to another	carrying water through a passage	http://dx.doi.org/10.15823/zz.2016.19	0.0	0.0	0.0	5.83	6.33	495.4	5.81	3.51	2.44
control	virus	(virology) ultramicroscopic infectious agent that replicates itself only within cells of living hosts; many are pathogenic; a piece of nucleic acid (DNA or RNA) wrapped in a thin coat of protein	Any of the various submicroscopic agents that infect living organisms, often causing disease	https://ejournals.facultas.at/index.php/fachsprache/article/download/1766/1552	1.0	1.0	1.0	4.2	0.72	509.92	4.52	3.43	3.45
control	virus	a harmful or corrupting agency	Any of the various submicroscopic agents that infect living organisms, often causing disease	https://ejournals.facultas.at/index.php/fachsprache/article/download/1766/1552	0.0	0.0	0.0	4.6	0.2	426.33	5.48	2.76	3.0
control	virus	a software program capable of reproducing itself and usually capable of causing great harm to files or other programs on the same computer	Any of the various submicroscopic agents that infect living organisms, often causing disease	https://ejournals.facultas.at/index.php/fachsprache/article/download/1766/1552	0.0	1.0	0.0	4.0	1.5	495.58	5.47	2.97	2.64
control	scan	the act of scanning; systematic examination of a prescribed region	to read something very quickly, in order to get a general idea of its meaning or to find particular information, to look at something very carefully, because you hope or expect to see a particular person or thing	https://ejournals.facultas.at/index.php/fachsprache/article/download/1766/1553	0.0	1.0	1.0	5.57	2.34	477.14	4.36	2.94	3.79
control	scan	an image produced by scanning	to read something very quickly, in order to get a general idea of its meaning or to find particular information, to look at something very carefully, because you hope or expect to see a particular person or thing	https://ejournals.facultas.at/index.php/fachsprache/article/download/1766/1553	0.0	1.0	0.0	5.2	2.72	513.0	3.85	3.21	3.43
control	scan	examine minutely or intensely	to read something very quickly, in order to get a general idea of its meaning or to find particular information, to look at something very carefully, because you hope or expect to see a particular person or thing	https://ejournals.facultas.at/index.php/fachsprache/article/download/1766/1553	1.0	1.0	1.0	2.75	0.0	445.33	3.97	2.22	3.34
control	scan	examine hastily	to read something very quickly, in order to get a general idea of its meaning or to find particular information, to look at something very carefully, because you hope or expect to see a particular person or thing	https://ejournals.facultas.at/index.php/fachsprache/article/download/1766/1553	0.0	1.0	1.0	1.0	0.0	428.0	3.21	2.58	3.0
control	scan	make a wide, sweeping search of	to read something very quickly, in order to get a general idea of its meaning or to find particular information, to look at something very carefully, because you hope or expect to see a particular person or thing	https://ejournals.facultas.at/index.php/fachsprache/article/download/1766/1553	1.0	1.0	1.0	3.4	2.43	520.0	05.02	03.01	3.17
control	scan	conform to a metrical pattern	to read something very quickly, in order to get a general idea of its meaning or to find particular information, to look at something very carefully, because you hope or expect to see a particular person or thing	https://ejournals.facultas.at/index.php/fachsprache/article/download/1766/1553	0.0	1.0	0.0	2.5	0.0	340.33	5.93	2.77	2.18
control	scan	move a light beam over; in electronics, to reproduce an image	to read something very quickly, in order to get a general idea of its meaning or to find particular information, to look at something very carefully, because you hope or expect to see a particular person or thing	https://ejournals.facultas.at/index.php/fachsprache/article/download/1766/1553	0.0	1.0	1.0	4.8	01.04	534.5	4.7	3.85	3.36
control	scan	read metrically	to read something very quickly, in order to get a general idea of its meaning or to find particular information, to look at something very carefully, because you hope or expect to see a particular person or thing	https://ejournals.facultas.at/index.php/fachsprache/article/download/1766/1553	0.0	1.0	0.0	4.5		530.5	3.7	2.96	03.01
control	scan	obtain data from magnetic tapes	to read something very quickly, in order to get a general idea of its meaning or to find particular information, to look at something very carefully, because you hope or expect to see a particular person or thing	https://ejournals.facultas.at/index.php/fachsprache/article/download/1766/1553	0.0	1.0	0.0	3.75	0.0	445.67	4.42	3.44	2.88
control	remove	degree of figurative distance or separation;  or	to take something or someone away from a place	https://ejournals.facultas.at/index.php/fachsprache/article/download/1766/1555	0.0	0.0	0.0	5.33	0.3	573.6	4.1	2.63	3.47
control	remove	remove something concrete, as by lifting, pushing, or taking off, or remove something abstract	to take something or someone away from a place	https://ejournals.facultas.at/index.php/fachsprache/article/download/1766/1555	1.0	0.0	1.0	3.1	3.64	516.85	5.29	2.93	3.57
control	remove	remove from a position or an office	to take something or someone away from a place	https://ejournals.facultas.at/index.php/fachsprache/article/download/1766/1555	0.0	0.0	0.0	6.6		522.33	4.13	3.56	2.46
control	remove	dispose of	to take something or someone away from a place	https://ejournals.facultas.at/index.php/fachsprache/article/download/1766/1555	0.0	0.0	1.0	4.0	0.0	559.0	5.3	3.59	2.9
control	remove	cause to leave	to take something or someone away from a place	https://ejournals.facultas.at/index.php/fachsprache/article/download/1766/1555	0.0	0.0	0.0	2.0	0.0	443.0	4.78	2.48	1.74
control	remove	shift the position or location of, as for business, legal, educational, or military purposes	to take something or someone away from a place	https://ejournals.facultas.at/index.php/fachsprache/article/download/1766/1555	0.0	1.0	0.0	5.0		507.92	05.02	2.64	3.43
control	remove	go away or leave	to take something or someone away from a place	https://ejournals.facultas.at/index.php/fachsprache/article/download/1766/1555	0.0	1.0	0.0	2.25	0.0	290.0	3.99	2.64	2.4
control	remove	kill intentionally and with premeditation	to take something or someone away from a place	https://ejournals.facultas.at/index.php/fachsprache/article/download/1766/1555	0.0	1.0	0.0	4.0	0.0	476.0	04.09	2.76	2.28
control	remove	get rid of something abstract	to take something or someone away from a place	https://ejournals.facultas.at/index.php/fachsprache/article/download/1766/1555	0.0	0.0	0.0	0.67	0.0	499.0	3.49	1.94	3.54
control	code	a set of rules or principles or laws (especially written ones)	a system of words, numbers, or signs used for sending secret messages, a complicated system of rules, relationships, or instructions (the genetic code)	https://ejournals.facultas.at/index.php/fachsprache/article/download/1766/1556	1.0	1.0	1.0	6.2	0.26	475.38	5.15	2.97	3.41
control	code	a coding system used for transmitting messages requiring brevity or secrecy	a system of words, numbers, or signs used for sending secret messages, a complicated system of rules, relationships, or instructions (the genetic code)	https://ejournals.facultas.at/index.php/fachsprache/article/download/1766/1556	1.0	1.0	1.0	4.7	0.73	407.0	4.32	2.8	03.05
control	code	(computer science) the symbolic arrangement of data or instructions in a computer program or the set of such instructions	a system of words, numbers, or signs used for sending secret messages, a complicated system of rules, relationships, or instructions (the genetic code)	https://ejournals.facultas.at/index.php/fachsprache/article/download/1766/1556	0.0	1.0	1.0	5.53	1.65	399.3	05.05	3.48	3.35
control	code	attach a code to	a system of words, numbers, or signs used for sending secret messages, a complicated system of rules, relationships, or instructions (the genetic code)	https://ejournals.facultas.at/index.php/fachsprache/article/download/1766/1556	0.0	1.0	1.0	4.0	0.0	566.5	3.75	3.16	3.84
control	code	convert ordinary language into code	a system of words, numbers, or signs used for sending secret messages, a complicated system of rules, relationships, or instructions (the genetic code)	https://ejournals.facultas.at/index.php/fachsprache/article/download/1766/1556	0.0	1.0	1.0	6.0	0.0	531.5	5.21	2.47	3.58
control	infected	communicate a disease to	someone who is infected has a disease that can be spread from one person to another, containing bacteria or other substances that cause disease	https://ejournals.facultas.at/index.php/fachsprache/article/download/1766/1558	1.0	1.0	1.0	6.0	0.0	432.0	5.16	3.44	4.0
control	infected	contaminate with a disease or microorganism	someone who is infected has a disease that can be spread from one person to another, containing bacteria or other substances that cause disease	https://ejournals.facultas.at/index.php/fachsprache/article/download/1766/1558	1.0	1.0	1.0	6.8	11.53	500.33	05.04	3.42	3.77
control	infected	corrupt with ideas or an ideology	someone who is infected has a disease that can be spread from one person to another, containing bacteria or other substances that cause disease	https://ejournals.facultas.at/index.php/fachsprache/article/download/1766/1558	0.0	0.0	0.0	6.6	10.78	523.33	3.86	1.75	2.11
control	infected	affect in a contagious way	someone who is infected has a disease that can be spread from one person to another, containing bacteria or other substances that cause disease	https://ejournals.facultas.at/index.php/fachsprache/article/download/1766/1558	0.0	1.0	0.0	5.0	0.0	360.67	04.08	2.33	2.91
control	infected	containing or resulting from disease-causing organisms	someone who is infected has a disease that can be spread from one person to another, containing bacteria or other substances that cause disease	https://ejournals.facultas.at/index.php/fachsprache/article/download/1766/1558	1.0	1.0	1.0	3.75		511.25	5.62	3.14	2.69
control	file	a set of related records (either written or electronic) kept together	a set of papers, documents, or records that you keep because they contain information; line, row, chain, string, column, queue, procession	https://ejournals.facultas.at/index.php/fachsprache/article/download/1766/1560	1.0	1.0	1.0	2.5	0.87	516.2	5.0	3.1	3.19
control	file	a line of persons or things ranged one behind the other	a set of papers, documents, or records that you keep because they contain information; line, row, chain, string, column, queue, procession	https://ejournals.facultas.at/index.php/fachsprache/article/download/1766/1560	0.0	1.0	0.0	4.22	2.41	438.83	4.83	3.7	3.86
control	file	office furniture consisting of a container for keeping papers in order	a set of papers, documents, or records that you keep because they contain information; line, row, chain, string, column, queue, procession	https://ejournals.facultas.at/index.php/fachsprache/article/download/1766/1560	0.0	1.0	0.0	5.56	1.97	474.71	5.22	4.1	3.4
control	file	a steel hand tool with small sharp teeth on some or all of its surfaces; used for smoothing wood or metal	a set of papers, documents, or records that you keep because they contain information; line, row, chain, string, column, queue, procession	https://ejournals.facultas.at/index.php/fachsprache/article/download/1766/1560	0.0	1.0	0.0	4.56	1.84	519.17	4.1	4.18	2.71
control	file	record in a public office or in a court of law	a set of papers, documents, or records that you keep because they contain information; line, row, chain, string, column, queue, procession	https://ejournals.facultas.at/index.php/fachsprache/article/download/1766/1560	0.0	1.0	1.0	6.6		485.6	4.55	3.71	2.39
control	file	smooth with a file	a set of papers, documents, or records that you keep because they contain information; line, row, chain, string, column, queue, procession	https://ejournals.facultas.at/index.php/fachsprache/article/download/1766/1560	0.0	1.0	0.0	5.0		512.5	5.21	4.11	2.32
control	file	proceed in line	a set of papers, documents, or records that you keep because they contain information; line, row, chain, string, column, queue, procession	https://ejournals.facultas.at/index.php/fachsprache/article/download/1766/1560	0.0	1.0	0.0	3.0	1.85	503.0	3.26	3.52	4.0
control	file	file a formal charge against	a set of papers, documents, or records that you keep because they contain information; line, row, chain, string, column, queue, procession	https://ejournals.facultas.at/index.php/fachsprache/article/download/1766/1560	0.0	1.0	0.0	6.67	8.73	525.67	4.97	3.36	2.61
control	file	place in a container for keeping records	a set of papers, documents, or records that you keep because they contain information; line, row, chain, string, column, queue, procession	https://ejournals.facultas.at/index.php/fachsprache/article/download/1766/1560	0.0	1.0	1.0	5.83	2.88	492.75	5.3	3.67	2.21
control	reconstruct	reassemble mentally	to build something again	https://ejournals.facultas.at/index.php/fachsprache/article/download/1766/1562	0.0	0.0	0.0	1.0	0.0	522.5	6.47	2.43	2.57
control	reconstruct	build again	to build something again	https://ejournals.facultas.at/index.php/fachsprache/article/download/1766/1562	1.0	1.0	1.0	0.5	2.94	578.0	6.46	3.71	3.82
control	reconstruct	cause somebody to adapt or reform socially or politically	to build something again	https://ejournals.facultas.at/index.php/fachsprache/article/download/1766/1562	0.0	0.0	0.0	3.0	0.97	477.0	4.88	2.4	2.52
control	reconstruct	return to its original or usable and functioning condition	to build something again	https://ejournals.facultas.at/index.php/fachsprache/article/download/1766/1562	0.0	1.0	0.0	4.57	0.0	481.8	5.62	2.3	2.86
control	reconstruct	do over, as of (part of) a house	to build something again	https://ejournals.facultas.at/index.php/fachsprache/article/download/1766/1562	0.0	1.0	1.0	5.0	0.0	361.4	5.84	4.14	3.77
control	harvest	the yield from plants in a single growing season	process of period of gathering in crops.	http://dx.doi.org/10.6007/IJARBSS/v13-i11/19483	1.0	1.0	1.0	5.86	0.48	532.6	5.0	3.43	2.8
control	harvest	the consequence of an effort or activity	process of period of gathering in crops.	http://dx.doi.org/10.6007/IJARBSS/v13-i11/19483	0.0	0.0	0.0	7.0	0.98	477.0	4.54	2.56	04.03
control	harvest	the gathering of a ripened crop	process of period of gathering in crops.	http://dx.doi.org/10.6007/IJARBSS/v13-i11/19483	1.0	1.0	1.0	6.0	3.58	542.33	4.38	3.82	2.55
control	harvest	the season for gathering crops	process of period of gathering in crops.	http://dx.doi.org/10.6007/IJARBSS/v13-i11/19483	1.0	1.0	0.0	5.0	4.25	514.33	4.58	3.65	3.28
control	harvest	gather, as of natural products	process of period of gathering in crops.	http://dx.doi.org/10.6007/IJARBSS/v13-i11/19483	1.0	1.0	1.0	5.5		474.25	5.93	2.92	3.58
control	harvest	remove from a culture or a living or dead body, as for the purposes of transplantation	process of period of gathering in crops.	http://dx.doi.org/10.6007/IJARBSS/v13-i11/19483	0.0	0.0	0.0	6.42	0.0	458.88	5.11	3.15	2.52
control	planting	the act of fixing firmly in place	putting a seed or plant in the ground so that it can grow	http://dx.doi.org/10.6007/IJARBSS/v13-i11/19483	0.0	1.0	0.0	3.6	1.46	535.25	4.77	2.79	3.24
control	planting	a collection of plants (trees or shrubs or flowers) in a particular area	putting a seed or plant in the ground so that it can grow	http://dx.doi.org/10.6007/IJARBSS/v13-i11/19483	0.0	1.0	1.0	6.33	0.33	493.43	4.99	3.95	3.88
control	planting	putting seeds or young plants in the ground to grow	putting a seed or plant in the ground so that it can grow	http://dx.doi.org/10.6007/IJARBSS/v13-i11/19483	0.0	1.0	1.0	3.12	0.0	522.5	4.72	04.09	3.58
control	planting	put or set (seeds, seedlings, or plants) into the ground	putting a seed or plant in the ground so that it can grow	http://dx.doi.org/10.6007/IJARBSS/v13-i11/19483	1.0	1.0	1.0	4.5	5.8	517.67	5.6	04.03	3.88
control	planting	fix or set securely or deeply	putting a seed or plant in the ground so that it can grow	http://dx.doi.org/10.6007/IJARBSS/v13-i11/19483	0.0	1.0	0.0	3.67	0.0	558.25	3.79	2.8	03.03
control	planting	set up or lay the groundwork for	putting a seed or plant in the ground so that it can grow	http://dx.doi.org/10.6007/IJARBSS/v13-i11/19483	0.0	1.0	0.0	4.8	3.25	528.67	5.13	3.36	2.48
control	planting	place into a river	putting a seed or plant in the ground so that it can grow	http://dx.doi.org/10.6007/IJARBSS/v13-i11/19483	0.0	1.0	0.0	5.33	0.0	497.5	5.56	4.18	3.37
control	planting	place something or someone in a certain position in order to secretly observe or deceive	putting a seed or plant in the ground so that it can grow	http://dx.doi.org/10.6007/IJARBSS/v13-i11/19483	0.0	0.0	0.0	4.23	2.27	510.89	4.58	2.49	3.48
control	planting	put firmly in the mind	putting a seed or plant in the ground so that it can grow	http://dx.doi.org/10.6007/IJARBSS/v13-i11/19483	0.0	0.0	0.0	4.0	0.0	502.0	4.57	2.44	3.32
control	elude	escape, either physically or mentally	escape from or avoid	http://dx.doi.org/10.6007/IJARBSS/v13-i11/19483	1.0	0.0	1.0	2.0	0.0	512.4	4.99	2.39	2.95
control	elude	be incomprehensible to; escape understanding by	escape from or avoid	http://dx.doi.org/10.6007/IJARBSS/v13-i11/19483	0.0	0.0	0.0	0.6	4.63	568.0	2.78	2.2	3.65
control	elude	avoid or try to avoid fulfilling, answering, or performing (duties, questions, or issues)	escape from or avoid	http://dx.doi.org/10.6007/IJARBSS/v13-i11/19483	0.0	0.0	0.0	4.58	0.0	482.0	5.27	2.49	3.69
control	pain	a symptom of some physical hurt or disorder	highly unpleasant physical sensation caused by illness or injury; mental suffering or distress	Doi: 10.4025/actascilangcult.v38i4.29503	1.0	1.0	1.0	4.71	1.72	508.75	5.31	3.3	2.58
control	pain	emotional distress; a fundamental feeling that people try to avoid	highly unpleasant physical sensation caused by illness or injury; mental suffering or distress	Doi: 10.4025/actascilangcult.v38i4.29503	0.0	0.0	1.0	3.75	1.44	468.62	05.03	2.48	3.42
control	pain	a somatic sensation of acute discomfort	highly unpleasant physical sensation caused by illness or injury; mental suffering or distress	Doi: 10.4025/actascilangcult.v38i4.29503	0.0	1.0	1.0	7.0	0.6	468.5	3.58	2.36	2.34
control	pain	a bothersome annoying person	highly unpleasant physical sensation caused by illness or injury; mental suffering or distress	Doi: 10.4025/actascilangcult.v38i4.29503	0.0	0.0	0.0	6.0	0.27	539.0	4.96	2.96	2.62
control	pain	something or someone that causes trouble; a source of unhappiness	highly unpleasant physical sensation caused by illness or injury; mental suffering or distress	Doi: 10.4025/actascilangcult.v38i4.29503	0.0	0.0	0.0	6.29	0.55	538.29	4.21	2.45	3.67
control	pain	cause bodily suffering to and make sick or indisposed	highly unpleasant physical sensation caused by illness or injury; mental suffering or distress	Doi: 10.4025/actascilangcult.v38i4.29503	1.0	1.0	1.0	2.57	1.63	476.33	5.99	2.48	2.59
control	pain	cause emotional anguish or make miserable	highly unpleasant physical sensation caused by illness or injury; mental suffering or distress	Doi: 10.4025/actascilangcult.v38i4.29503	0.0	0.0	1.0	2.17	4.68	501.0	5.3	2.29	2.62
control	harness	a support consisting of an arrangement of straps for holding something to the body (especially one supporting a person suspended from a parachute)	to put a harness on a horse or other draught anima	oai:DiVA.org:su-171437	0.0	1.0	1.0	5.31	01.07	496.29	05.07	3.18	3.62
control	harness	stable gear consisting of an arrangement of leather straps fitted to a draft animal so that it can be attached to and pull a cart	to put a harness on a horse or other draught anima	oai:DiVA.org:su-171437	1.0	1.0	1.0	5.37	1.39	462.18	4.87	3.78	2.93
control	harness	put a harness	to put a harness on a horse or other draught anima	oai:DiVA.org:su-171437	1.0	1.0	1.0	5.5	0.0	551.0	5.22	3.32	2.35
control	harness	exploit the power of	to put a harness on a horse or other draught anima	oai:DiVA.org:su-171437	0.0	0.0	0.0	2.0	4.74	420.5	5.74	1.86	3.23
control	harness	control and direct with or as if by reins	to put a harness on a horse or other draught anima	oai:DiVA.org:su-171437	0.0	1.0	0.0	3.0	5.71	597.0	06.08	02.04	3.67
control	harness	keep in check	to put a harness on a horse or other draught anima	oai:DiVA.org:su-171437	0.0	0.0	0.0	4.33	1,00E+300	500.0	3.94	3.24	3.0
control	impact	the striking of one body against another	the force with which one object hits another.	https://doi.org/10.1515/ijdlg-2024-0016	1.0	1.0	1.0	4.0	01.02	467.5	4.85	3.58	2.7
control	impact	a forceful consequence; a strong effect	the force with which one object hits another.	https://doi.org/10.1515/ijdlg-2024-0016	0.0	0.0	0.0	5.17	02.06	486.2	4.96	2.41	04.04
control	impact	influencing strongly	the force with which one object hits another.	https://doi.org/10.1515/ijdlg-2024-0016	0.0	0.0	0.0	1.0		559.5	3.43	2.39	2.57
control	impact	the violent interaction of individuals or groups entering into combat	the force with which one object hits another.	https://doi.org/10.1515/ijdlg-2024-0016	0.0	1.0	0.0	5.0	2.13	475.0	5.35	3.44	2.97
control	impact	press or wedge together; pack together	the force with which one object hits another.	https://doi.org/10.1515/ijdlg-2024-0016	0.0	1.0	1.0	2.67	2.76	478.33	4.36	3.52	3.49
control	impact	have an effect upon	the force with which one object hits another.	https://doi.org/10.1515/ijdlg-2024-0016	0.0	0.0	0.0	4.33	0.0	540.5	5.43	2.32	2.9
control	comply	act in accordance with someone's rules, commands, or wishes	to obey a rule or law, or to do what someone asks you to do, which in the context of war refers to the relationship between a commander and subordinates, or between the military and captives	https://doi.org/10.1515/ijdlg-2024-0016	1.0	0.0	1.0	3.88	0.0	496.0	4.61	2.41	3.41
control	interact	act together or towards others or with others	if two or more people interact, or if one person interacts with another, they communicate with one another and react to one another, often while performing an activity together, meaning that both parties involved in the interaction are natural persons	https://doi.org/10.1515/ijdlg-2024-0016	1.0	1.0	1.0	4.75	0.0	498.6	4.17	2.66	2.61
control	robust	sturdy and strong in form, constitution, or construction	..a robust person. who is strong and healthy	https://doi.org/10.1515/ijdlg-2024-0016	1.0	1.0	1.0	4.71		467.29	5.48	3.22	3.46
control	robust	marked by richness and fullness of flavor	..a robust person. who is strong and healthy	https://doi.org/10.1515/ijdlg-2024-0016	0.0	1.0	0.0	4.0		371.0	4.8	03.01	3.12
control	robust	strong enough to withstand or overcome intellectual challenges or adversity	..a robust person. who is strong and healthy	https://doi.org/10.1515/ijdlg-2024-0016	0.0	0.0	0.0	4.33		434.83	4.49	02.04	3.42
control	robust	rough and crude	..a robust person. who is strong and healthy	https://doi.org/10.1515/ijdlg-2024-0016	0.0	1.0	1.0	0.0		469.5	6.66	2.9	3.87
control	resilience	the physical property of a material that can return to its original shape or position after deformation that does not exceed its elastic limit	someone.s ability to become healthy, happy, or strong again after an illness, disappointment, or other problem.	https://doi.org/10.1515/ijdlg-2024-0016		1.0	1.0	4.53	0.54	537.09	4.87	3.0	2.67
control	resilience	an occurrence of rebounding or springing back	someone.s ability to become healthy, happy, or strong again after an illness, disappointment, or other problem.	https://doi.org/10.1515/ijdlg-2024-0016		0.0	1.0	5.17	0.4	509.5	5.11	3.5	3.52
control	far	a terrorist organization that seeks to overthrow the government dominated by Tutsi and to institute Hutu control again	far used to talk about distance	ISSN:.1860-7349,.1860-7330	0.0	1.0	0.0	5.46	0.97	465.22	4.87	2.77	2.84
control	far	located at a great distance in time or space or degree	far used to talk about distance	ISSN:.1860-7349,.1860-7330	1.0	0.0	0.0	5.27		503.83	5.29	2.92	3.54
control	far	being of a considerable distance or length	far used to talk about distance	ISSN:.1860-7349,.1860-7330	1.0	1.0	1.0	3.67		446.67	4.38	3.13	2.4
control	far	being the animal or vehicle on the right or being on the right side of an animal or vehicle	far used to talk about distance	ISSN:.1860-7349,.1860-7330	0.0	0.0	0.0	3.27		471.57	3.9	4.16	2.34
control	far	beyond a norm in opinion or actions	far used to talk about distance	ISSN:.1860-7349,.1860-7330	0.0	0.0	0.0	5.57		480.0	3.92	2.15	2.73
control	far	to a considerable degree; very much	far used to talk about distance	ISSN:.1860-7349,.1860-7330	0.0	0.0	0.0	2.4		522.5	4.3	2.28	3.57
control	far	at or to or from a great distance in space	far used to talk about distance	ISSN:.1860-7349,.1860-7330	1.0	1.0	1.0	6.12		483.33	5.39	2.84	3.52
control	far	at or to a certain point or degree	far used to talk about distance	ISSN:.1860-7349,.1860-7330	0.0	0.0	0.0	6.43		478.33	3.67	2.69	3.78
control	far	remote in time	far used to talk about distance	ISSN:.1860-7349,.1860-7330	0.0	0.0	0.0	4.33		578.5	4.93	3.26	3.81
control	far	to an advanced stage or point	far used to talk about distance	ISSN:.1860-7349,.1860-7330	0.0	0.0	0.0	6.4		497.67	4.13	3.29	2.83
control	build	constitution of the human body	to make something by putting bricks or other materials togethe	https://doi.org/10.35516/hum.v49i5.3468	0.0	1.0	0.0	6.33	0.3	517.33	5.74	4.32	3.93
control	build	alternative names for the body of a human being	to make something by putting bricks or other materials togethe	https://doi.org/10.35516/hum.v49i5.3468	0.0	1.0	0.0	4.83	0.78	480.25	5.38	3.92	3.16
control	build	make by combining materials and parts	to make something by putting bricks or other materials togethe	https://doi.org/10.35516/hum.v49i5.3468	1.0	1.0	1.0	3.8	6.63	383.0	5.72	3.34	2.84
control	build	form or accumulate steadily	to make something by putting bricks or other materials togethe	https://doi.org/10.35516/hum.v49i5.3468	0.0	0.0	0.0	3.25	0.0	490.0	3.68	2.83	3.18
control	build	build or establish something abstract	to make something by putting bricks or other materials togethe	https://doi.org/10.35516/hum.v49i5.3468	0.0	0.0	0.0	3.33	8.41	521.0	4.85	2.24	3.33
control	build	order, supervise, or finance the construction of	to make something by putting bricks or other materials togethe	https://doi.org/10.35516/hum.v49i5.3468	0.0	0.0	1.0	6.6	8.67	525.83	5.79	03.09	3.59
control	build	give form to, according to a plan	to make something by putting bricks or other materials togethe	https://doi.org/10.35516/hum.v49i5.3468	0.0	1.0	0.0	2.6	0.0	500.4	4.79	2.75	3.36
control	build	be engaged in building	to make something by putting bricks or other materials togethe	https://doi.org/10.35516/hum.v49i5.3468	0.0	1.0	1.0	2.25	3.81	493.5	5.63	3.5	2.71
control	build	found or ground	to make something by putting bricks or other materials togethe	https://doi.org/10.35516/hum.v49i5.3468	0.0	0.0	0.0	3.67	0.0	477.5	4.58	3.65	4.29
control	build	bolster or strengthen	to make something by putting bricks or other materials togethe	https://doi.org/10.35516/hum.v49i5.3468	0.0	0.0	0.0	4.0	1.46	538.5	05.03	2.19	2.14
control	build	develop and grow	to make something by putting bricks or other materials togethe	https://doi.org/10.35516/hum.v49i5.3468	0.0	0.0	0.0	3.0	2.65	542.0	4.82	2.45	3.13
control	duck	small wild or domesticated web-footed broad-billed swimming bird usually having a depressed body and short legs	any of various small aquatic birds of the family Anatidae, typically having short legs, webbed feet, and a broad blunt bill: order anseriformes.	DOI: 10.13189/lls.2016.040508	1.0	1.0	1.0	4.5	0.7	474.17	05.06	3.52	03.09
control	duck	(cricket) a score of nothing by a batsman	any of various small aquatic birds of the family Anatidae, typically having short legs, webbed feet, and a broad blunt bill: order anseriformes.	DOI: 10.13189/lls.2016.040508	0.0	1.0	0.0	6.14	0.9	535.17	5.57	3.45	04.02
control	duck	flesh of a duck (domestic or wild)	any of various small aquatic birds of the family Anatidae, typically having short legs, webbed feet, and a broad blunt bill: order anseriformes.	DOI: 10.13189/lls.2016.040508	0.0	1.0	0.0	4.8	1.65	497.5	05.02	3.61	3.48
control	duck	a heavy cotton fabric of plain weave; used for clothing and tents	any of various small aquatic birds of the family Anatidae, typically having short legs, webbed feet, and a broad blunt bill: order anseriformes.	DOI: 10.13189/lls.2016.040508	0.0	1.0	0.0	4.11	1.35	455.75	4.82	3.79	3.21
control	duck	to move (the head or body) quickly downwards or away	any of various small aquatic birds of the family Anatidae, typically having short legs, webbed feet, and a broad blunt bill: order anseriformes.	DOI: 10.13189/lls.2016.040508	0.0	1.0	0.0	3.12	0.0	393.62	4.89	3.48	2.78
control	duck	submerge or plunge suddenly	any of various small aquatic birds of the family Anatidae, typically having short legs, webbed feet, and a broad blunt bill: order anseriformes.	DOI: 10.13189/lls.2016.040508	0.0	1.0	0.0	3.5	1.85	502.0	5.61	2.76	3.35
control	duck	dip into a liquid	any of various small aquatic birds of the family Anatidae, typically having short legs, webbed feet, and a broad blunt bill: order anseriformes.	DOI: 10.13189/lls.2016.040508	0.0	1.0	0.0	4.0	0.0	406.0	3.66	4.47	2.9
control	duck	avoid or try to avoid fulfilling, answering, or performing (duties, questions, or issues)	any of various small aquatic birds of the family Anatidae, typically having short legs, webbed feet, and a broad blunt bill: order anseriformes.	DOI: 10.13189/lls.2016.040508	0.0	0.0	0.0	4.58	0.0	482.0	5.27	2.49	3.69
guided	mark	a number or letter indicating quality (especially of a student's performance)	a printed or written symbol that is not a letter or a number, to leave a mark on a surface by pressing an object onto it	https://doi.org/10.1075/msw.22016.sme	0.0	1.0	1.0	6.0	0.4	511.1	5.41	3.24	3.32
guided	mark	a distinguishing symbol	a printed or written symbol that is not a letter or a number	https://doi.org/10.1075/msw.22016.sme	0.0	1.0	1.0	5.33	2.67	437.0	4.9	2.43	2.1
guided	mark	a reference point to shoot at	a printed or written symbol that is not a letter or a number	https://doi.org/10.1075/msw.22016.sme	0.0	1.0	1.0	5.6	0.4	513.33	4.42	3.25	2.59
guided	mark	a visible indication made on a surface	a printed or written symbol that is not a letter or a number	https://doi.org/10.1075/msw.22016.sme	0.0	1.0	1.0	4.14	0.6	507.75	4.91	2.96	3.34
guided	mark	the impression created by doing something unusual or extraordinary that people notice and remember	a printed or written symbol that is not a letter or a number	https://doi.org/10.1075/msw.22016.sme	0.0	0.0	0.0	2.1	0.4	472.25	4.61	2.7	2.8
guided	mark	a symbol of disgrace or infamy; --Genesis	a printed or written symbol that is not a letter or a number	https://doi.org/10.1075/msw.22016.sme	0.0	1.0	0.0	7.0	1.43	524.17	4.12	2.32	3.0
guided	mark	formerly the basic unit of money in Germany	a printed or written symbol that is not a letter or a number	https://doi.org/10.1075/msw.22016.sme	0.0	1.0	1.0	4.0	1.22	490.6	4.39	3.12	03.08
guided	mark	Apostle and companion of Saint Peter; assumed to be the author of the second Gospel	a printed or written symbol that is not a letter or a number	https://doi.org/10.1075/msw.22016.sme	0.0	1.0	1.0	4.56	5.26	448.78	4.68	3.29	3.49
guided	mark	a person who is gullible and easy to take advantage of	a printed or written symbol that is not a letter or a number	https://doi.org/10.1075/msw.22016.sme	0.0	0.0	0.0	4.62	0.27	514.6	5.29	2.73	3.25
guided	mark	a written or printed symbol (as for punctuation)	a printed or written symbol that is not a letter or a number	https://doi.org/10.1075/msw.22016.sme	1.0	1.0	1.0	5.43	01.07	502.0	5.92	3.73	3.55
guided	mark	a perceptible indication of something not immediately apparent (as a visible clue that something has happened)	a printed or written symbol that is not a letter or a number	https://doi.org/10.1075/msw.22016.sme	0.0	1.0	0.0	3.58	1.75	497.36	4.6	2.21	3.83
guided	mark	the shortest of the four Gospels in the New Testament	a printed or written symbol that is not a letter or a number	https://doi.org/10.1075/msw.22016.sme	0.0	1.0	1.0	3.33	4.38	501.4	04.02	3.37	2.69
guided	mark	an indication of damage	a printed or written symbol that is not a letter or a number	https://doi.org/10.1075/msw.22016.sme	0.0	1.0		7.33	0.6	487.0	4.29	2.58	3.23
guided	mark	a marking that consists of lines that cross each other	a printed or written symbol that is not a letter or a number	https://doi.org/10.1075/msw.22016.sme	0.0	1.0	1.0	4.86	2.84	402.75	4.6	4.24	3.48
guided	mark	something that exactly succeeds in achieving its goal	a printed or written symbol that is not a letter or a number	https://doi.org/10.1075/msw.22016.sme	0.0	0.0	0.0	3.83	0.73	453.2	4.64	2.33	3.54
guided	mark	attach a tag or label to	a printed or written symbol that is not a letter or a number	https://doi.org/10.1075/msw.22016.sme	0.0	1.0	1.0	4.2	4.74	537.67	3.95	04.01	2.8
guided	mark	designate as if by a mark	a printed or written symbol that is not a letter or a number	https://doi.org/10.1075/msw.22016.sme	0.0	0.0	0.0	4.75	3.35	560.0	05.07	3.68	2.18
guided	mark	be a distinctive feature, attribute, or trait; sometimes in a very positive sense	a printed or written symbol that is not a letter or a number	https://doi.org/10.1075/msw.22016.sme	0.0	0.0	0.0	4.46	0.0	459.2	4.85	2.35	3.88
guided	mark	mark by some ceremony or observation	a printed or written symbol that is not a letter or a number	https://doi.org/10.1075/msw.22016.sme	0.0	0.0	1.0	4.2		514.67	5.88	3.3	2.9
guided	mark	make or leave a mark on	a printed or written symbol that is not a letter or a number	https://doi.org/10.1075/msw.22016.sme	0.0	1.0	1.0	4.6	0.0	494.33	6.57	3.14	2.25
guided	mark	to accuse or condemn or openly or formally or brand as disgraceful	a printed or written symbol that is not a letter or a number	https://doi.org/10.1075/msw.22016.sme	0.0	0.0	0.0	4.36	03.06	403.67	4.64	2.14	2.76
guided	mark	notice or perceive	a printed or written symbol that is not a letter or a number	https://doi.org/10.1075/msw.22016.sme	0.0	0.0	0.0	3.33	4.14	537.0	5.92	2.51	3.17
guided	mark	mark with a scar	a printed or written symbol that is not a letter or a number	https://doi.org/10.1075/msw.22016.sme	0.0	1.0	1.0	7.0	9.13	539.0	6.26	4.47	1.9
guided	mark	make small marks into the surface of	a printed or written symbol that is not a letter or a number	https://doi.org/10.1075/msw.22016.sme	0.0	1.0	1.0	6.0	04.01	486.75	5.78	3.59	2.83
guided	mark	establish as the highest level or best performance	a printed or written symbol that is not a letter or a number	https://doi.org/10.1075/msw.22016.sme	0.0	0.0		3.71	0.0	537.6	5.62	2.44	2.72
guided	mark	make underscoring marks	a printed or written symbol that is not a letter or a number	https://doi.org/10.1075/msw.22016.sme	0.0	1.0		5.0	2.97	526.33	5.66	3.44	2.8
guided	mark	remove from a list	a printed or written symbol that is not a letter or a number	https://doi.org/10.1075/msw.22016.sme	0.0	1.0		4.67	0.0	411.0	6.13	3.78	2.91
guided	mark	put a check mark on or near or next to	a printed or written symbol that is not a letter or a number	https://doi.org/10.1075/msw.22016.sme	0.0	1.0		4.5	8.81	551.2	5.74	3.23	3.0
guided	mark	assign a grade or rank to, according to one's evaluation	a printed or written symbol that is not a letter or a number	https://doi.org/10.1075/msw.22016.sme	0.0	1.0		3.5	4.28	516.75	5.15	2.89	3.23
guided	mark	insert punctuation marks into	a printed or written symbol that is not a letter or a number	https://doi.org/10.1075/msw.22016.sme	0.0	1.0		4.67	4.57	555.0	5.8	3.51	3.21
guided	great	a person who has achieved distinction and honor in some field	physical size of something or someone	DOI:10.17227/01234870.32FOLIOS125.140	0.0	0.0	0.0	4.9	0.23	495.0	5.45	3.18	3.44
guided	great	relatively large in size or number or extent; larger than others of its kind	physical size of something or someone	DOI:10.17227/01234870.32FOLIOS125.140	1.0	1.0	1.0	3.82		528.0	05.04	2.46	3.44
guided	great	of major significance or importance	physical size of something or someone	DOI:10.17227/01234870.32FOLIOS125.140	0.0	0.0	0.0	5.5		528.67	4.7	1.86	3.5
guided	great	remarkable or out of the ordinary in degree or magnitude or effect	physical size of something or someone	DOI:10.17227/01234870.32FOLIOS125.140	0.0	0.0	0.0	4.2		538.6	4.48	2.18	3.37
guided	great	very good	physical size of something or someone	DOI:10.17227/01234870.32FOLIOS125.140	0.0	0.0	0.0	0.0		552.0	6.68	1.64	1.55
guided	great	uppercase	physical size of something or someone	DOI:10.17227/01234870.32FOLIOS125.140	0.0	1.0	0.0	0.0		274.0	6.91	3.65	4.6
guided	great	in an advanced stage of pregnancy	physical size of something or someone	DOI:10.17227/01234870.32FOLIOS125.140	0.0	1.0	1.0	5.0		507.0	4.23	3.59	2.36
guided	power	possession of controlling influence	physical force or strength	DOI:10.17227/01234870.32FOLIOS125.140	0.0	0.0	0.0	3.0	2.3	516.0	4.81	2.54	3.34
guided	power	(physics) the rate of doing work; measured in watts (= joules/second)	physical force or strength	DOI:10.17227/01234870.32FOLIOS125.140	0.0	1.0	1.0	2.57	0.8	479.0	5.47	3.13	3.59
guided	power	possession of the qualities (especially mental qualities) required to do something or get something done	physical force or strength	DOI:10.17227/01234870.32FOLIOS125.140	0.0	0.0	0.0	3.2	0.45	493.75	5.14	02.07	3.89
guided	power	(of a government or government official) holding an office means being in power	physical force or strength	DOI:10.17227/01234870.32FOLIOS125.140	0.0	1.0	0.0	06.09	1.28	436.5	5.64	3.16	3.42
guided	power	one possessing or exercising power or influence or authority	physical force or strength	DOI:10.17227/01234870.32FOLIOS125.140	0.0	0.0	0.0	5.12	02.02	465.0	5.16	2.51	03.05
guided	power	a mathematical notation indicating the number of times a quantity is multiplied by itself	physical force or strength	DOI:10.17227/01234870.32FOLIOS125.140	0.0	1.0	0.0	4.64	0.6	517.14	4.38	03.06	3.38
guided	power	physical strength	physical force or strength	DOI:10.17227/01234870.32FOLIOS125.140	1.0	1.0	1.0	3.0	3.89	547.0	4.22	3.14	1.93
guided	power	a state powerful enough to influence events throughout the world	physical force or strength	DOI:10.17227/01234870.32FOLIOS125.140	0.0	0.0	0.0	4.5	0.95	490.71	4.46	2.64	2.74
guided	power	a very wealthy or powerful businessman	physical force or strength	DOI:10.17227/01234870.32FOLIOS125.140	0.0	1.0	0.0	3.83	03.01	533.67	3.9	3.12	3.24
guided	power	supply the force or power for the functioning of	physical force or strength	DOI:10.17227/01234870.32FOLIOS125.140	0.0	0.0	1.0	5.5		440.75	4.76	2.82	3.85
guided	tired	lose interest or become bored with something or somebody	need to rest or sleep	DOI:10.17227/01234870.32FOLIOS125.140		0.0	0.0	4.57	0.9	491.67	4.47	2.22	2.87
guided	tired	exhaust or get tired through overuse or great strain or stress	need to rest or sleep	DOI:10.17227/01234870.32FOLIOS125.140		1.0	1.0	4.9	0.0	478.86	4.41	2.57	2.81
guided	tired	deplete	need to rest or sleep	DOI:10.17227/01234870.32FOLIOS125.140		0.0	0.0	4.0	8.19	462.0	5.55	2.89	2.5
guided	tired	cause to be bored	need to rest or sleep	DOI:10.17227/01234870.32FOLIOS125.140		0.0	0.0	0.0	3.33	498.5	3.94	2.28	2.0
guided	tired	depleted of strength or energy	need to rest or sleep	DOI:10.17227/01234870.32FOLIOS125.140		1.0	1.0	6.0		392.0	5.7	03.04	3.22
guided	tired	repeated too often; overfamiliar through overuse	need to rest or sleep	DOI:10.17227/01234870.32FOLIOS125.140		0.0	0.0	0.67		513.6	04.05	2.6	3.38
guided	year	a period of time containing 365 (or 366) days	indicates a long period of time encompassing several calendar years. The most basic meaning of year is the cyclical period of time in which the earth completes a full revolution around the sun, consisting of 365 or 366 days	DOI:10.1080/10926480709336752	1.0	1.0	1.0	6.0	1.1	483.25	5.72	3.43	3.1
guided	year	a period of time occupying a regular part of a calendar year that is used for some particular activity	indicates a long period of time encompassing several calendar years. The most basic meaning of year is the cyclical period of time in which the earth completes a full revolution around the sun, consisting of 365 or 366 days	DOI:10.1080/10926480709336752	1.0	1.0	0.0	5.14	0.86	475.0	4.69	03.06	3.25
guided	year	the period of time that it takes for a planet (as, e.g., Earth or Mars) to make a complete revolution around the sun	indicates a long period of time encompassing several calendar years. The most basic meaning of year is the cyclical period of time in which the earth completes a full revolution around the sun, consisting of 365 or 366 days	DOI:10.1080/10926480709336752	1.0	1.0	1.0	5.35	0.51	498.75	5.44	3.23	3.33
guided	year	a body of students who graduate together	indicates a long period of time encompassing several calendar years. The most basic meaning of year is the cyclical period of time in which the earth completes a full revolution around the sun, consisting of 365 or 366 days	DOI:10.1080/10926480709336752	0.0	1.0	0.0	5.5	0.98	522.75	5.31	3.88	2.8
guided	Gandhi	daughter of Nehru who served as prime minister of India from 1966 to 1977 (1917-1984)	The proper name refers to a specific, uniquely identifiable individual in a particular historical and geographical context.	DOI:10.1080/10926480709336752	1.0	1.0	1.0	4.88	2.23	480.73	4.9	3.83	3.53
guided	Gandhi	political and spiritual leader during India's struggle with Great Britain for home rule; an advocate of passive resistance (1869-1948)	The proper name refers to a specific, uniquely identifiable individual in a particular historical and geographical context.	DOI:10.1080/10926480709336752	1.0	1.0	1.0	5.31	1.56	483.76	4.73	2.74	3.21
guided	struggle	an energetic attempt to achieve something	The basic meaning of the verb to struggle is to use one.s physical strength against someone or something,	DOI:10.1080/10926480709336752	0.0	1.0	0.0	2.5	0.6	465.0	4.3	2.29	3.95
guided	struggle	an open clash between two opposing groups (or individuals); --Thomas Paine	The basic meaning of the verb to struggle is to use one.s physical strength against someone or something,	DOI:10.1080/10926480709336752	0.0	1.0	1.0	4.73	0.46	479.83	5.46	3.33	3.57
guided	struggle	strenuous effort	The basic meaning of the verb to struggle is to use one.s physical strength against someone or something,	DOI:10.1080/10926480709336752	0.0	1.0	0.0	3.5		541.0	05.06	2.44	3.55
guided	struggle	make a strenuous or labored effort	The basic meaning of the verb to struggle is to use one.s physical strength against someone or something,	DOI:10.1080/10926480709336752	0.0	1.0	0.0	5.17	3.69	515.25	4.86	2.54	3.44
guided	struggle	to exert strenuous effort against opposition	The basic meaning of the verb to struggle is to use one.s physical strength against someone or something,	DOI:10.1080/10926480709336752	1.0	1.0	0.0	3.25	2.55	456.5	5.24	2.39	3.77
guided	struggle	climb awkwardly, as if by scrambling	The basic meaning of the verb to struggle is to use one.s physical strength against someone or something,	DOI:10.1080/10926480709336752	0.0	1.0	1.0	0.6	9.28	428.25	5.19	2.95	3.66
guided	struggle	be engaged in a fight; carry on a fight	The basic meaning of the verb to struggle is to use one.s physical strength against someone or something,	DOI:10.1080/10926480709336752	0.0	1.0	1.0	4.11	2.44	503.0	4.81	3.7	2.9
guided	convince	make (someone) agree, understand, or realize the truth or validity of something	.convince. means to persuade a large number of people to change their views about [something]	DOI:10.1080/10926480709336752	1.0	1.0	1.0	4.67	0.0	493.42	5.81	2.33	3.9
guided	Indians	a member of the race of people living in America when Europeans arrived	inhabitants of contemporary India	DOI:10.1080/10926480709336752	0.0	1.0	1.0	4.56	1.26	477.71	4.39	3.63	2.55
guided	Indians	a native or inhabitant of India	inhabitants of contemporary India	DOI:10.1080/10926480709336752	1.0	1.0	1.0	6.0	2.43	500.0	4.14	3.18	2.36
guided	Indians	any of the languages spoken by Amerindians	inhabitants of contemporary India	DOI:10.1080/10926480709336752	0.0	1.0	1.0	1.4	2.9	496.0	5.65	2.82	3.26
guided	fit	a display of bad temper	The adjective fit has a different meaning to do with being healthy and physically strong.	DOI:10.1080/10926480709336752	0.0	0.0	1.0	5.75	0.96	467.67	5.65	2.7	1.86
guided	fit	a sudden uncontrollable attack	The adjective fit has a different meaning to do with being healthy and physically strong.	DOI:10.1080/10926480709336752	0.0	0.0	1.0	4.25	4.43	538.67	3.72	2.63	2.61
guided	fit	the manner in which something fits	The adjective fit has a different meaning to do with being healthy and physically strong.	DOI:10.1080/10926480709336752	0.0	0.0		5.0	5.69	554.0	3.78	02.05	3.67
guided	fit	a sudden flurry of activity (often for no obvious reason)	The adjective fit has a different meaning to do with being healthy and physically strong.	DOI:10.1080/10926480709336752	0.0	1.0	0.0	3.25	0.4	508.75	4.93	2.44	3.31
guided	fit	be agreeable or acceptable to	The adjective fit has a different meaning to do with being healthy and physically strong.	DOI:10.1080/10926480709336752	0.0	0.0	0.0	2.25	3.93	452.0	5.21	2.0	3.14
guided	fit	be the right size or shape; fit correctly or as desired	The adjective fit has a different meaning to do with being healthy and physically strong.	DOI:10.1080/10926480709336752	0.0	1.0	1.0	3.89	0.0	554.86	4.68	2.74	3.57
guided	fit	satisfy a condition or restriction	The adjective fit has a different meaning to do with being healthy and physically strong.	DOI:10.1080/10926480709336752	0.0	0.0	0.0	6.6	0.0	381.33	4.98	2.15	3.33
guided	fit	make fit	The adjective fit has a different meaning to do with being healthy and physically strong.	DOI:10.1080/10926480709336752	0.0	1.0		2.0	0.0	493.5	6.34	2.68	3.55
guided	fit	insert or adjust several objects or people	The adjective fit has a different meaning to do with being healthy and physically strong.	DOI:10.1080/10926480709336752	0.0	1.0		3.71	0.0	499.0	4.57	3.4	04.03
guided	fit	be compatible, similar or consistent; coincide in their characteristics	The adjective fit has a different meaning to do with being healthy and physically strong.	DOI:10.1080/10926480709336752	0.0	0.0	0.0	2.88	4.7	506.86	4.48	2.32	3.57
guided	fit	conform to some shape or size	The adjective fit has a different meaning to do with being healthy and physically strong.	DOI:10.1080/10926480709336752	0.0	1.0	1.0	2.6	0.0	476.0	06.02	2.7	2.53
guided	fit	provide with (something) usually for a specific purpose	The adjective fit has a different meaning to do with being healthy and physically strong.	DOI:10.1080/10926480709336752	0.0	0.0	1.0	4.6	5.16	502.57	4.97	02.06	3.28
guided	fit	make correspond or harmonize	The adjective fit has a different meaning to do with being healthy and physically strong.	DOI:10.1080/10926480709336752	0.0	1.0	0.0	3.25	0.97	530.67	5.82	2.67	2.43
guided	fit	meeting adequate standards for a purpose	The adjective fit has a different meaning to do with being healthy and physically strong.	DOI:10.1080/10926480709336752	0.0	0.0	0.0	2.6		486.5	4.36	2.16	1.94
guided	fit	physically and mentally sound or healthy	The adjective fit has a different meaning to do with being healthy and physically strong.	DOI:10.1080/10926480709336752	1.0	1.0	1.0	1.8		484.25	4.56	2.86	2.85
guided	wear	impairment resulting from long use	The basic meaning of wear in wear the mantle is defined as the first sense of the word in the Macmillan dictionary as follows: .to have something on your body as clothing, decoration or protection..	DOI:10.1080/10926480709336752	0.0	1.0	1.0	2.5	0.6	461.25	4.31	2.64	3.12
guided	wear	a covering designed to be worn on a person's body	The basic meaning of wear in wear the mantle is defined as the first sense of the word in the Macmillan dictionary as follows: .to have something on your body as clothing, decoration or protection..	DOI:10.1080/10926480709336752	0.0	1.0	1.0	3.78	0.0	491.0	5.9	3.92	2.85
guided	wear	the act of having on your person as a covering or adornment	The basic meaning of wear in wear the mantle is defined as the first sense of the word in the Macmillan dictionary as follows: .to have something on your body as clothing, decoration or protection..	DOI:10.1080/10926480709336752	1.0	1.0	1.0	5.44	0.5	533.25	5.22	3.37	3.16
guided	wear	be dressed in	The basic meaning of wear in wear the mantle is defined as the first sense of the word in the Macmillan dictionary as follows: .to have something on your body as clothing, decoration or protection..	DOI:10.1080/10926480709336752	0.0	1.0	1.0	2.0	0.0	444.0	4.27	3.41	3.0
guided	wear	have on one's person	The basic meaning of wear in wear the mantle is defined as the first sense of the word in the Macmillan dictionary as follows: .to have something on your body as clothing, decoration or protection..	DOI:10.1080/10926480709336752	0.0	1.0	1.0	4.75	0.0	452.0	6.37	4.34	3.33
guided	wear	have in one's aspect; wear an expression of one's attitude or personality	The basic meaning of wear in wear the mantle is defined as the first sense of the word in the Macmillan dictionary as follows: .to have something on your body as clothing, decoration or protection..	DOI:10.1080/10926480709336752	0.0	0.0	0.0	4.6	0.0	465.9	5.16	2.85	3.34
guided	wear	deteriorate through use or stress	The basic meaning of wear in wear the mantle is defined as the first sense of the word in the Macmillan dictionary as follows: .to have something on your body as clothing, decoration or protection..	DOI:10.1080/10926480709336752	0.0	1.0	1.0	5.0	9.47	539.0	4.6	2.8	3.25
guided	wear	have or show an appearance of	The basic meaning of wear in wear the mantle is defined as the first sense of the word in the Macmillan dictionary as follows: .to have something on your body as clothing, decoration or protection..	DOI:10.1080/10926480709336752	0.0	1.0		4.8	0.0	555.0	3.19	3.27	2.9
guided	wear	last and be usable	The basic meaning of wear in wear the mantle is defined as the first sense of the word in the Macmillan dictionary as follows: .to have something on your body as clothing, decoration or protection..	DOI:10.1080/10926480709336752	0.0	1.0		2.0	0.0	488.0	3.76	2.52	2.4
guided	wear	go to pieces	The basic meaning of wear in wear the mantle is defined as the first sense of the word in the Macmillan dictionary as follows: .to have something on your body as clothing, decoration or protection..	DOI:10.1080/10926480709336752	0.0	1.0	1.0	1.0	0.0	307.5	3.14	3.64	2.14
guided	wear	exhaust or get tired through overuse or great strain or stress	The basic meaning of wear in wear the mantle is defined as the first sense of the word in the Macmillan dictionary as follows: .to have something on your body as clothing, decoration or protection..	DOI:10.1080/10926480709336752	0.0	1.0	1.0	4.64	1.94	478.86	4.41	2.57	2.81
guided	wear	put clothing on one's body	The basic meaning of wear in wear the mantle is defined as the first sense of the word in the Macmillan dictionary as follows: .to have something on your body as clothing, decoration or protection..	DOI:10.1080/10926480709336752	0.0	1.0	1.0	1.6	1.36	403.6	5.81	3.92	2.88
guided	mantle	the cloak as a symbol of authority	old-fashioned piece of clothing now usually only worn by people in power, such as monarchs, as a symbol of their position..	DOI:10.1080/10926480709336752	1.0	1.0	1.0	6.0	1.48	490.67	3.97	3.39	03.04
guided	mantle	United States baseball player (1931-1997)	old-fashioned piece of clothing now usually only worn by people in power, such as monarchs, as a symbol of their position..	DOI:10.1080/10926480709336752	0.0	1.0	1.0	7.0	1.29	467.71	5.77	4.5	3.52
guided	mantle	the layer of the earth between the crust and the core	old-fashioned piece of clothing now usually only worn by people in power, such as monarchs, as a symbol of their position..	DOI:10.1080/10926480709336752	0.0	1.0	1.0	5.0	0.86	460.25	4.74	4.22	2.66
guided	mantle	anything that covers	old-fashioned piece of clothing now usually only worn by people in power, such as monarchs, as a symbol of their position..	DOI:10.1080/10926480709336752	0.0	1.0	0.0	5.0	6.59	524.5	4.4	2.8	2.65
guided	mantle	(zoology) a protective layer of epidermis in mollusks or brachiopods that secretes a substance forming the shell	old-fashioned piece of clothing now usually only worn by people in power, such as monarchs, as a symbol of their position..	DOI:10.1080/10926480709336752	0.0	1.0	1.0	5.14	02.01	468.7	4.81	3.49	3.44
guided	mantle	shelf that projects from wall above fireplace	old-fashioned piece of clothing now usually only worn by people in power, such as monarchs, as a symbol of their position..	DOI:10.1080/10926480709336752	0.0	1.0	1.0	5.4	3.44	427.0	4.95	4.53	3.29
guided	mantle	hanging cloth used as a blind (especially for a window)	old-fashioned piece of clothing now usually only worn by people in power, such as monarchs, as a symbol of their position..	DOI:10.1080/10926480709336752	0.0	1.0	1.0	5.67	02.06	491.5	5.26	3.62	3.32
guided	mantle	a sleeveless garment like a cloak but shorter	old-fashioned piece of clothing now usually only worn by people in power, such as monarchs, as a symbol of their position..	DOI:10.1080/10926480709336752	0.0	1.0	1.0	4.62	2.18	544.8	4.79	3.9	03.04
guided	mantle	spread over a surface, like a mantle	old-fashioned piece of clothing now usually only worn by people in power, such as monarchs, as a symbol of their position..	DOI:10.1080/10926480709336752	0.0	0.0	0.0	5.0	0.0	551.8	05.06	3.6	3.29
guided	mantle	cover like a mantle	old-fashioned piece of clothing now usually only worn by people in power, such as monarchs, as a symbol of their position..	DOI:10.1080/10926480709336752	0.0	0.0	0.0	7.0	0.0	577.67	4.23	3.56	2.39
guided	political	involving or characteristic of politics or parties or politicians; - Daniel Goleman		DOI:10.1080/10926480709336752	1.0	0.0	1.0	6.22		514.62	04.09	2.98	3.18
guided	political	of or relating to your views about social relationships involving authority or power		DOI:10.1080/10926480709336752	1.0	0.0	0.0	4.1		437.0	5.22	2.53	2.81
guided	political	of or relating to the profession of governing		DOI:10.1080/10926480709336752		0.0	1.0	4.5		513.67	5.81	2.52	3.58
guided	married	a person who is married		DOI:10.1080/10926480709336752		1.0	1.0	8.25	0.27	517.5	6.44	3.77	4.2
guided	married	take in marriage		DOI:10.1080/10926480709336752		1.0	1.0	4.67	0.0	545.5	3.78	2.78	2.82
guided	married	perform a marriage ceremony		DOI:10.1080/10926480709336752		1.0	1.0	5.5	08.09	539.0	5.44	03.05	3.91
guided	married	joined in matrimony		DOI:10.1080/10926480709336752		1.0	1.0	4.67		270.5	5.3	2.11	2.6
guided	married	of or relating to the state of marriage		DOI:10.1080/10926480709336752		1.0	0.0	6.25		526.0	4.29	03.02	2.39
guided	let	a brutal terrorist group active in Kashmir; fights against India...		DOI:10.1080/10926480709336752		1.0	1.0	5.14	0.26	490.08	4.65	3.27	2.8
guided	let	a serve that strikes the net before falling into the receiver's ...		DOI:10.1080/10926480709336752	1.0	1.0	1.0	4.77	1.67	495.73	4.24	3.89	2.93
guided	let	make it possible through a specific action or lack of action for...		DOI:10.1080/10926480709336752	0.0	0.0	1.0	4.45	0.0	519.5	4.23	2.22	2.53
guided	let	actively cause something to happen		DOI:10.1080/10926480709336752	0.0	0.0	0.0	1.0	0.0	477.5	3.52	2.11	2.41
guided	let	consent to, give permission		DOI:10.1080/10926480709336752	0.0	0.0	1.0	4.67	5.47	535.5	4.43	2.39	3.33
guided	let	cause to move; cause to be in a certain position or condition		DOI:10.1080/10926480709336752	1.0	1.0	1.0	3.5	0.0	474.43	3.37	2.43	03.02
guided	let	leave unchanged		DOI:10.1080/10926480709336752	0.0	0.0	0.0	0.5	7.58	485.0	5.22	2.4	2.28
guided	let	grant use or occupation of under a term of contract		DOI:10.1080/10926480709336752	0.0	1.0	1.0	7.0		474.2	5.89	3.39	3.32
guided	alone	isolated from others		DOI:10.1080/10926480709336752	0.0	1.0	1.0	2.0		480.0	4.91	2.74	2.53
guided	alone	lacking companions or companionship		DOI:10.1080/10926480709336752	0.0	1.0	1.0	5.5		425.33	4.9	3.1	3.87
guided	alone	exclusive of anyone or anything else		DOI:10.1080/10926480709336752	0.0	0.0	0.0	4.5		391.5	5.41	1.96	3.14
guided	alone	radically distinctive and without equal		DOI:10.1080/10926480709336752	0.0	0.0	0.0	1.33		443.25	5.11	1.99	2.96
guided	alone	without any others being included or involved		DOI:10.1080/10926480709336752	1.0	0.0		2.8		497.25	4.57	2.11	2.84
guided	alone	without anybody else or anything else		DOI:10.1080/10926480709336752	0.0	0.0	1.0	9.0		424.8	4.57	1.89	03.02
guided	become	enter or assume a certain state or condition		DOI:10.1080/10926480709336752	0.0	0.0	0.0	5.0	0.9	488.8	5.28	2.44	2.61
guided	become	undergo a change or development		DOI:10.1080/10926480709336752	0.0	1.0		4.8	2.71	437.33	4.4	2.57	3.7
guided	become	come into existence		DOI:10.1080/10926480709336752	0.0	0.0	0.0	3.0	5.65	530.5	04.07	2.13	1.71
guided	become	enhance the appearance of		DOI:10.1080/10926480709336752	1.0	0.0	1.0	4.5	5.15	351.0	3.45	2.39	3.4
guided	premier	the person who holds the position of head of the government in the United Kingdom		DOI:10.1080/10926480709336752	1.0	1.0	1.0	4.89	0.22	486.29	5.33	3.73	2.85
guided	premier	the person who is head of state (in several countries)		DOI:10.1080/10926480709336752	0.0	1.0	1.0	4.88	0.6	442.86	5.52	04.03	3.29
guided	premier	be performed for the first time		DOI:10.1080/10926480709336752	0.0	1.0	1.0	3.0	0.0	584.0	4.19	2.92	3.21
guided	premier	perform a work for the first time		DOI:10.1080/10926480709336752	0.0	1.0	1.0	3.8	0.0	578.75	4.87	3.1	3.3
guided	premier	first in rank or degree		DOI:10.1080/10926480709336752	0.0	0.0	0.0	5.2		572.33	3.33	2.87	3.55
guided	premier	preceding all others in time		DOI:10.1080/10926480709336752	0.0	0.0	1.0	3.5		519.33	4.31	2.88	2.57
guided	jungle	a location marked by an intense competition and struggle for survival	an equatorial forest area with luxuriant vegetation, often almost impenetrable	DOI:10.2478/exell-2020-0007	0.0	1.0	0.0	4.44	0.27	422.0	4.2	03.05	2.45
guided	jungle	a place where hoboes camp	an equatorial forest area with luxuriant vegetation, often almost impenetrable	DOI:10.2478/exell-2020-0007	0.0	1.0	1.0	5.5	0.3	538.0	6.55	3.92	3.36
guided	jungle	an impenetrable equatorial forest	an equatorial forest area with luxuriant vegetation, often almost impenetrable	DOI:10.2478/exell-2020-0007	0.0	1.0	1.0	2.75	0.6	527.33	04.07	3.32	2.58
guided	swarm	a moving crowd	a swarm of bees or other insects is a large group of them flying together	DOI:10.2478/exell-2020-0008	0.0	1.0	1.0	4.33	0.6	527.0	05.06	4.17	2.3
guided	swarm	a group of many things in the air or on the ground	a swarm of bees or other insects is a large group of them flying together	DOI:10.2478/exell-2020-0008	0.0	1.0	1.0	3.89	0.24	492.0	4.4	3.71	4.14
guided	swarm	move in large numbers	a swarm of bees or other insects is a large group of them flying together	DOI:10.2478/exell-2020-0008	0.0	1.0	1.0	1.75	0.0	531.0	5.43	3.31	2.64
guided	plague	a serious (sometimes fatal) infection of rodents caused by Yersinia pestis and accidentally transmitted to humans by the bite of a flea that has bitten an infected animal	any serious disease that spreads quickly to a lot of people and usually ends in death	DOI:10.2478/exell-2020-0009	0.0	1.0	1.0	4.67	2.28	445.35	5.21	3.56	2.99
guided	plague	any epidemic disease with a high death rate	any serious disease that spreads quickly to a lot of people and usually ends in death	DOI:10.2478/exell-2020-0009	1.0	1.0	1.0	4.43	2.73	529.8	3.88	3.27	3.62
guided	plague	a swarm of insects that attack plants	any serious disease that spreads quickly to a lot of people and usually ends in death	DOI:10.2478/exell-2020-0009	0.0	1.0	1.0	5.8	2.14	510.0	4.41	4.15	2.42
guided	plague	any large scale calamity (especially when thought to be sent by God)	any serious disease that spreads quickly to a lot of people and usually ends in death	DOI:10.2478/exell-2020-0009	0.0	1.0	0.0	1.6	4.75	461.78	5.61	2.6	3.52
guided	plague	an annoyance	any serious disease that spreads quickly to a lot of people and usually ends in death	DOI:10.2478/exell-2020-0009	0.0	0.0	0.0	7.0	0.3	570.0	6.41	2.14	2.64
guided	plague	cause to suffer a blight	any serious disease that spreads quickly to a lot of people and usually ends in death	DOI:10.2478/exell-2020-0009	1.0	0.0	0.0	3.25	3.96	495.67	4.16	2.51	2.75
guided	plague	annoy continually or chronically	any serious disease that spreads quickly to a lot of people and usually ends in death	DOI:10.2478/exell-2020-0009	1.0	0.0	0.0	2.5	7.29	446.0	4.82	1.99	3.13
guided	locust	migratory grasshoppers of warm regions having short antennae	a type of grasshopper that flies over wide areas in very large groups called swarms, often destroying crops	DOI:10.2478/exell-2020-0010	0.0	1.0	1.0	3.29	0.53	445.5	5.87	3.27	3.2
guided	locust	hardwood from any of various locust trees	a type of grasshopper that flies over wide areas in very large groups called swarms, often destroying crops	DOI:10.2478/exell-2020-0010	1.0	1.0	1.0	2.5	8.5	548.0	5.22	4.14	3.12
guided	locust	any of various hardwood trees of the family Leguminosae	a type of grasshopper that flies over wide areas in very large groups called swarms, often destroying crops	DOI:10.2478/exell-2020-0010	0.0	1.0	1.0	3.83	0.27	544.0	5.0	4.0	2.66
guided	horde	a vast multitude	a large (moving) group of animals, typically one considered as dangerous or destructive.	https://doi.org/10.5539/ijel.v13n4p1	0.0	1.0	1.0	5.0	5.25	611.5	3.0	2.26	03.05
guided	horde	a nomadic community	a large (moving) group of animals, typically one considered as dangerous or destructive.	https://doi.org/10.5539/ijel.v13n4p1	0.0	1.0	1.0	5.33	0.3	548.0	3.3	2.96	2.19
guided	horde	a moving crowd	a large (moving) group of animals, typically one considered as dangerous or destructive.	https://doi.org/10.5539/ijel.v13n4p1	0.0	1.0	1.0	4.33	0.6	527.0	05.06	4.17	2.3
guided	underground	a secret group organized to overthrow a government or occupation force	below the surface of the ground	DOI:10.1007/978-94-024-0881-2_39	0.0	1.0	0.0	6.2	0.51	497.43	5.51	2.98	2.73
guided	underground	an electric railway operating below the surface of the ground (usually in a city)	below the surface of the ground	DOI:10.1007/978-94-024-0881-2_39	0.0	1.0	1.0	4.27	02.04	503.78	5.85	3.93	3.77
guided	underground	under the level of the ground	below the surface of the ground	DOI:10.1007/978-94-024-0881-2_39	1.0	1.0	1.0	1.0		467.5	06.06	3.82	3.47
guided	underground	conducted with or marked by hidden aims or methods	below the surface of the ground	DOI:10.1007/978-94-024-0881-2_39	1.0	1.0	0.0	4.5		416.8	3.83	3.15	2.87
guided	underground	in or into hiding or secret operation	below the surface of the ground	DOI:10.1007/978-94-024-0881-2_39	0.0	0.0	0.0	5.17		510.67	5.55	2.82	2.52
guided	underground	beneath the surface of the earth	below the surface of the ground	DOI:10.1007/978-94-024-0881-2_39	1.0	1.0	1.0	1.67		487.67	5.52	04.06	2.96
guided	designed	make or work out a plan for; devise	to make a drawing or plan of something that will be made or built. This is about an act	DOI:10.1007/978-94-024-0881-2_40	0.0	1.0	0.0	3.29	3.97	491.4	4.69	2.89	3.61
guided	designed	plan something for a specific role or purpose or effect	to make a drawing or plan of something that will be made or built. This is about an act	DOI:10.1007/978-94-024-0881-2_40	0.0	0.0	0.0	6.5	0.0	436.5	4.8	2.15	3.15
guided	designed	create the design for; create or execute in an artistic or highly skilled manner	to make a drawing or plan of something that will be made or built. This is about an act	DOI:10.1007/978-94-024-0881-2_40	0.0	1.0	1.0	2.75	2.12	532.44	4.22	2.4	3.37
guided	designed	make a design of; plan out in systematic, often graphic form	to make a drawing or plan of something that will be made or built. This is about an act	DOI:10.1007/978-94-024-0881-2_40	0.0	1.0	1.0	2.9	6.22	500.0	4.48	2.88	3.18
guided	designed	create designs	to make a drawing or plan of something that will be made or built. This is about an act	DOI:10.1007/978-94-024-0881-2_40	0.0	1.0	1.0	1.0	4.6	487.5	4.9	2.94	2.91
guided	designed	conceive or fashion in the mind; invent	to make a drawing or plan of something that will be made or built. This is about an act	DOI:10.1007/978-94-024-0881-2_40	0.0	1.0	1.0	3.67	1.75	542.4	3.98	2.66	3.88
guided	designed	intend or have as a purpose	to make a drawing or plan of something that will be made or built. This is about an act	DOI:10.1007/978-94-024-0881-2_40	0.0	0.0	0.0	6.0	3.29	495.0	3.67	1.62	1.77
guided	designed	done or made or performed with purpose and intent; - Havelock Ellis	to make a drawing or plan of something that will be made or built. This is about an act	DOI:10.1007/978-94-024-0881-2_40	0.0	0.0	0.0	4.44		526.89	04.01	1.89	03.02
guided	attract	direct toward itself or oneself by means of some psychological power or physical attributes	To make something move near someone or something (MM3)	DOI:10.1007/978-94-024-0881-2_41	0.0	0.0	0.0	3.2	0.0	486.86	4.21	2.54	03.04
guided	attract	be attractive to	To make something move near someone or something (MM3)	DOI:10.1007/978-94-024-0881-2_41	0.0	0.0	0.0	0.0	0.0	507.0	2.64	2.64	3.3
guided	attract	exert a force on (a body) causing it to approach or prevent it from moving away	To make something move near someone or something (MM3)	DOI:10.1007/978-94-024-0881-2_41	0.0	1.0	1.0	4.0	0.73	469.0	5.7	2.86	3.16
guided	month	one of the twelve divisions of the calendar year	one of the 12 periods that a year is divided into, such as January, February etc	uk.bl.ethos.589185	0.0	1.0	1.0	5.0	1.92	529.0	5.78	3.65	2.79
guided	month	a time unit of approximately 30 days	one of the 12 periods that a year is divided into, such as January, February etc	uk.bl.ethos.589185	0.0	1.0	1.0	4.33	2.79	541.8	3.96	3.32	2.89
guided	fret	agitation resulting from active worry	to worry about something continuously	uk.bl.ethos.589186	0.0	0.0	0.0	4.0	1.87	368.0	4.58	2.58	2.77
guided	fret	a spot that has been worn away by abrasion or erosion	to worry about something continuously	uk.bl.ethos.589186	0.0	1.0	1.0	3.6	0.72	426.0	4.71	3.7	2.71
guided	fret	an ornamental pattern consisting of repeated vertical and horizontal lines (often in relief)	to worry about something continuously	uk.bl.ethos.589186	1.0	1.0	1.0	4.0	1.16	455.64	5.15	3.26	3.5
guided	fret	a small bar of metal across the fingerboard of a musical instrument; when the string is stopped by a finger at the metal bar it will produce a note of the desired pitch	to worry about something continuously	uk.bl.ethos.589186	1.0	1.0	1.0	5.32	1.23	477.06	4.86	04.04	2.96
guided	fret	worry unnecessarily or excessively	to worry about something continuously	uk.bl.ethos.589186	0.0	0.0	0.0	2.75	0.0	472.33	6.11	02.07	2.42
guided	fret	be agitated or irritated	to worry about something continuously	uk.bl.ethos.589186	0.0	0.0	0.0	4.25	0.0	535.0	4.24	2.57	2.22
guided	fret	provide (a musical instrument) with frets	to worry about something continuously	uk.bl.ethos.589186	0.0	1.0	1.0	6.2	9.24	523.67	5.2	3.34	3.69
guided	fret	become or make sore by or as if by rubbing	to worry about something continuously	uk.bl.ethos.589186	0.0	1.0	1.0	3.67	3.39	462.0	05.04	2.8	3.36
guided	fret	cause annoyance in	to worry about something continuously	uk.bl.ethos.589186	0.0	0.0	0.0	4.0	0.0	501.5	4.85	2.28	2.18
guided	fret	gnaw into; make resentful or angry	to worry about something continuously	uk.bl.ethos.589186	0.0	1.0		3.0	0.0	532.6	4.26	2.84	4.21
guided	fret	carve a pattern into	to worry about something continuously	uk.bl.ethos.589186	0.0	1.0	1.0	5.0	3.23	370.5	4.32	3.8	02.04
guided	fret	decorate with an interlaced design	to worry about something continuously	uk.bl.ethos.589186	0.0	1.0	1.0	3.5	0.0	440.33	4.68	3.25	2.68
guided	fret	be too tight; rub or press	to worry about something continuously	uk.bl.ethos.589186	1.0	1.0	1.0	2.33	0.0	451.5	3.74	04.03	3.73
guided	fret	cause friction	to worry about something continuously	uk.bl.ethos.589186	0.0	1.0	1.0	4.5	0.0	482.0	4.7	2.72	2.86
guided	fret	remove soil or rock	to worry about something continuously	uk.bl.ethos.589186	0.0	1.0	1.0	4.25	0.0	502.67	6.37	4.31	2.29
guided	fret	wear away or erode	to worry about something continuously	uk.bl.ethos.589186	0.0	1.0	1.0	3.0	0.0	326.0	04.06	03.03	2.91
guided	speed	distance travelled per unit time	[uncountable and countable] the rate at which something moves or travels	uk.bl.ethos.589187		1.0	1.0	1.5	0.0	546.8	4.6	2.96	3.45
guided	speed	a rate (usually rapid) at which something happens	[uncountable and countable] the rate at which something moves or travels	uk.bl.ethos.589187		1.0	0.0	3.17	0.6	490.57	4.89	2.36	3.31
guided	speed	changing location rapidly	[uncountable and countable] the rate at which something moves or travels	uk.bl.ethos.589187		1.0	1.0	2.33	2.33	469.33	3.94	2.75	2.71
guided	speed	the ratio of the focal length to the diameter of a (camera) lens system	[uncountable and countable] the rate at which something moves or travels	uk.bl.ethos.589187	0.0	1.0	1.0	5.75	1.32	487.0	5.44	3.62	03.08
guided	speed	a central nervous system stimulant that increases energy and decreases appetite; used to treat narcolepsy and some forms of depression	[uncountable and countable] the rate at which something moves or travels	uk.bl.ethos.589187	1.0	1.0	1.0	5.0	1.44	480.29	4.93	2.92	3.45
guided	speed	move fast	[uncountable and countable] the rate at which something moves or travels	uk.bl.ethos.589187	0.0	1.0	1.0	0.0	0.0	482.5	3.38	3.28	2.73
guided	speed	move faster	[uncountable and countable] the rate at which something moves or travels	uk.bl.ethos.589187	0.0	1.0	1.0	0.0	0.0	549.0	4.83	3.0	3.0
guided	speed	move very fast	[uncountable and countable] the rate at which something moves or travels	uk.bl.ethos.589187	0.0	1.0	1.0	0.0	0.0	482.5	3.38	3.28	2.73
guided	speed	travel at an excessive or illegal velocity	[uncountable and countable] the rate at which something moves or travels	uk.bl.ethos.589187	1.0	1.0	1.0	4.29	3.7	545.75	05.02	2.64	2.7
guided	speed	cause to move faster	[uncountable and countable] the rate at which something moves or travels	uk.bl.ethos.589187	0.0	1.0	1.0	0.0	0.0	510.33	4.32	2.81	2.58
guided	economy	the system of production and distribution and consumption	[countable] the system by which a country.s trade, industry, and money are organized	uk.bl.ethos.589188	0.0	1.0	0.0	8.5	0.45	555.0	3.99	3.0	2.72
guided	economy	the efficient use of resources	[countable] the system by which a country.s trade, industry, and money are organized	uk.bl.ethos.589188	0.0	0.0	0.0	5.67	0.6	519.5	4.57	2.3	3.7
guided	economy	frugality in the expenditure of money or resources	[countable] the system by which a country.s trade, industry, and money are organized	uk.bl.ethos.589188	0.0	0.0	0.0	6.0	03.02	485.33	4.8	3.17	3.64
guided	economy	an act of economizing; reduction in cost	[countable] the system by which a country.s trade, industry, and money are organized	uk.bl.ethos.589188	1.0	0.0	1.0	5.0	0.45	534.2	4.2	2.57	3.54
guided	hurtling	move with or as if with a rushing sound	to move very quickly, especially in an uncontrolled way	uk.bl.ethos.589189	0.0	1.0		4.67	0.0	480.67	4.79	3.28	2.67
guided	hurtling	make a thrusting forward movement	to move very quickly, especially in an uncontrolled way	uk.bl.ethos.589189	1.0	1.0	1.0	4.4	5.21	463.5	06.01	03.02	2.45
guided	hurtling	throw forcefully	to move very quickly, especially in an uncontrolled way	uk.bl.ethos.589189	0.0	1.0	1.0	1.5	3.12	397.0	5.83	3.36	3.17
guided	reverse	a relation of direct opposition	1. to start to happen or to make something happen in the opposite way OR 2. the position of the gears in a vehicle that makes it go backwards	uk.bl.ethos.589190	0.0	0.0	0.0	5.5	1.21	474.0	5.8	2.17	3.26
guided	reverse	the gears by which the motion of a machine can be reversed	1. to start to happen or to make something happen in the opposite way OR 2. the position of the gears in a vehicle that makes it go backwards	uk.bl.ethos.589190	1.0	1.0	1.0	5.25	1.44	424.0	5.82	3.74	2.99
guided	reverse	an unfortunate happening that hinders or impedes; something that is thwarting or frustrating	1. to start to happen or to make something happen in the opposite way OR 2. the position of the gears in a vehicle that makes it go backwards	uk.bl.ethos.589190	0.0	0.0	0.0	3.9	1.34	532.12	3.51	1.91	3.41
guided	reverse	the side of a coin or medal that does not bear the principal design	1. to start to happen or to make something happen in the opposite way OR 2. the position of the gears in a vehicle that makes it go backwards	uk.bl.ethos.589190	0.0	1.0	1.0	5.8	0.78	500.5	4.59	4.18	2.66
guided	reverse	(American football) a running play in which a back running in one direction hands the ball to a back running in the opposite direction	1. to start to happen or to make something happen in the opposite way OR 2. the position of the gears in a vehicle that makes it go backwards	uk.bl.ethos.589190	0.0	1.0	1.0	6.6	2.17	466.44	4.76	3.88	04.02
guided	reverse	turning in the opposite direction	1. to start to happen or to make something happen in the opposite way OR 2. the position of the gears in a vehicle that makes it go backwards	uk.bl.ethos.589190	0.0	1.0	1.0	6.25	1.39	508.33	5.67	2.59	3.16
guided	reverse	change to the contrary	1. to start to happen or to make something happen in the opposite way OR 2. the position of the gears in a vehicle that makes it go backwards	uk.bl.ethos.589190	0.0	0.0	0.0	0.5	0.0	409.5	4.85	2.22	3.8
guided	reverse	turn inside out or upside down	1. to start to happen or to make something happen in the opposite way OR 2. the position of the gears in a vehicle that makes it go backwards	uk.bl.ethos.589190	0.0	1.0	1.0	3.5	1.46	473.0	4.8	3.24	2.94
guided	reverse	rule against	1. to start to happen or to make something happen in the opposite way OR 2. the position of the gears in a vehicle that makes it go backwards	uk.bl.ethos.589190	0.0	0.0	0.0	7.0		321.0	2.55	2.57	3.0
guided	reverse	cancel officially	1. to start to happen or to make something happen in the opposite way OR 2. the position of the gears in a vehicle that makes it go backwards	uk.bl.ethos.589190	0.0	0.0	0.0	3.5		494.5	4.69	02.01	2.7
guided	reverse	reverse the position, order, relation, or condition of	1. to start to happen or to make something happen in the opposite way OR 2. the position of the gears in a vehicle that makes it go backwards	uk.bl.ethos.589190	0.0	1.0		6.2		513.75	5.7	2.61	3.47
guided	reverse	directed or moving toward the rear	1. to start to happen or to make something happen in the opposite way OR 2. the position of the gears in a vehicle that makes it go backwards	uk.bl.ethos.589190	0.0	1.0	1.0	2.5		491.25	4.73	03.02	3.58
guided	reverse	of the transmission gear causing backward movement in a motor vehicle	1. to start to happen or to make something happen in the opposite way OR 2. the position of the gears in a vehicle that makes it go backwards	uk.bl.ethos.589190	0.0	1.0	1.0	5.11		413.86	04.05	3.76	2.59
guided	reverse	reversed (turned backward) in order or nature or effect	1. to start to happen or to make something happen in the opposite way OR 2. the position of the gears in a vehicle that makes it go backwards	uk.bl.ethos.589190	0.0	0.0		4.22		438.12	5.18	2.82	3.22
guided	come	the thick white fluid containing spermatozoa that is ejaculated by the male genital tract	[intransitive] to move or travel to the place where you are	uk.bl.ethos.589191	0.0	1.0	1.0	3.0	1.38	437.25	5.66	4.12	2.68
guided	come	move toward, travel toward something or somebody or approach something or somebody	[intransitive] to move or travel to the place where you are	uk.bl.ethos.589191	0.0	1.0	1.0	4.75	1.23	468.0	3.92	2.83	2.92
guided	come	reach a destination; arrive by movement or progress	[intransitive] to move or travel to the place where you are	uk.bl.ethos.589191	0.0	1.0	1.0	5.12	06.06	560.83	4.31	3.3	3.17
guided	come	come to pass; arrive, as in due course	[intransitive] to move or travel to the place where you are	uk.bl.ethos.589191	0.0	1.0	0.0	2.0	2.56	564.17	4.52	3.24	3.48
guided	come	reach or enter a state, relation, condition, use, or position	[intransitive] to move or travel to the place where you are	uk.bl.ethos.589191	0.0	0.0	0.0	4.9	0.0	546.09	5.71	2.86	3.41
guided	come	to be the product or result	[intransitive] to move or travel to the place where you are	uk.bl.ethos.589191	0.0	1.0	0.0	4.75	0.0	442.5	4.47	3.51	3.1
guided	come	be found or available	[intransitive] to move or travel to the place where you are	uk.bl.ethos.589191	0.0	0.0	0.0	3.0	0.0	431.5	3.63	2.32	3.72
guided	come	come forth	[intransitive] to move or travel to the place where you are	uk.bl.ethos.589191	0.0	0.0	1.0	0.0		483.5	5.65	2.55	2.5
guided	come	be a native of	[intransitive] to move or travel to the place where you are	uk.bl.ethos.589191	0.0	0.0	0.0	6.33	0.0	568.0	4.21	03.03	2.58
guided	come	extend or reach	[intransitive] to move or travel to the place where you are	uk.bl.ethos.589191	0.0	1.0	0.0	4.0	0.0	534.0	3.36	3.32	2.16
guided	come	exist or occur in a certain point in a series	[intransitive] to move or travel to the place where you are	uk.bl.ethos.589191	0.0	0.0	0.0	5.2	0.0	493.8	04.03	2.44	03.09
guided	come	cover a certain distance	[intransitive] to move or travel to the place where you are	uk.bl.ethos.589191	0.0	1.0	1.0	3.25	0.0	483.0	3.1	03.03	2.8
guided	come	come under, be classified or included	[intransitive] to move or travel to the place where you are	uk.bl.ethos.589191	0.0	0.0	0.0	3.2	0.0	518.0	5.37	2.36	3.31
guided	come	happen as a result	[intransitive] to move or travel to the place where you are	uk.bl.ethos.589191	1.0	0.0	0.0	4.25	0.0	402.5	3.63	2.32	2.2
guided	come	add up in number or quantity	[intransitive] to move or travel to the place where you are	uk.bl.ethos.589191	0.0	1.0	0.0	5.17	6.27	406.0	05.03	03.09	3.52
guided	come	develop into	[intransitive] to move or travel to the place where you are	uk.bl.ethos.589191	0.0	0.0	0.0	1.0	0.0	577.0	6.29	1.87	2.45
guided	come	be received	[intransitive] to move or travel to the place where you are	uk.bl.ethos.589191	0.0	0.0	0.0	2.0	0.0	361.0	6.4	2.67	1.9
guided	come	come to one's mind; suggest itself	[intransitive] to move or travel to the place where you are	uk.bl.ethos.589191	0.0	1.0	0.0	3.0	0.0	484.5	4.14	2.75	3.34
guided	come	come from; be connected by a relationship of blood, for example	[intransitive] to move or travel to the place where you are	uk.bl.ethos.589191	0.0	0.0	0.0	4.29	0.0	545.14	4.52	3.22	2.95
guided	come	proceed or get along	[intransitive] to move or travel to the place where you are	uk.bl.ethos.589191	0.0	0.0	0.0	3.25	0.0	506.0	4.19	2.36	2.28
guided	come	experience orgasm	[intransitive] to move or travel to the place where you are	uk.bl.ethos.589191	0.0	1.0	1.0	7.0	5.49	492.0	4.35	2.88	3.0
guided	come	have a certain priority	[intransitive] to move or travel to the place where you are	uk.bl.ethos.589191	0.0	0.0	0.0	5.0	0.0	421.0	2.82	1.72	3.23
guided	shock	the feeling of distress and disbelief that you have when something bad happens accidentally	[countable] [usually singular] something that happens unexpectedly and makes you feel very surprised and upset	uk.bl.ethos.589192	0.0	0.0	0.0	3.71	2.29	466.86	4.37	1.91	03.07
guided	shock	the violent interaction of individuals or groups entering into combat	[countable] [usually singular] something that happens unexpectedly and makes you feel very surprised and upset	uk.bl.ethos.589192	0.0	1.0	1.0	5.0	2.13	475.0	5.35	3.44	2.97
guided	shock	a reflex response to the passage of electric current through the body	[countable] [usually singular] something that happens unexpectedly and makes you feel very surprised and upset	uk.bl.ethos.589192	0.0	1.0	1.0	5.38	2.23	497.67	4.44	3.57	2.64
guided	shock	(pathology) bodily collapse or near collapse caused by inadequate oxygen delivery to the cells; characterized by reduced cardiac output and rapid heartbeat and circulatory insufficiency and pallor	[countable] [usually singular] something that happens unexpectedly and makes you feel very surprised and upset	uk.bl.ethos.589192	1.0	1.0	1.0	3.18	0.82	509.71	4.44	2.99	3.21
guided	shock	an instance of agitation of the earth's crust	[countable] [usually singular] something that happens unexpectedly and makes you feel very surprised and upset	uk.bl.ethos.589192	0.0	1.0	1.0	7.4	0.2	395.8	4.8	3.42	3.24
guided	shock	an unpleasant or disappointing surprise	[countable] [usually singular] something that happens unexpectedly and makes you feel very surprised and upset	uk.bl.ethos.589192	0.0	0.0	0.0	4.0	0.3	419.33	4.14	2.32	3.77
guided	shock	a pile of sheaves of grain set on end in a field to dry; stalks of Indian corn set up in a field	[countable] [usually singular] something that happens unexpectedly and makes you feel very surprised and upset	uk.bl.ethos.589192	0.0	1.0	1.0	5.74	01.03	493.0	3.31	04.06	2.92
guided	shock	a bushy thick mass (especially hair)	[countable] [usually singular] something that happens unexpectedly and makes you feel very surprised and upset	uk.bl.ethos.589192	0.0	1.0	1.0	3.33	0.3	464.43	5.16	3.49	3.63
guided	shock	a sudden jarring impact	[countable] [usually singular] something that happens unexpectedly and makes you feel very surprised and upset	uk.bl.ethos.589192	0.0	0.0	1.0	4.0	0.3	520.67	4.0	2.34	3.18
guided	shock	a mechanical damper; absorbs energy of sudden impulses	[countable] [usually singular] something that happens unexpectedly and makes you feel very surprised and upset	uk.bl.ethos.589192	0.0	1.0	1.0	4.71	03.07	535.17	4.45	2.87	3.85
guided	shock	surprise greatly; knock someone's socks off	[countable] [usually singular] something that happens unexpectedly and makes you feel very surprised and upset	uk.bl.ethos.589192	0.0	1.0	0.0	3.33	0.0	521.17	4.17	3.27	3.87
guided	shock	strike with disgust or revulsion	[countable] [usually singular] something that happens unexpectedly and makes you feel very surprised and upset	uk.bl.ethos.589192	0.0	0.0	0.0	4.75	0.0	457.67	3.27	2.77	03.04
guided	shock	strike with horror or terror	[countable] [usually singular] something that happens unexpectedly and makes you feel very surprised and upset	uk.bl.ethos.589192	0.0	1.0	0.0	5.25	0.0	452.67	4.31	3.0	2.24
guided	shock	collide violently	[countable] [usually singular] something that happens unexpectedly and makes you feel very surprised and upset	uk.bl.ethos.589192	0.0	1.0	1.0	0.0	0.0	316.5	6.6	2.95	3.42
guided	shock	collect or gather into shocks	[countable] [usually singular] something that happens unexpectedly and makes you feel very surprised and upset	uk.bl.ethos.589192	0.0	1.0	1.0	3.5	3.57	455.33	5.63	3.36	03.02
guided	shock	subject to electrical shocks	[countable] [usually singular] something that happens unexpectedly and makes you feel very surprised and upset	uk.bl.ethos.589192	0.0	1.0	1.0	1.0	5.32	433.33	5.17	3.51	3.11
guided	shock	inflict a trauma upon	[countable] [usually singular] something that happens unexpectedly and makes you feel very surprised and upset	uk.bl.ethos.589192	0.0	0.0	0.0	6.33	0.0	493.33	04.01	2.77	2.65
guided	attack	(military) an offensive against an enemy (using weapons)	the act of using weapons against an enemy in a war	https://aclanthology.org/2024.lrec-main.982/	0.0	1.0	1.0	6.14	1.86	471.25	5.33	2.98	3.36
guided	attack	an offensive move in a sport or game	the act of using weapons against an enemy in a war	https://aclanthology.org/2024.lrec-main.982/	0.0	1.0	1.0	5.25	0.36	429.0	3.76	3.33	2.47
guided	attack	intense adverse criticism	the act of using weapons against an enemy in a war	https://aclanthology.org/2024.lrec-main.982/	0.0	0.0	0.0	1.67	2.62	559.67	4.56	2.24	2.47
guided	attack	ideas or actions intended to deal with a problem or situation	the act of using weapons against an enemy in a war	https://aclanthology.org/2024.lrec-main.982/	0.0	0.0	0.0	6.0	0.34	517.83	4.56	2.36	3.21
guided	attack	the act of attacking	the act of using weapons against an enemy in a war	https://aclanthology.org/2024.lrec-main.982/	0.0	0.0		4.0	0.6	469.5	5.17	2.46	4.14
guided	attack	a decisive manner of beginning a musical tone or phrase	the act of using weapons against an enemy in a war	https://aclanthology.org/2024.lrec-main.982/	1.0	1.0	0.0	5.56	0.55	508.83	3.53	2.66	2.45
guided	attack	a sudden occurrence of an uncontrollable condition	the act of using weapons against an enemy in a war	https://aclanthology.org/2024.lrec-main.982/	0.0	0.0	0.0	4.83	0.6	531.5	4.47	2.22	3.3
guided	attack	the onset of a corrosive or destructive process (as by a chemical agent)	the act of using weapons against an enemy in a war	https://aclanthology.org/2024.lrec-main.982/	0.0	1.0	1.0	4.91	0.57	493.88	5.16	3.0	3.27
guided	attack	strong criticism	the act of using weapons against an enemy in a war	https://aclanthology.org/2024.lrec-main.982/	0.0	0.0	0.0	2.5	2.62	471.0	6.35	2.6	2.89
guided	attack	launch an attack or assault on; begin hostilities or start warfare with	the act of using weapons against an enemy in a war	https://aclanthology.org/2024.lrec-main.982/	1.0	1.0	1.0	5.9	0.0	479.0	5.4	03.05	3.52
guided	attack	attack in speech or writing	the act of using weapons against an enemy in a war	https://aclanthology.org/2024.lrec-main.982/	0.0	1.0	0.0	5.0	0.0	464.0	4.76	3.59	2.73
guided	attack	take the initiative and go on the offensive	the act of using weapons against an enemy in a war	https://aclanthology.org/2024.lrec-main.982/	0.0	0.0	0.0	3.8	0.0	499.25	3.24	2.58	2.7
guided	attack	attack someone physically or emotionally	the act of using weapons against an enemy in a war	https://aclanthology.org/2024.lrec-main.982/	1.0	0.0	1.0	3.0		466.75	5.18	2.9	3.18
guided	attack	set to work upon; turn one's energies vigorously to a task	the act of using weapons against an enemy in a war	https://aclanthology.org/2024.lrec-main.982/	1.0	1.0	0.0	3.5	0.0	471.5	4.87	3.2	3.23
guided	attack	begin to injure	the act of using weapons against an enemy in a war	https://aclanthology.org/2024.lrec-main.982/	0.0	1.0	1.0	1.5	1.46	378.0	4.37	03.02	03.02
guided	grasp	understanding of the nature or meaning or quality or magnitude of something	To seize and hold firmly with one.s hands	http://hdl.handle.net/10871/40319	0.0	0.0	0.0	6.0	0.63	524.67	3.23	2.19	3.12
guided	grasp	the limit of capability	To seize and hold firmly with one.s hands	http://hdl.handle.net/10871/40319	0.0	0.0	0.0	5.0	0.6	539.5	5.37	2.1	02.04
guided	grasp	an intellectual hold or understanding	To seize and hold firmly with one.s hands	http://hdl.handle.net/10871/40319	0.0	0.0	0.0	5.0	0.4	489.0	3.98	2.47	2.93
guided	grasp	the act of grasping	To seize and hold firmly with one.s hands	http://hdl.handle.net/10871/40319	0.0	0.0		7.0	4.65	599.0	3.98	2.86	04.09
guided	grasp	hold firmly	To seize and hold firmly with one.s hands	http://hdl.handle.net/10871/40319	0.0	1.0	1.0	1.0	0.0	533.0	5.4	3.0	2.9
guided	grasp	get the meaning of something	To seize and hold firmly with one.s hands	http://hdl.handle.net/10871/40319	0.0	0.0	0.0	3.0	0.0	530.67	2.88	02.02	3.49
guided	goal	the state of affairs that a plan is intended to achieve and that (when achieved) terminates behavior intended to achieve it	the net or structure that you try to get the ball into in games such as football and basketball	DOI: 10.1075/ijolc.21051.cho	0.0	0.0	0.0	4.54	1.14	530.5	05.01	2.48	3.61
guided	goal	the place designated as the end (as of a race or journey)	the net or structure that you try to get the ball into in games such as football and basketball	DOI: 10.1075/ijolc.21051.cho	0.0	1.0	1.0	5.11	0.74	437.43	5.49	03.04	3.48
guided	goal	game equipment consisting of the place toward which players of a game try to advance a ball or puck in order to score points	the net or structure that you try to get the ball into in games such as football and basketball	DOI: 10.1075/ijolc.21051.cho	1.0	1.0	1.0	5.47	2.38	501.14	4.91	3.66	3.22
guided	goal	a successful attempt at scoring	the net or structure that you try to get the ball into in games such as football and basketball	DOI: 10.1075/ijolc.21051.cho	0.0	11.0	1.0	4.0	0.6	455.0	4.39	2.38	2.67
guided	view	a way of regarding situations or topics etc.	.view. here is a physical one, as one can view, for example, a film or a house	DOI: 10.1075/ijolc.21051.cho	0.0	0.0	0.0	6.33	0.77	420.6	4.9	02.05	3.22
guided	view	the visual percept of a region	.view. here is a physical one, as one can view, for example, a film or a house	DOI: 10.1075/ijolc.21051.cho	0.0	0.0	1.0	5.0	2.71	485.67	4.1	2.67	3.52
guided	view	the act of looking or seeing or observing	.view. here is a physical one, as one can view, for example, a film or a house	DOI: 10.1075/ijolc.21051.cho	0.0	1.0	1.0	6.83	01.07	448.25	5.14	03.09	3.14
guided	view	the range of the eye	.view. here is a physical one, as one can view, for example, a film or a house	DOI: 10.1075/ijolc.21051.cho	0.0	1.0	1.0	5.0	0.4	443.5	5.72	04.06	2.64
guided	view	a personal belief or judgment that is not founded on proof or certainty	.view. here is a physical one, as one can view, for example, a film or a house	DOI: 10.1075/ijolc.21051.cho	0.0	0.0	0.0	4.42	01.09	469.33	5.11	1.87	3.58
guided	view	a message expressing a belief about something; the expression of a belief that is held with confidence but not substantiated by positive knowledge or proof	.view. here is a physical one, as one can view, for example, a film or a house	DOI: 10.1075/ijolc.21051.cho	0.0	0.0	0.0	4.2	1.11	475.62	4.56	2.19	3.64
guided	view	purpose; the phrase `with a view to' means `with the intention of' or `for the purpose of'	.view. here is a physical one, as one can view, for example, a film or a house	DOI: 10.1075/ijolc.21051.cho	0.0	0.0	0.0	6.29	1.25	514.42	4.61	2.16	2.67
guided	view	graphic art consisting of the graphic or photographic representation of a visual percept	.view. here is a physical one, as one can view, for example, a film or a house	DOI: 10.1075/ijolc.21051.cho	1.0	1.0	1.0	3.4	1.54	563.25	4.68	2.93	03.03
guided	view	the range of interest or activity that can be anticipated	.view. here is a physical one, as one can view, for example, a film or a house	DOI: 10.1075/ijolc.21051.cho	0.0	0.0	0.0	3.71	0.0	450.75	4.95	2.58	2.7
guided	view	outward appearance	.view. here is a physical one, as one can view, for example, a film or a house	DOI: 10.1075/ijolc.21051.cho	0.0	1.0	1.0	2.0	5.81	511.0	4.28	2.68	3.6
guided	view	deem to be	.view. here is a physical one, as one can view, for example, a film or a house	DOI: 10.1075/ijolc.21051.cho	0.0	0.0	0.0	2.0	2.71	594.0	3.35	2.1	3.17
guided	view	look at carefully; study mentally	.view. here is a physical one, as one can view, for example, a film or a house	DOI: 10.1075/ijolc.21051.cho	0.0	0.0	1.0	1.6	0.0	484.6	4.2	2.68	3.35
guided	view	see or watch	.view. here is a physical one, as one can view, for example, a film or a house	DOI: 10.1075/ijolc.21051.cho	0.0	1.0	1.0	3.67	6.98	454.5	4.32	3.91	2.75
guided	course	education imparted in a series of lessons or meetings	an area of land or water where a race takes place	DOI: 10.1075/ijolc.21051.cho	0.0	1.0	1.0	6.38	01.08	547.25	5.5	03.05	2.13
guided	course	a connected series of events or actions or developments	an area of land or water where a race takes place	DOI: 10.1075/ijolc.21051.cho	0.0	0.0	0.0	6.38	0.26	521.2	4.36	2.71	2.36
guided	course	general line of orientation	an area of land or water where a race takes place	DOI: 10.1075/ijolc.21051.cho	0.0	0.0	0.0	8.0	0.43	415.67	3.79	2.85	3.94
guided	course	a mode of action	an area of land or water where a race takes place	DOI: 10.1075/ijolc.21051.cho	0.0	0.0	0.0	7.0	0.73	585.0	4.12	2.66	2.32
guided	course	a line or route along which something travels or moves	an area of land or water where a race takes place	DOI: 10.1075/ijolc.21051.cho	1.0	1.0	0.0	4.38	2.27	535.83	4.58	3.21	3.27
guided	course	a body of students who are taught together	an area of land or water where a race takes place	DOI: 10.1075/ijolc.21051.cho	1.0	1.0	1.0	6.29	0.98	536.5	4.4	3.66	2.77
guided	course	part of a meal served at one time	an area of land or water where a race takes place	DOI: 10.1075/ijolc.21051.cho	0.0	1.0	1.0	4.29	3.22	425.2	5.32	3.74	2.85
guided	course	(construction) a layer of masonry	an area of land or water where a race takes place	DOI: 10.1075/ijolc.21051.cho	0.0	1.0	1.0	6.5	01.04	497.8	05.09	3.69	3.2
guided	course	facility consisting of a circumscribed area of land or water laid out for a sport	an area of land or water where a race takes place	DOI: 10.1075/ijolc.21051.cho	0.0	1.0	1.0	5.0	1.47	460.62	4.79	3.67	03.02
guided	course	move swiftly through or over	an area of land or water where a race takes place	DOI: 10.1075/ijolc.21051.cho	0.0	0.0		1.8	0.0	525.0	4.35	2.77	2.27
guided	course	move along, of liquids	an area of land or water where a race takes place	DOI: 10.1075/ijolc.21051.cho	0.0	1.0	1.0	2.33	0.0	465.25	05.07	3.37	2.86
guided	course	hunt with hounds	an area of land or water where a race takes place	DOI: 10.1075/ijolc.21051.cho	0.0	1.0	1.0	2.5	0.0	578.0	4.53	3.81	1.18
guided	course	as might be expected	an area of land or water where a race takes place	DOI: 10.1075/ijolc.21051.cho	0.0	0.0	0.0	3.25		487.5	06.08	2.32	2.23
guided	life	a characteristic state or mode of living	period between somebody.s birth and death	https://doi.org/10.5539/ells.v10n3p62	0.0	0.0	0.0	6.5	1.63	504.25	4.13	2.85	2.16
guided	life	the experience of being alive; the course of human events and activities	period between somebody.s birth and death	https://doi.org/10.5539/ells.v10n3p62	0.0	1.0	1.0	5.57	0.85	524.57	4.55	3.18	3.9
guided	life	the course of existence of an individual; the actions and events that occur in living	period between somebody.s birth and death	https://doi.org/10.5539/ells.v10n3p62	0.0	0.0	1.0	4.44	1.31	494.0	4.12	2.76	2.76
guided	life	the condition of living or the state of being alive	period between somebody.s birth and death	https://doi.org/10.5539/ells.v10n3p62	0.0	0.0	1.0	5.33	3.86	473.25	5.32	2.96	2.61
guided	life	the period during which something is functional (as between birth and death)	period between somebody.s birth and death	https://doi.org/10.5539/ells.v10n3p62	0.0	1.0	0.0	5.14	0.97	477.71	4.41	3.17	3.4
guided	life	the period between birth and the present time	period between somebody.s birth and death	https://doi.org/10.5539/ells.v10n3p62	0.0	1.0	1.0	2.4	1.9	463.25	4.98	3.56	3.29
guided	life	the period from the present until death	period between somebody.s birth and death	https://doi.org/10.5539/ells.v10n3p62	0.0	1.0	1.0	5.33	0.3	437.33	4.25	3.48	3.13
guided	life	a living person	period between somebody.s birth and death	https://doi.org/10.5539/ells.v10n3p62	0.0	1.0	1.0	6.67	0.27	426.5	5.25	3.88	2.3
guided	life	animation and energy in action or expression	period between somebody.s birth and death	https://doi.org/10.5539/ells.v10n3p62	0.0	1.0	0.0	5.67	1.39	443.25	5.13	2.98	2.78
guided	life	living things collectively	period between somebody.s birth and death	https://doi.org/10.5539/ells.v10n3p62	0.0	1.0	1.0	3.0	0.0	394.67	4.46	2.84	2.7
guided	life	the organic phenomenon that distinguishes living organisms from nonliving ones	period between somebody.s birth and death	https://doi.org/10.5539/ells.v10n3p62	0.0	1.0	1.0	2.86	1.39	482.43	4.57	3.14	2.83
guided	life	an account of the series of events making up a person's life	period between somebody.s birth and death	https://doi.org/10.5539/ells.v10n3p62	0.0	1.0	1.0	6.0	01.09	464.29	5.13	03.07	3.14
guided	life	a motive for living	period between somebody.s birth and death	https://doi.org/10.5539/ells.v10n3p62	0.0	0.0	0.0	5.0	2.3	444.5	4.32	2.27	1.82
guided	life	a prison term lasting as long as the prisoner lives	period between somebody.s birth and death	https://doi.org/10.5539/ells.v10n3p62	0.0	1.0	0.0	6.11	1.55	472.5	4.41	3.3	3.28
guided	good	benefit	it is most suitable or right for a particular purpose	https://doi.org/10.5539/ells.v10n3p63	0.0	0.0	0.0	1.0		546.0	3.15	2.25	1.36
guided	good	moral excellence or admirableness	it is most suitable or right for a particular purpose	https://doi.org/10.5539/ells.v10n3p63	1.0	0.0	1.0	5.75	1.52	532.33	3.15	1.86	3.85
guided	good	that which is pleasing or valuable or useful	it is most suitable or right for a particular purpose	https://doi.org/10.5539/ells.v10n3p63	0.0	0.0	0.0	3.17	0.0	514.0	5.43	2.31	2.62
guided	good	articles of commerce	it is most suitable or right for a particular purpose	https://doi.org/10.5539/ells.v10n3p63	0.0	0.0	1.0	10.0	0.0	552.0	3.43	2.76	3.42
guided	good	having desirable or positive qualities especially those suitable for a thing specified	it is most suitable or right for a particular purpose	https://doi.org/10.5539/ells.v10n3p63	0.0	0.0	0.0	2.9		478.57	3.91	2.15	3.82
guided	good	having the normally expected amount	it is most suitable or right for a particular purpose	https://doi.org/10.5539/ells.v10n3p63	0.0	0.0	0.0	3.25		475.67	4.32	2.28	2.12
guided	good	morally admirable	it is most suitable or right for a particular purpose	https://doi.org/10.5539/ells.v10n3p63	0.0	0.0	1.0	0.0		577.0	2.58	1.6	2.36
guided	good	deserving of esteem and respect	it is most suitable or right for a particular purpose	https://doi.org/10.5539/ells.v10n3p63	0.0	0.0	0.0	3.67		511.67	5.36	1.83	3.33
guided	good	promoting or enhancing well-being	it is most suitable or right for a particular purpose	https://doi.org/10.5539/ells.v10n3p63	0.0	0.0	0.0	5.25		484.67	06.06		2.69
guided	good	agreeable or pleasing	it is most suitable or right for a particular purpose	https://doi.org/10.5539/ells.v10n3p63	0.0	0.0	0.0	3.33		476.5	4.88	2.32	3.24
guided	good	of moral excellence	it is most suitable or right for a particular purpose	https://doi.org/10.5539/ells.v10n3p63	0.0	0.0	1.0	4.5		543.5	2.74	1.94	4.37
guided	good	having or showing knowledge and skill and aptitude	it is most suitable or right for a particular purpose	https://doi.org/10.5539/ells.v10n3p63	0.0	0.0	0.0	4.33		546.75	5.22	2.12	3.26
guided	good	thorough	it is most suitable or right for a particular purpose	https://doi.org/10.5539/ells.v10n3p63	0.0	0.0	0.0	0.0		456.0	5.46	1.66	3.1
guided	good	with or in a close or intimate relationship	it is most suitable or right for a particular purpose	https://doi.org/10.5539/ells.v10n3p63	0.0	0.0	0.0	5.29		374.67	3.85	2.69	1.89
guided	good	financially sound	it is most suitable or right for a particular purpose	https://doi.org/10.5539/ells.v10n3p63	0.0	0.0	0.0	0.0		479.0	4.81	03.02	2.0
guided	good	most suitable or right for a particular purpose	it is most suitable or right for a particular purpose	https://doi.org/10.5539/ells.v10n3p63	0.0	0.0	0.0	3.14		537.25	4.2	2.29	2.98
guided	good	resulting favorably	it is most suitable or right for a particular purpose	https://doi.org/10.5539/ells.v10n3p63	0.0	0.0	0.0	0.5		515.5	5.46	1.9	2.49
guided	good	exerting force or influence	it is most suitable or right for a particular purpose	https://doi.org/10.5539/ells.v10n3p63	0.0	0.0	0.0	3.75		540.33	4.17	2.56	3.68
guided	good	capable of pleasing	it is most suitable or right for a particular purpose	https://doi.org/10.5539/ells.v10n3p63	0.0	0.0	0.0	4.5		548.0	5.94	2.38	2.38
guided	good	appealing to the mind	it is most suitable or right for a particular purpose	https://doi.org/10.5539/ells.v10n3p63	0.0	0.0	0.0	2.5		473.5	4.59	2.34	3.73
guided	good	in excellent physical condition	it is most suitable or right for a particular purpose	https://doi.org/10.5539/ells.v10n3p63	0.0	0.0	1.0	2.75		524.33	4.11	2.52	2.86
guided	good	tending to promote physical well-being; beneficial to health	it is most suitable or right for a particular purpose	https://doi.org/10.5539/ells.v10n3p63	0.0	0.0	0.0	2.67		516.43	4.5	2.32	2.99
guided	good	not forged	it is most suitable or right for a particular purpose	https://doi.org/10.5539/ells.v10n3p63	1.0	1.0	1.0	1.0		546.0	06.09	3.22	3.0
guided	good	not left to spoil	it is most suitable or right for a particular purpose	https://doi.org/10.5539/ells.v10n3p63	0.0	1.0	1.0	4.67		412.0	04.05	3.26	1.3
guided	good	generally admired	it is most suitable or right for a particular purpose	https://doi.org/10.5539/ells.v10n3p63	0.0	0.0	0.0	0.0		490.0	4.1	1.74	2.8
guided	good	(often used as a combining form) in a good or proper or satisfactory manner or to a high standard (`good' is a nonstandard dialectal variant for `well')	it is most suitable or right for a particular purpose	https://doi.org/10.5539/ells.v10n3p63	0.0	0.0	0.0	4.52		494.74	5.27	2.37	2.96
guided	good	completely and absolutely (`good' is sometimes used informally for `thoroughly')	it is most suitable or right for a particular purpose	https://doi.org/10.5539/ells.v10n3p63	0.0	0.0	0.0	0.29		503.15	5.26	2.0	2.92
guided	track	a line or route along which something travels or moves	rough and unpaved road or path. There is some direction for people to follow.	https://doi.org/10.5539/ells.v10n3p64	0.0	1.0	0.0	4.38	2.27	535.83	4.58	3.21	3.27
guided	track	evidence pointing to a possible solution	rough and unpaved road or path. There is some direction for people to follow.	https://doi.org/10.5539/ells.v10n3p64	0.0	0.0	0.0	4.0	0.6	535.75	4.82	2.97	2.17
guided	track	a pair of parallel rails providing a runway for wheels	rough and unpaved road or path. There is some direction for people to follow.	https://doi.org/10.5539/ells.v10n3p64	0.0	1.0	1.0	6.25	1.42	468.4	5.98	3.8	3.25
guided	track	a course over which races are run	rough and unpaved road or path. There is some direction for people to follow.	https://doi.org/10.5539/ells.v10n3p64	0.0	1.0	1.0	6.33	0.52	530.67	06.05	3.91	3.72
guided	track	a distinct selection of music from a recording or a compact disc	rough and unpaved road or path. There is some direction for people to follow.	https://doi.org/10.5539/ells.v10n3p64	0.0	1.0	0.0	6.7	1.11	524.67	5.38	3.39	2.62
guided	track	an endless metal belt on which tracked vehicles move over the ground	rough and unpaved road or path. There is some direction for people to follow.	https://doi.org/10.5539/ells.v10n3p64	0.0	1.0	1.0	2.7	0.4	500.71	4.27	3.88	2.64
guided	track	(computer science) one of the circular magnetic paths on a magnetic disk that serve as a guide for writing and reading data	rough and unpaved road or path. There is some direction for people to follow.	https://doi.org/10.5539/ells.v10n3p64	0.0	1.0	1.0	5.0	0.57	439.27	05.04	3.87	03.02
guided	track	a groove on a phonograph recording	rough and unpaved road or path. There is some direction for people to follow.	https://doi.org/10.5539/ells.v10n3p64	0.0	1.0	1.0	7.17	2.21	557.67	5.93	04.02	3.13
guided	track	a bar or pair of parallel bars of rolled steel making the railway along which railroad cars or other vehicles can roll	rough and unpaved road or path. There is some direction for people to follow.	https://doi.org/10.5539/ells.v10n3p64	0.0	1.0	1.0	5.56	1.77	471.85	5.11	04.05	2.87
guided	track	any road or path affording passage especially a rough one	rough and unpaved road or path. There is some direction for people to follow.	https://doi.org/10.5539/ells.v10n3p64	0.0	1.0	1.0	3.8	0.84	506.71	5.19	3.67	3.48
guided	track	the act of participating in an athletic competition involving running on a track	rough and unpaved road or path. There is some direction for people to follow.	https://doi.org/10.5539/ells.v10n3p64	1.0	1.0	1.0	4.9	2.35	456.14	4.4	3.52	2.65
guided	track	carry on the feet and deposit	rough and unpaved road or path. There is some direction for people to follow.	https://doi.org/10.5539/ells.v10n3p64	0.0	1.0	1.0	4.0	0.0	501.0	4.89	4.29	3.13
guided	track	observe or plot the moving path of something	rough and unpaved road or path. There is some direction for people to follow.	https://doi.org/10.5539/ells.v10n3p64	0.0	1.0	1.0	3.8	0.0	544.2	4.44	3.16	2.97
guided	track	go after with the intent to catch	rough and unpaved road or path. There is some direction for people to follow.	https://doi.org/10.5539/ells.v10n3p64	0.0	1.0	1.0	3.5	0.0	399.67	4.33	2.93	2.58
guided	track	travel across or pass over	rough and unpaved road or path. There is some direction for people to follow.	https://doi.org/10.5539/ells.v10n3p64	0.0	1.0		2.4	1.85	419.5	5.47	3.37	3.55
guided	track	make tracks upon	rough and unpaved road or path. There is some direction for people to follow.	https://doi.org/10.5539/ells.v10n3p64	0.0	1.0	1.0	1.5	6.9	393.33	6.0	3.27	2.9
guided	open	a clear or unobstructed space or expanse of land or water	opening something closed or blocked, such as a blocked path	http://dx.doi.org/doi:10.1080/10926488.2014.859048	0.0	1.0	1.0	6.3	1.85	480.17	5.31	3.68	2.75
guided	open	where the air is unconfined	opening something closed or blocked, such as a blocked path	http://dx.doi.org/doi:10.1080/10926488.2014.859048	1.0	1.0	1.0	1.67	4.94	387.5	4.55	3.54	4.1
guided	open	a tournament in which both professionals and amateurs may play	opening something closed or blocked, such as a blocked path	http://dx.doi.org/doi:10.1080/10926488.2014.859048	0.0	1.0	1.0	6.0	1.63	426.0	4.82	3.45	2.49
guided	open	information that has become public	opening something closed or blocked, such as a blocked path	http://dx.doi.org/doi:10.1080/10926488.2014.859048	0.0	0.0	0.0	3.0	0.6	570.67	5.45	2.33	2.42
guided	open	cause to open or to become open	opening something closed or blocked, such as a blocked path	http://dx.doi.org/doi:10.1080/10926488.2014.859048	0.0	0.0		4.0	0.0	520.0	5.57	2.6	2.81
guided	open	start to operate or function or cause to start operating or functioning	opening something closed or blocked, such as a blocked path	http://dx.doi.org/doi:10.1080/10926488.2014.859048	0.0	0.0	0.0	3.9	0.0	521.14	5.31	2.7	3.36
guided	open	become open	opening something closed or blocked, such as a blocked path	http://dx.doi.org/doi:10.1080/10926488.2014.859048	0.0	0.0		3.0	0.0	557.5	6.47	2.38	3.1
guided	open	begin or set in action, of meetings, speeches, recitals, etc.	opening something closed or blocked, such as a blocked path	http://dx.doi.org/doi:10.1080/10926488.2014.859048	0.0	0.0	0.0	4.75	0.0	499.0	5.23	3.1	03.07
guided	open	spread out or open from a closed or folded state	opening something closed or blocked, such as a blocked path	http://dx.doi.org/doi:10.1080/10926488.2014.859048	0.0	1.0	1.0	4.62	5.43	496.8	4.45	3.58	2.39
guided	open	make available	opening something closed or blocked, such as a blocked path	http://dx.doi.org/doi:10.1080/10926488.2014.859048	0.0	0.0	0.0	1.0	0.0	429.0	05.04	2.39	3.13
guided	open	become available	opening something closed or blocked, such as a blocked path	http://dx.doi.org/doi:10.1080/10926488.2014.859048	0.0	0.0	0.0	1.5	0.0	508.5	5.1	1.82	03.04
guided	open	have an opening or passage or outlet	opening something closed or blocked, such as a blocked path	http://dx.doi.org/doi:10.1080/10926488.2014.859048	0.0	0.0	1.0	5.43	4.21	584.67	05.09	3.97	2.77
guided	open	make the opening move	opening something closed or blocked, such as a blocked path	http://dx.doi.org/doi:10.1080/10926488.2014.859048	0.0	0.0		4.33	7.5	482.33	5.47	3.24	2.45
guided	open	afford access to	opening something closed or blocked, such as a blocked path	http://dx.doi.org/doi:10.1080/10926488.2014.859048	0.0	0.0		0.5	3.62	430.0	4.99	2.27	3.15
guided	open	display the contents of a file or start an application as on a computer	opening something closed or blocked, such as a blocked path	http://dx.doi.org/doi:10.1080/10926488.2014.859048	0.0	1.0	1.0	6.42	0.0	477.8	5.14	3.86	3.11
guided	open	affording unobstructed entrance and exit; not shut or closed	opening something closed or blocked, such as a blocked path	http://dx.doi.org/doi:10.1080/10926488.2014.859048	0.0	1.0	1.0	2.5		516.0	5.2	3.53	3.5
guided	open	affording free passage or access	opening something closed or blocked, such as a blocked path	http://dx.doi.org/doi:10.1080/10926488.2014.859048	0.0	0.0	1.0	3.8		538.25	4.5	2.85	3.57
guided	open	with no protection or shield	opening something closed or blocked, such as a blocked path	http://dx.doi.org/doi:10.1080/10926488.2014.859048	0.0	1.0	1.0	4.5		545.5	4.74	3.58	2.45
guided	open	open to or in view of all	opening something closed or blocked, such as a blocked path	http://dx.doi.org/doi:10.1080/10926488.2014.859048	0.0	0.0	1.0	4.0		519.5	05.09	3.21	3.29
guided	open	used of mouth or eyes	opening something closed or blocked, such as a blocked path	http://dx.doi.org/doi:10.1080/10926488.2014.859048	0.0	1.0	1.0	5.5		462.67	3.46	04.09	2.85
guided	open	not having been filled	opening something closed or blocked, such as a blocked path	http://dx.doi.org/doi:10.1080/10926488.2014.859048	0.0	0.0	1.0	1.0		451.0	4.44	03.03	2.7
guided	open	accessible to all	opening something closed or blocked, such as a blocked path	http://dx.doi.org/doi:10.1080/10926488.2014.859048	0.0	0.0		0.0		424.0	3.68	1.8	1.73
guided	open	not defended or capable of being defended	opening something closed or blocked, such as a blocked path	http://dx.doi.org/doi:10.1080/10926488.2014.859048	1.0	0.0	0.0	3.5		524.33	5.6	2.21	1.97
guided	open	(of textures) full of small openings or gaps	opening something closed or blocked, such as a blocked path	http://dx.doi.org/doi:10.1080/10926488.2014.859048	0.0	1.0	1.0	4.67		465.67	05.04	3.61	3.23
guided	open	having no protecting cover or enclosure	opening something closed or blocked, such as a blocked path	http://dx.doi.org/doi:10.1080/10926488.2014.859048	0.0	1.0	1.0	2.83		538.33	4.84	3.44	3.24
guided	open	(set theory) of an interval that contains neither of its endpoints	opening something closed or blocked, such as a blocked path	http://dx.doi.org/doi:10.1080/10926488.2014.859048	0.0	0.0	0.0	5.62		459.0	4.7	2.27	3.68
guided	open	not brought to a conclusion; subject to further thought	opening something closed or blocked, such as a blocked path	http://dx.doi.org/doi:10.1080/10926488.2014.859048	0.0	0.0	0.0	2.86		514.6	5.0	2.36	3.46
guided	open	not sealed or having been unsealed	opening something closed or blocked, such as a blocked path	http://dx.doi.org/doi:10.1080/10926488.2014.859048	0.0	1.0	1.0	1.5		505.0	4.67	3.53	3.1
guided	open	without undue constriction as from e.g. tenseness or inhibition	opening something closed or blocked, such as a blocked path	http://dx.doi.org/doi:10.1080/10926488.2014.859048	0.0	0.0	0.0	6.17		434.43	4.98	2.22	2.91
guided	open	ready or willing to receive favorably	opening something closed or blocked, such as a blocked path	http://dx.doi.org/doi:10.1080/10926488.2014.859048	0.0	0.0	0.0	2.8		523.0	5.95	2.13	2.9
guided	open	open and observable; not secret or hidden	opening something closed or blocked, such as a blocked path	http://dx.doi.org/doi:10.1080/10926488.2014.859048	0.0	0.0	1.0	1.8		539.2	4.0	2.68	3.62
guided	open	not requiring union membership	opening something closed or blocked, such as a blocked path	http://dx.doi.org/doi:10.1080/10926488.2014.859048	0.0	0.0	0.0	3.75		489.33	5.1	3.21	3.15
guided	open	possibly accepting or permitting	opening something closed or blocked, such as a blocked path	http://dx.doi.org/doi:10.1080/10926488.2014.859048	0.0	0.0	0.0	2.25		422.67	5.39	1.74	2.53
guided	open	affording free passage or view	opening something closed or blocked, such as a blocked path	http://dx.doi.org/doi:10.1080/10926488.2014.859048	0.0	1.0	1.0	5.0		513.0	3.91	03.02	3.31
guided	open	openly straightforward and direct without reserve or secretiveness	opening something closed or blocked, such as a blocked path	http://dx.doi.org/doi:10.1080/10926488.2014.859048	0.0	0.0	0.0	3.5		527.83	4.81	1.96	2.84
guided	open	ready for business	opening something closed or blocked, such as a blocked path	http://dx.doi.org/doi:10.1080/10926488.2014.859048	1.0	0.0	0.0	4.0		562.0	4.84	2.68	03.05
guided	bridge	a structure that allows people or vehicles to cross an obstacle such as a river or canal or railway etc.	structure crossing a gap, road or river	http://dx.doi.org/doi:10.1080/10926488.2014.859049	0.0	1.0	1.0	6.0	01.06	486.82	5.14	4.45	2.69
guided	bridge	a circuit consisting of two branches (4 arms arranged in a diamond configuration) across which a meter is connected	structure crossing a gap, road or river	http://dx.doi.org/doi:10.1080/10926488.2014.859049	0.0	1.0	1.0	5.71	0.78	496.21	5.14	3.97	3.27
guided	bridge	something resembling a bridge in form or function	structure crossing a gap, road or river	http://dx.doi.org/doi:10.1080/10926488.2014.859049	0.0	1.0	0.0	5.5	02.02	486.6	4.5	2.96	3.62
guided	bridge	the hard ridge that forms the upper part of the nose	structure crossing a gap, road or river	http://dx.doi.org/doi:10.1080/10926488.2014.859049	0.0	1.0	1.0	5.17	0.8	492.5	3.58	3.82	2.64
guided	bridge	any of various card games based on whist for four players	structure crossing a gap, road or river	http://dx.doi.org/doi:10.1080/10926488.2014.859049	0.0	1.0	0.0	3.44	1.85	479.71	4.21	3.52	03.03
guided	bridge	a wooden support that holds the strings up	structure crossing a gap, road or river	http://dx.doi.org/doi:10.1080/10926488.2014.859049	0.0	1.0	1.0	4.0	01.04	545.5	05.04	3.97	2.35
guided	bridge	a denture anchored to teeth on either side of missing teeth	structure crossing a gap, road or river	http://dx.doi.org/doi:10.1080/10926488.2014.859049	0.0	1.0	1.0	4.56	2.8	524.57	05.06	3.77	2.35
guided	bridge	the link between two lenses; rests on the nose	structure crossing a gap, road or river	http://dx.doi.org/doi:10.1080/10926488.2014.859049	0.0	1.0	1.0	4.29	1.42	526.0	4.95	4.28	3.34
guided	bridge	an upper deck where a ship is steered and the captain stands	structure crossing a gap, road or river	http://dx.doi.org/doi:10.1080/10926488.2014.859049	0.0	1.0	1.0	5.44	1.2	423.5	4.68	4.27	3.53
guided	bridge	connect or reduce the distance between	structure crossing a gap, road or river	http://dx.doi.org/doi:10.1080/10926488.2014.859049	0.0	0.0	0.0	4.0	0.0	502.0	4.44	2.68	2.86
guided	bridge	make a bridge across	structure crossing a gap, road or river	http://dx.doi.org/doi:10.1080/10926488.2014.859049	0.0	0.0	1.0	4.0	0.0	407.0	5.86	3.57	4.21
guided	bridge	cross over on a bridge	structure crossing a gap, road or river	http://dx.doi.org/doi:10.1080/10926488.2014.859049	0.0	1.0	1.0	3.25	0.0	484.5	5.52	4.7	04.03
guided	crooked	bend or cause to bend	The adjective 'crooked' means not a straight line; bent or twisted; for example: """"a village of crooked streets""""	DOI:10.25130/jtuh.28.3.4.2021.23	0.0	1.0	1.0	3.5	04.04	462.33	5.62	3.4	2.39
guided	crooked	having or marked by bends or angles; not straight or aligned	The adjective 'crooked' means not a straight line; bent or twisted; for example: """"a village of crooked streets""""	DOI:10.25130/jtuh.28.3.4.2021.23	1.0	1.0	1.0	4.18		474.2	4.2	3.51	2.86
guided	crooked	not straight; dishonest or immoral or evasive	The adjective 'crooked' means not a straight line; bent or twisted; for example: """"a village of crooked streets""""	DOI:10.25130/jtuh.28.3.4.2021.23	0.0	0.0	0.0	3.29		589.2	3.6	02.05	3.11
guided	crooked	irregular in shape or outline	The adjective 'crooked' means not a straight line; bent or twisted; for example: """"a village of crooked streets""""	DOI:10.25130/jtuh.28.3.4.2021.23	0.0	1.0	1.0	3.8		553.0	5.62	03.06	2.71
guided	crooked	having the back and shoulders rounded; not erect	The adjective 'crooked' means not a straight line; bent or twisted; for example: """"a village of crooked streets""""	DOI:10.25130/jtuh.28.3.4.2021.23	0.0	1.0	1.0	2.17		496.75	3.47	3.86	3.22
guided	straight	a heterosexual person; someone having a sexual orientation to persons of the opposite sex	free from curves, bends, angles, or irregularities or that thing that is generated by a point moving continuously in the same direction and expressed by a linear equation	DOI:10.25130/jtuh.28.3.4.2021.24	0.0	0.0	0.0	5.36	1.53	510.67	5.17	3.37	3.87
guided	straight	a poker hand with 5 consecutive cards (regardless of suit)	free from curves, bends, angles, or irregularities or that thing that is generated by a point moving continuously in the same direction and expressed by a linear equation	DOI:10.25130/jtuh.28.3.4.2021.24	0.0	1.0	1.0	5.75	0.5	498.44	05.02	3.8	3.19
guided	straight	a straight segment of a roadway or racecourse	free from curves, bends, angles, or irregularities or that thing that is generated by a point moving continuously in the same direction and expressed by a linear equation	DOI:10.25130/jtuh.28.3.4.2021.24	0.0	1.0	1.0	7.17	2.22	516.25	5.29	3.61	2.47
guided	straight	successive (without a break)	free from curves, bends, angles, or irregularities or that thing that is generated by a point moving continuously in the same direction and expressed by a linear equation	DOI:10.25130/jtuh.28.3.4.2021.24	0.0	0.0	0.0	4.0		457.0	5.28	2.77	3.7
guided	straight	having no deviations	free from curves, bends, angles, or irregularities or that thing that is generated by a point moving continuously in the same direction and expressed by a linear equation	DOI:10.25130/jtuh.28.3.4.2021.24	0.0	0.0		6.33		465.0	5.59	2.96	3.33
guided	straight	(of hair) having no waves or curls	free from curves, bends, angles, or irregularities or that thing that is generated by a point moving continuously in the same direction and expressed by a linear equation	DOI:10.25130/jtuh.28.3.4.2021.24	0.0	1.0	1.0	4.83		483.75	5.79	4.76	3.87
guided	straight	erect in posture	free from curves, bends, angles, or irregularities or that thing that is generated by a point moving continuously in the same direction and expressed by a linear equation	DOI:10.25130/jtuh.28.3.4.2021.24	0.0	1.0	1.0	2.67		550.0	3.0	3.56	02.01
guided	straight	in keeping with the facts	free from curves, bends, angles, or irregularities or that thing that is generated by a point moving continuously in the same direction and expressed by a linear equation	DOI:10.25130/jtuh.28.3.4.2021.24	0.0	0.0	0.0	4.0		462.0	03.06	2.19	1.4
guided	straight	characterized by honesty and fairness	free from curves, bends, angles, or irregularities or that thing that is generated by a point moving continuously in the same direction and expressed by a linear equation	DOI:10.25130/jtuh.28.3.4.2021.24	0.0	0.0	0.0	4.0		481.0	4.78	1.71	4.27
guided	straight	no longer coiled	free from curves, bends, angles, or irregularities or that thing that is generated by a point moving continuously in the same direction and expressed by a linear equation	DOI:10.25130/jtuh.28.3.4.2021.24	1.0	0.0	0.0	2.67		439.0	3.87	3.29	3.6
guided	straight	free from curves or angles	free from curves, bends, angles, or irregularities or that thing that is generated by a point moving continuously in the same direction and expressed by a linear equation	DOI:10.25130/jtuh.28.3.4.2021.24	1.0	1.0	1.0	3.25		491.0	4.39	3.22	2.17
guided	straight	neatly arranged; not disorderly	free from curves, bends, angles, or irregularities or that thing that is generated by a point moving continuously in the same direction and expressed by a linear equation	DOI:10.25130/jtuh.28.3.4.2021.24	0.0	0.0	1.0	0.0		550.0	4.63	2.64	3.18
guided	straight	not homosexual	free from curves, bends, angles, or irregularities or that thing that is generated by a point moving continuously in the same direction and expressed by a linear equation	DOI:10.25130/jtuh.28.3.4.2021.24	0.0	0.0	0.0	2.0		298.0	4.57	3.85	03.08
guided	straight	accurately fitted; level	free from curves, bends, angles, or irregularities or that thing that is generated by a point moving continuously in the same direction and expressed by a linear equation	DOI:10.25130/jtuh.28.3.4.2021.24	0.0	0.0	1.0	1.67		498.0	4.76	2.66	3.29
guided	straight	without evasion or compromise	free from curves, bends, angles, or irregularities or that thing that is generated by a point moving continuously in the same direction and expressed by a linear equation	DOI:10.25130/jtuh.28.3.4.2021.24	0.0	0.0	0.0	6.33		500.33	3.28	2.14	2.52
guided	straight	without water	free from curves, bends, angles, or irregularities or that thing that is generated by a point moving continuously in the same direction and expressed by a linear equation	DOI:10.25130/jtuh.28.3.4.2021.24	0.0	1.0	1.0	6.0		460.0	5.22	3.58	2.6
guided	straight	following a correct or logical method	free from curves, bends, angles, or irregularities or that thing that is generated by a point moving continuously in the same direction and expressed by a linear equation	DOI:10.25130/jtuh.28.3.4.2021.24	0.0	0.0	0.0	3.83		511.0	3.5	2.48	2.51
guided	straight	rigidly conventional or old-fashioned	free from curves, bends, angles, or irregularities or that thing that is generated by a point moving continuously in the same direction and expressed by a linear equation	DOI:10.25130/jtuh.28.3.4.2021.24	0.0	0.0	0.0	2.25		500.67	5.21	1.95	3.25
guided	straight	without deviation	free from curves, bends, angles, or irregularities or that thing that is generated by a point moving continuously in the same direction and expressed by a linear equation	DOI:10.25130/jtuh.28.3.4.2021.24	0.0	0.0		10.0		446.5	4.65	2.56	3.32
guided	straight	in a forthright manner; candidly or frankly	free from curves, bends, angles, or irregularities or that thing that is generated by a point moving continuously in the same direction and expressed by a linear equation	DOI:10.25130/jtuh.28.3.4.2021.24	0.0	0.0	0.0	4.29		536.6	3.7	1.6	4.25
guided	straight	in a straight line; in a direct course	free from curves, bends, angles, or irregularities or that thing that is generated by a point moving continuously in the same direction and expressed by a linear equation	DOI:10.25130/jtuh.28.3.4.2021.24	0.0	1.0	1.0	5.57		565.0	04.08	3.31	04.06
guided	devious	indirect in departing from the accepted or proper way; misleading	The adjective 'devious' means pursuing indirect or winding course; deviating from the straightway	DOI:10.25130/jtuh.28.3.4.2021.25	0.0	0.0		1.5		547.71	5.72	2.15	3.12
guided	devious	characterized by insincerity or deceit; evasive	The adjective 'devious' means pursuing indirect or winding course; deviating from the straightway	DOI:10.25130/jtuh.28.3.4.2021.25	0.0	0.0	0.0	4.0		552.2	3.93	1.97	3.19
guided	devious	deviating from a straight course	The adjective 'devious' means pursuing indirect or winding course; deviating from the straightway	DOI:10.25130/jtuh.28.3.4.2021.25	1.0	1.0	1.0	4.5		549.0	3.71	3.29	2.74