,word,sentence,word_sense,label,definitions,M-T,defs_means,ds_means,phy,img,conc,nb17,prec,IC,phy_ds,img_ds,conc_ds,nb17_ds,prec_ds,IC_ds
0,mother,"His mother , by contrast , is the most vividly realised character in the book : nervy , flirtatious and selfish , already on her third husband , she thinks primarily of her appearance , even when visiting her dying daughter , Francis 's twin .",a woman who has given birth to a child (also used as a term of address to your mother),0.0,a woman who has given birth to a child,1.0,"{'physicality': 1.912477451393302, 'imageability': 3.9996457355941684, 'concreteness': 3.0644572643203554, 'nb17': 0.14815794, 'precision': 5.0, 'precision_IC': 1.4742995250196806}","{'physicality': 1.912477451393302, 'imageability': 3.9996457355941684, 'concreteness': 3.0644572643203554, 'nb17': 0.14815794, 'precision': 5.0, 'precision_IC': 1.4742995250196806}",1.912477451393302,3.999645735594168,3.064457264320356,0.14815794,5.0,1.4742995250196806,1.912477451393302,3.999645735594168,3.064457264320356,0.14815794,5.0,1.4742995250196806
1,mother,"His mother , by contrast , is the most vividly realised character in the book : nervy , flirtatious and selfish , already on her third husband , she thinks primarily of her appearance , even when visiting her dying daughter , Francis 's twin .",a woman who has given birth to a child (also used as a term of address to your mother),0.0,a stringy slimy substance consisting of yeast cells and bacteria...,0.0,"{'physicality': 2.271459948112462, 'imageability': 4.056428158692648, 'concreteness': 3.142159608793183, 'nb17': 0.023214025, 'precision': 4.125, 'precision_IC': 3.5126539711236218}","{'physicality': 1.912477451393302, 'imageability': 3.9996457355941684, 'concreteness': 3.0644572643203554, 'nb17': 0.14815794, 'precision': 5.0, 'precision_IC': 1.4742995250196806}",2.271459948112462,4.056428158692648,3.142159608793183,0.023214025,4.125,3.5126539711236218,1.912477451393302,3.999645735594168,3.064457264320356,0.14815794,5.0,1.4742995250196806
2,mother,"His mother , by contrast , is the most vividly realised character in the book : nervy , flirtatious and selfish , already on her third husband , she thinks primarily of her appearance , even when visiting her dying daughter , Francis 's twin .",a woman who has given birth to a child (also used as a term of address to your mother),0.0,a term of address for an elderly woman,1.0,"{'physicality': 1.8165823495869837, 'imageability': 3.926839733373706, 'concreteness': 3.013298671993054, 'nb17': 0.09166987, 'precision': 5.833333333333333, 'precision_IC': 1.6566000160306635}","{'physicality': 1.912477451393302, 'imageability': 3.9996457355941684, 'concreteness': 3.0644572643203554, 'nb17': 0.14815794, 'precision': 5.0, 'precision_IC': 1.4742995250196806}",1.816582349586984,3.926839733373706,3.013298671993054,0.09166987,5.833333333333333,1.6566000160306635,1.912477451393302,3.999645735594168,3.064457264320356,0.14815794,5.0,1.4742995250196806
3,mother,"His mother , by contrast , is the most vividly realised character in the book : nervy , flirtatious and selfish , already on her third husband , she thinks primarily of her appearance , even when visiting her dying daughter , Francis 's twin .",a woman who has given birth to a child (also used as a term of address to your mother),0.0,a term of address for a mother superior,1.0,"{'physicality': 1.6670218289343985, 'imageability': 3.5201234488876416, 'concreteness': 2.7531684690609226, 'nb17': 0.14406301, 'precision': 6.4, 'precision_IC': 0.7838379932818711}","{'physicality': 1.912477451393302, 'imageability': 3.9996457355941684, 'concreteness': 3.0644572643203554, 'nb17': 0.14815794, 'precision': 5.0, 'precision_IC': 1.4742995250196806}",1.6670218289343983,3.5201234488876416,2.7531684690609226,0.14406301,6.4,0.7838379932818711,1.912477451393302,3.999645735594168,3.064457264320356,0.14815794,5.0,1.4742995250196806
4,mother,"His mother , by contrast , is the most vividly realised character in the book : nervy , flirtatious and selfish , already on her third husband , she thinks primarily of her appearance , even when visiting her dying daughter , Francis 's twin .",a woman who has given birth to a child (also used as a term of address to your mother),0.0,a condition that is the inspiration for an activity or situation,0.0,"{'physicality': 1.7855606202102408, 'imageability': 3.41669866737102, 'concreteness': 2.564516973069694, 'nb17': 0.033480186, 'precision': 5.75, 'precision_IC': 1.5606662456157738}","{'physicality': 1.912477451393302, 'imageability': 3.9996457355941684, 'concreteness': 3.0644572643203554, 'nb17': 0.14815794, 'precision': 5.0, 'precision_IC': 1.4742995250196806}",1.7855606202102408,3.41669866737102,2.564516973069694,0.033480186,5.75,1.5606662456157738,1.912477451393302,3.999645735594168,3.064457264320356,0.14815794,5.0,1.4742995250196806
5,mother,"His mother , by contrast , is the most vividly realised character in the book : nervy , flirtatious and selfish , already on her third husband , she thinks primarily of her appearance , even when visiting her dying daughter , Francis 's twin .",a woman who has given birth to a child (also used as a term of address to your mother),0.0,care for like a mother,1.0,"{'physicality': 2.120188990454186, 'imageability': 3.7839768844360067, 'concreteness': 2.689826625246238, 'nb17': 0.23268929, 'precision': 6.333333333333333, 'precision_IC': 6.6644908329243915}","{'physicality': 1.912477451393302, 'imageability': 3.9996457355941684, 'concreteness': 3.0644572643203554, 'nb17': 0.14815794, 'precision': 5.0, 'precision_IC': 1.4742995250196806}",2.120188990454186,3.783976884436007,2.689826625246238,0.23268929,6.333333333333333,6.664490832924392,1.912477451393302,3.999645735594168,3.064457264320356,0.14815794,5.0,1.4742995250196806
6,mother,"His mother , by contrast , is the most vividly realised character in the book : nervy , flirtatious and selfish , already on her third husband , she thinks primarily of her appearance , even when visiting her dying daughter , Francis 's twin .",a woman who has given birth to a child (also used as a term of address to your mother),0.0,make children,1.0,"{'physicality': 3.1253176036423174, 'imageability': 5.057635815584142, 'concreteness': 3.7522427665222207, 'nb17': 0.19648938, 'precision': 4.0, 'precision_IC': 2.935094754836633}","{'physicality': 1.912477451393302, 'imageability': 3.9996457355941684, 'concreteness': 3.0644572643203554, 'nb17': 0.14815794, 'precision': 5.0, 'precision_IC': 1.4742995250196806}",3.1253176036423174,5.057635815584142,3.7522427665222207,0.19648938,4.0,2.935094754836633,1.912477451393302,3.999645735594168,3.064457264320356,0.14815794,5.0,1.4742995250196806
49,ate,"Now the Marais Poitevin is a pleasantly low-profile tourist attraction where you can take canal-boat trips from villages that have hardly changed in the 15-odd years I 've known them : Maillezais , with a huge and rather dull ruined abbey , and Coulon , where I first ate the delicious local version of moules marinieres called mouclade .",take in solid food,0.0,take in solid food,1.0,"{'physicality': 2.660832249546134, 'imageability': 4.534744859861412, 'concreteness': 3.3404338741201287, 'nb17': 0.1253834, 'precision': 3.25, 'precision_IC': 0.0}","{'physicality': 2.660832249546134, 'imageability': 4.534744859861412, 'concreteness': 3.3404338741201287, 'nb17': 0.1253834, 'precision': 3.25, 'precision_IC': 0.0}",2.660832249546134,4.534744859861412,3.3404338741201287,0.1253834,3.25,0.0,2.660832249546134,4.534744859861412,3.3404338741201287,0.1253834,3.25,0.0
50,ate,"Now the Marais Poitevin is a pleasantly low-profile tourist attraction where you can take canal-boat trips from villages that have hardly changed in the 15-odd years I 've known them : Maillezais , with a huge and rather dull ruined abbey , and Coulon , where I first ate the delicious local version of moules marinieres called mouclade .",take in solid food,0.0,eat a meal; take a meal,1.0,"{'physicality': 2.49404489904084, 'imageability': 4.282346467983618, 'concreteness': 3.4462045728196955, 'nb17': 0.28320548, 'precision': 5.833333333333333, 'precision_IC': 3.759757855898153}","{'physicality': 2.660832249546134, 'imageability': 4.534744859861412, 'concreteness': 3.3404338741201287, 'nb17': 0.1253834, 'precision': 3.25, 'precision_IC': 0.0}",2.49404489904084,4.282346467983618,3.4462045728196955,0.28320548,5.833333333333333,3.759757855898153,2.660832249546134,4.534744859861412,3.3404338741201287,0.1253834,3.25,0.0
51,ate,"Now the Marais Poitevin is a pleasantly low-profile tourist attraction where you can take canal-boat trips from villages that have hardly changed in the 15-odd years I 've known them : Maillezais , with a huge and rather dull ruined abbey , and Coulon , where I first ate the delicious local version of moules marinieres called mouclade .",take in solid food,0.0,take in food; used of animals only,1.0,"{'physicality': 1.8878745643105688, 'imageability': 3.6818458382207973, 'concreteness': 2.868764907492487, 'nb17': 0.059694957, 'precision': 3.0, 'precision_IC': 0.0}","{'physicality': 2.660832249546134, 'imageability': 4.534744859861412, 'concreteness': 3.3404338741201287, 'nb17': 0.1253834, 'precision': 3.25, 'precision_IC': 0.0}",1.8878745643105688,3.681845838220797,2.868764907492487,0.059694957,3.0,0.0,2.660832249546134,4.534744859861412,3.3404338741201287,0.1253834,3.25,0.0
52,ate,"Now the Marais Poitevin is a pleasantly low-profile tourist attraction where you can take canal-boat trips from villages that have hardly changed in the 15-odd years I 've known them : Maillezais , with a huge and rather dull ruined abbey , and Coulon , where I first ate the delicious local version of moules marinieres called mouclade .",take in solid food,0.0,worry or cause anxiety in a persistent way,0.0,"{'physicality': 2.2154303623167984, 'imageability': 3.666790245889308, 'concreteness': 2.469421457504572, 'nb17': 0.0069774385, 'precision': 4.75, 'precision_IC': 0.0}","{'physicality': 2.660832249546134, 'imageability': 4.534744859861412, 'concreteness': 3.3404338741201287, 'nb17': 0.1253834, 'precision': 3.25, 'precision_IC': 0.0}",2.2154303623167984,3.666790245889308,2.469421457504572,0.0069774385,4.75,0.0,2.660832249546134,4.534744859861412,3.3404338741201287,0.1253834,3.25,0.0
53,ate,"Now the Marais Poitevin is a pleasantly low-profile tourist attraction where you can take canal-boat trips from villages that have hardly changed in the 15-odd years I 've known them : Maillezais , with a huge and rather dull ruined abbey , and Coulon , where I first ate the delicious local version of moules marinieres called mouclade .",take in solid food,0.0,use up,0.0,"{'physicality': 2.1471890254803956, 'imageability': 3.705467143607038, 'concreteness': 2.787558752724783, 'nb17': 0.038670283, 'precision': 0.0, 'precision_IC': 0.0}","{'physicality': 2.660832249546134, 'imageability': 4.534744859861412, 'concreteness': 3.3404338741201287, 'nb17': 0.1253834, 'precision': 3.25, 'precision_IC': 0.0}",2.147189025480396,3.705467143607038,2.787558752724783,0.038670283,0.0,0.0,2.660832249546134,4.534744859861412,3.3404338741201287,0.1253834,3.25,0.0
54,ate,"Now the Marais Poitevin is a pleasantly low-profile tourist attraction where you can take canal-boat trips from villages that have hardly changed in the 15-odd years I 've known them : Maillezais , with a huge and rather dull ruined abbey , and Coulon , where I first ate the delicious local version of moules marinieres called mouclade .",take in solid food,0.0,"cause to deteriorate due to the action of water, air, or an acid",0.0,"{'physicality': 1.8662298071070706, 'imageability': 3.5650369873957457, 'concreteness': 2.630247220633262, 'nb17': 0.03494804, 'precision': 4.333333333333333, 'precision_IC': 0.0}","{'physicality': 2.660832249546134, 'imageability': 4.534744859861412, 'concreteness': 3.3404338741201287, 'nb17': 0.1253834, 'precision': 3.25, 'precision_IC': 0.0}",1.8662298071070704,3.5650369873957457,2.630247220633262,0.03494804,4.333333333333333,0.0,2.660832249546134,4.534744859861412,3.3404338741201287,0.1253834,3.25,0.0
85,fishing,"The villagers ' main hobby seems to be fishing with peculiar , saucer-shaped nets suspended from precariously-perched bankside huts .",the act of someone who fishes as a diversion,0.0,the act of someone who fishes as a diversion,1.0,"{'physicality': 1.8481181879432143, 'imageability': 3.6624319074936755, 'concreteness': 2.8203732398794106, 'nb17': 0.06802792, 'precision': 7.142857142857143, 'precision_IC': 0.7897767235283281}","{'physicality': 1.8481181879432143, 'imageability': 3.6624319074936755, 'concreteness': 2.8203732398794106, 'nb17': 0.06802792, 'precision': 7.142857142857143, 'precision_IC': 0.7897767235283281}",1.8481181879432145,3.662431907493676,2.8203732398794106,0.06802792,7.142857142857143,0.7897767235283281,1.8481181879432145,3.662431907493676,2.8203732398794106,0.06802792,7.142857142857143,0.7897767235283281
86,fishing,"The villagers ' main hobby seems to be fishing with peculiar , saucer-shaped nets suspended from precariously-perched bankside huts .",the act of someone who fishes as a diversion,0.0,the occupation of catching fish for a living,1.0,"{'physicality': 2.107522697347294, 'imageability': 4.131766284391718, 'concreteness': 3.0312065432717414, 'nb17': 0.15411778, 'precision': 5.8, 'precision_IC': 0.7049392341759314}","{'physicality': 1.8481181879432143, 'imageability': 3.6624319074936755, 'concreteness': 2.8203732398794106, 'nb17': 0.06802792, 'precision': 7.142857142857143, 'precision_IC': 0.7897767235283281}",2.107522697347294,4.131766284391718,3.031206543271741,0.15411778,5.8,0.7049392341759314,1.8481181879432145,3.662431907493676,2.8203732398794106,0.06802792,7.142857142857143,0.7897767235283281
87,fishing,"The villagers ' main hobby seems to be fishing with peculiar , saucer-shaped nets suspended from precariously-perched bankside huts .",the act of someone who fishes as a diversion,0.0,seek indirectly,0.0,"{'physicality': 2.177043846812163, 'imageability': 3.384060597962737, 'concreteness': 2.1522047531153476, 'nb17': -0.00940953, 'precision': 0.5, 'precision_IC': 0.0}","{'physicality': 1.8481181879432143, 'imageability': 3.6624319074936755, 'concreteness': 2.8203732398794106, 'nb17': 0.06802792, 'precision': 7.142857142857143, 'precision_IC': 0.7897767235283281}",2.177043846812163,3.384060597962737,2.152204753115348,-0.00940953,0.5,0.0,1.8481181879432145,3.662431907493676,2.8203732398794106,0.06802792,7.142857142857143,0.7897767235283281
88,fishing,"The villagers ' main hobby seems to be fishing with peculiar , saucer-shaped nets suspended from precariously-perched bankside huts .",the act of someone who fishes as a diversion,0.0,catch or try to catch fish or shellfish,1.0,"{'physicality': 2.5454484477826416, 'imageability': 4.644712833578486, 'concreteness': 3.3078561306385357, 'nb17': 0.23156637, 'precision': 5.0, 'precision_IC': 2.4101334200804705}","{'physicality': 1.8481181879432143, 'imageability': 3.6624319074936755, 'concreteness': 2.8203732398794106, 'nb17': 0.06802792, 'precision': 7.142857142857143, 'precision_IC': 0.7897767235283281}",2.5454484477826416,4.644712833578486,3.307856130638536,0.23156637,5.0,2.4101334200804705,1.8481181879432145,3.662431907493676,2.8203732398794106,0.06802792,7.142857142857143,0.7897767235283281
93,windows,"But Aulnay , just over 10 miles north-east of St Jean , is probably the best , its unassuming architecture a perfect frame for the sheer artistry of the carvings round its doors and windows .",a framework of wood or metal that contains a glass windowpane and is built into a wall or roof to admit light or air,0.0,a framework of wood or metal that contains a glass windowpane an...,1.0,"{'physicality': 2.1333346967933036, 'imageability': 4.465499426163486, 'concreteness': 3.5475438760354847, 'nb17': 0.13832313, 'precision': 7.2, 'precision_IC': 1.3109000086577827}","{'physicality': 2.189762492455399, 'imageability': 4.4621075834365485, 'concreteness': 3.31912379325779, 'nb17': 0.11666634, 'precision': 6.368421052631579, 'precision_IC': 1.7253189939781524}",2.133334696793304,4.465499426163486,3.5475438760354847,0.13832313,7.2,1.310900008657783,2.189762492455399,4.4621075834365485,3.31912379325779,0.11666634,6.368421052631579,1.7253189939781524
94,windows,"But Aulnay , just over 10 miles north-east of St Jean , is probably the best , its unassuming architecture a perfect frame for the sheer artistry of the carvings round its doors and windows .",a framework of wood or metal that contains a glass windowpane and is built into a wall or roof to admit light or air,0.0,a transparent opening in a vehicle that allow vision out of the ...,1.0,"{'physicality': 1.9326308846708582, 'imageability': 3.7107781344177417, 'concreteness': 2.8847041730493133, 'nb17': 0.06946049, 'precision': 5.333333333333333, 'precision_IC': 0.534506076635933}","{'physicality': 2.189762492455399, 'imageability': 4.4621075834365485, 'concreteness': 3.31912379325779, 'nb17': 0.11666634, 'precision': 6.368421052631579, 'precision_IC': 1.7253189939781524}",1.9326308846708584,3.7107781344177417,2.8847041730493133,0.06946049,5.333333333333333,0.534506076635933,2.189762492455399,4.4621075834365485,3.31912379325779,0.11666634,6.368421052631579,1.7253189939781524
95,windows,"But Aulnay , just over 10 miles north-east of St Jean , is probably the best , its unassuming architecture a perfect frame for the sheer artistry of the carvings round its doors and windows .",a framework of wood or metal that contains a glass windowpane and is built into a wall or roof to admit light or air,0.0,a transparent panel,0.0,"{'physicality': 2.060216985526269, 'imageability': 4.398732228712859, 'concreteness': 3.4679726133871056, 'nb17': 0.14146303, 'precision': 5.666666666666667, 'precision_IC': 1.5538039232025658}","{'physicality': 2.189762492455399, 'imageability': 4.4621075834365485, 'concreteness': 3.31912379325779, 'nb17': 0.11666634, 'precision': 6.368421052631579, 'precision_IC': 1.7253189939781524}",2.060216985526269,4.398732228712859,3.4679726133871056,0.14146303,5.666666666666667,1.5538039232025658,2.189762492455399,4.4621075834365485,3.31912379325779,0.11666634,6.368421052631579,1.7253189939781524
96,windows,"But Aulnay , just over 10 miles north-east of St Jean , is probably the best , its unassuming architecture a perfect frame for the sheer artistry of the carvings round its doors and windows .",a framework of wood or metal that contains a glass windowpane and is built into a wall or roof to admit light or air,0.0,an opening that resembles a window in appearance or function,0.0,"{'physicality': 2.0729621894651373, 'imageability': 3.9745030788302658, 'concreteness': 2.97009066558885, 'nb17': 0.10977892, 'precision': 6.555555555555555, 'precision_IC': 2.283024519383554}","{'physicality': 2.189762492455399, 'imageability': 4.4621075834365485, 'concreteness': 3.31912379325779, 'nb17': 0.11666634, 'precision': 6.368421052631579, 'precision_IC': 1.7253189939781524}",2.0729621894651373,3.9745030788302658,2.97009066558885,0.10977892,6.555555555555555,2.283024519383554,2.189762492455399,4.4621075834365485,3.31912379325779,0.11666634,6.368421052631579,1.7253189939781524
97,windows,"But Aulnay , just over 10 miles north-east of St Jean , is probably the best , its unassuming architecture a perfect frame for the sheer artistry of the carvings round its doors and windows .",a framework of wood or metal that contains a glass windowpane and is built into a wall or roof to admit light or air,0.0,the time period that is considered best for starting or finishin...,0.0,"{'physicality': 1.566804056505045, 'imageability': 3.302425208011171, 'concreteness': 2.4433524967031817, 'nb17': 0.015330613, 'precision': 3.4285714285714284, 'precision_IC': 0.2981146039488863}","{'physicality': 2.189762492455399, 'imageability': 4.4621075834365485, 'concreteness': 3.31912379325779, 'nb17': 0.11666634, 'precision': 6.368421052631579, 'precision_IC': 1.7253189939781524}",1.566804056505045,3.302425208011171,2.4433524967031817,0.015330613,3.4285714285714284,0.2981146039488863,2.189762492455399,4.4621075834365485,3.31912379325779,0.11666634,6.368421052631579,1.7253189939781524
98,windows,"But Aulnay , just over 10 miles north-east of St Jean , is probably the best , its unassuming architecture a perfect frame for the sheer artistry of the carvings round its doors and windows .",a framework of wood or metal that contains a glass windowpane and is built into a wall or roof to admit light or air,0.0,a pane of glass in a window,1.0,"{'physicality': 1.8436458229379256, 'imageability': 4.45744436163313, 'concreteness': 3.542463218668595, 'nb17': 0.25122637, 'precision': 7.833333333333333, 'precision_IC': 3.2738907857368926}","{'physicality': 2.189762492455399, 'imageability': 4.4621075834365485, 'concreteness': 3.31912379325779, 'nb17': 0.11666634, 'precision': 6.368421052631579, 'precision_IC': 1.7253189939781524}",1.8436458229379256,4.45744436163313,3.542463218668595,0.25122637,7.833333333333333,3.2738907857368926,2.189762492455399,4.4621075834365485,3.31912379325779,0.11666634,6.368421052631579,1.7253189939781524
99,windows,"But Aulnay , just over 10 miles north-east of St Jean , is probably the best , its unassuming architecture a perfect frame for the sheer artistry of the carvings round its doors and windows .",a framework of wood or metal that contains a glass windowpane and is built into a wall or roof to admit light or air,0.0,an opening in a wall or screen that admits light and air and thr...,1.0,"{'physicality': 2.258640237185164, 'imageability': 4.446272313079733, 'concreteness': 3.2067365293008883, 'nb17': 0.09934223, 'precision': 6.8, 'precision_IC': 0.9113971797803642}","{'physicality': 2.189762492455399, 'imageability': 4.4621075834365485, 'concreteness': 3.31912379325779, 'nb17': 0.11666634, 'precision': 6.368421052631579, 'precision_IC': 1.7253189939781524}",2.258640237185164,4.446272313079733,3.2067365293008883,0.09934223,6.8,0.9113971797803642,2.189762492455399,4.4621075834365485,3.31912379325779,0.11666634,6.368421052631579,1.7253189939781524
156,bought,She bought it .,obtain by purchase; acquire by means of a financial transaction,1.0,obtain by purchase; acquire by means of a financial transaction,1.0,"{'physicality': 1.6907087304004782, 'imageability': 3.187087957042561, 'concreteness': 2.504141206675609, 'nb17': 0.17660567, 'precision': 2.111111111111111, 'precision_IC': 1.5861742035793882}","{'physicality': 1.6907087304004782, 'imageability': 3.187087957042561, 'concreteness': 2.504141206675609, 'nb17': 0.17660567, 'precision': 2.111111111111111, 'precision_IC': 1.5861742035793882}",1.6907087304004782,3.187087957042561,2.504141206675609,0.17660567,2.111111111111111,1.5861742035793882,1.6907087304004782,3.187087957042561,2.504141206675609,0.17660567,2.111111111111111,1.5861742035793882
157,bought,She bought it .,obtain by purchase; acquire by means of a financial transaction,1.0,make illegal payments to in exchange for favors or influence,0.0,"{'physicality': 2.051278035911261, 'imageability': 3.636304356895799, 'concreteness': 2.5870710987655743, 'nb17': 0.06881169, 'precision': 4.375, 'precision_IC': 0.0}","{'physicality': 1.6907087304004782, 'imageability': 3.187087957042561, 'concreteness': 2.504141206675609, 'nb17': 0.17660567, 'precision': 2.111111111111111, 'precision_IC': 1.5861742035793882}",2.051278035911261,3.636304356895799,2.5870710987655743,0.06881169,4.375,0.0,1.6907087304004782,3.187087957042561,2.504141206675609,0.17660567,2.111111111111111,1.5861742035793882
158,bought,She bought it .,obtain by purchase; acquire by means of a financial transaction,1.0,be worth or be capable of buying,1.0,"{'physicality': 1.6936627692353208, 'imageability': 3.3221511553410505, 'concreteness': 2.3289752961957864, 'nb17': 0.18999887, 'precision': 2.6666666666666665, 'precision_IC': 3.2052292272451175}","{'physicality': 1.6907087304004782, 'imageability': 3.187087957042561, 'concreteness': 2.504141206675609, 'nb17': 0.17660567, 'precision': 2.111111111111111, 'precision_IC': 1.5861742035793882}",1.6936627692353208,3.3221511553410505,2.3289752961957864,0.18999887,2.6666666666666665,3.205229227245117,1.6907087304004782,3.187087957042561,2.504141206675609,0.17660567,2.111111111111111,1.5861742035793882
159,bought,She bought it .,obtain by purchase; acquire by means of a financial transaction,1.0,acquire by trade or sacrifice or exchange,0.0,"{'physicality': 2.211316039175457, 'imageability': 3.753002716153046, 'concreteness': 2.644860984825531, 'nb17': 0.17243196, 'precision': 4.285714285714286, 'precision_IC': 0.0}","{'physicality': 1.6907087304004782, 'imageability': 3.187087957042561, 'concreteness': 2.504141206675609, 'nb17': 0.17660567, 'precision': 2.111111111111111, 'precision_IC': 1.5861742035793882}",2.211316039175457,3.753002716153046,2.644860984825531,0.17243196,4.285714285714286,0.0,1.6907087304004782,3.187087957042561,2.504141206675609,0.17660567,2.111111111111111,1.5861742035793882
160,bought,She bought it .,obtain by purchase; acquire by means of a financial transaction,1.0,accept as true,0.0,"{'physicality': 1.7828732246535062, 'imageability': 2.6193643067552728, 'concreteness': 1.9747193938505074, 'nb17': 0.09539586, 'precision': 2.3333333333333335, 'precision_IC': 6.054397624433751}","{'physicality': 1.6907087304004782, 'imageability': 3.187087957042561, 'concreteness': 2.504141206675609, 'nb17': 0.17660567, 'precision': 2.111111111111111, 'precision_IC': 1.5861742035793882}",1.7828732246535062,2.6193643067552728,1.9747193938505077,0.09539586,2.333333333333333,6.054397624433751,1.6907087304004782,3.187087957042561,2.504141206675609,0.17660567,2.111111111111111,1.5861742035793882
181,buy,"But if the valuer is negligent and you buy the property relying on his report , you may still be able to sue him for damages .",obtain by purchase; acquire by means of a financial transaction,0.0,an advantageous purchase,1.0,"{'physicality': 2.001772235832819, 'imageability': 3.0589381469705663, 'concreteness': 2.3811117588064135, 'nb17': 0.350206, 'precision': 4.666666666666667, 'precision_IC': 4.713519758895456}","{'physicality': 1.6907087304004782, 'imageability': 3.187087957042561, 'concreteness': 2.504141206675609, 'nb17': 0.18475792, 'precision': 2.111111111111111, 'precision_IC': 1.5861742035793882}",2.001772235832819,3.0589381469705663,2.381111758806413,0.350206,4.666666666666667,4.713519758895456,1.6907087304004782,3.187087957042561,2.504141206675609,0.18475792,2.111111111111111,1.5861742035793882
187,invested,That money was invested as might be expected of the Tysons .,make an investment,0.0,make an investment,1.0,"{'physicality': 2.0574919450618094, 'imageability': 3.8325405764493516, 'concreteness': 3.0019312270019056, 'nb17': 0.23741849, 'precision': 6.0, 'precision_IC': 0.0}","{'physicality': 2.0574919450618094, 'imageability': 3.8325405764493516, 'concreteness': 3.0019312270019056, 'nb17': 0.23741849, 'precision': 6.0, 'precision_IC': 0.0}",2.057491945061809,3.832540576449352,3.0019312270019056,0.23741849,6.0,0.0,2.057491945061809,3.832540576449352,3.0019312270019056,0.23741849,6.0,0.0
188,invested,That money was invested as might be expected of the Tysons .,make an investment,0.0,give qualities or abilities to,1.0,"{'physicality': 2.0264241872673514, 'imageability': 3.124609345581038, 'concreteness': 2.2276470829695, 'nb17': 0.053051136, 'precision': 4.75, 'precision_IC': 0.0}","{'physicality': 2.0574919450618094, 'imageability': 3.8325405764493516, 'concreteness': 3.0019312270019056, 'nb17': 0.23741849, 'precision': 6.0, 'precision_IC': 0.0}",2.0264241872673514,3.124609345581038,2.2276470829695,0.053051136,4.75,0.0,2.057491945061809,3.832540576449352,3.0019312270019056,0.23741849,6.0,0.0
189,invested,That money was invested as might be expected of the Tysons .,make an investment,0.0,furnish with power or authority; of kings or emperors,1.0,"{'physicality': 2.0602441807861496, 'imageability': 4.1530725937003385, 'concreteness': 2.867224438884938, 'nb17': 0.030478757, 'precision': 7.428571428571429, 'precision_IC': 4.597805961309378}","{'physicality': 2.0574919450618094, 'imageability': 3.8325405764493516, 'concreteness': 3.0019312270019056, 'nb17': 0.23741849, 'precision': 6.0, 'precision_IC': 0.0}",2.0602441807861496,4.1530725937003385,2.867224438884938,0.030478757,7.428571428571429,4.597805961309378,2.057491945061809,3.832540576449352,3.0019312270019056,0.23741849,6.0,0.0
190,invested,That money was invested as might be expected of the Tysons .,make an investment,0.0,provide with power and authority,1.0,"{'physicality': 2.0382221162962413, 'imageability': 3.596568749709334, 'concreteness': 2.4979584650954934, 'nb17': 0.04251154, 'precision': 4.333333333333333, 'precision_IC': 0.0}","{'physicality': 2.0574919450618094, 'imageability': 3.8325405764493516, 'concreteness': 3.0019312270019056, 'nb17': 0.23741849, 'precision': 6.0, 'precision_IC': 0.0}",2.0382221162962413,3.596568749709334,2.4979584650954934,0.04251154,4.333333333333333,0.0,2.057491945061809,3.832540576449352,3.0019312270019056,0.23741849,6.0,0.0
191,invested,That money was invested as might be expected of the Tysons .,make an investment,0.0,place ceremoniously or formally in an office or position,1.0,"{'physicality': 2.0211593142497453, 'imageability': 4.268732912301421, 'concreteness': 2.9618098848330567, 'nb17': 0.05221469, 'precision': 5.0, 'precision_IC': 0.0}","{'physicality': 2.0574919450618094, 'imageability': 3.8325405764493516, 'concreteness': 3.0019312270019056, 'nb17': 0.23741849, 'precision': 6.0, 'precision_IC': 0.0}",2.0211593142497453,4.268732912301421,2.9618098848330567,0.05221469,5.0,0.0,2.057491945061809,3.832540576449352,3.0019312270019056,0.23741849,6.0,0.0
197,cost,Pursuing legal action would have cost them money they did n't have ( unless it meant selling their house which was not an option ) but doing nothing left them with the feeling that justice was n't being done .,the total spent for goods or services including money and time and labor,0.0,the total spent for goods or services including money and time a...,1.0,"{'physicality': 1.8883431018188177, 'imageability': 3.7767386968432635, 'concreteness': 2.7197504119798914, 'nb17': 0.17748861, 'precision': 5.555555555555555, 'precision_IC': 0.39748613859851506}","{'physicality': 1.9456599378572292, 'imageability': 3.8796000204800474, 'concreteness': 2.752242695126436, 'nb17': 0.16460241, 'precision': 4.444444444444445, 'precision_IC': 0.476983366318218}",1.8883431018188177,3.776738696843264,2.7197504119798914,0.17748861,5.555555555555555,0.397486138598515,1.9456599378572288,3.879600020480048,2.752242695126436,0.16460241,4.444444444444445,0.476983366318218
198,cost,Pursuing legal action would have cost them money they did n't have ( unless it meant selling their house which was not an option ) but doing nothing left them with the feeling that justice was n't being done .,the total spent for goods or services including money and time and labor,0.0,the property of having material worth,1.0,"{'physicality': 1.7183614207102895, 'imageability': 3.5327803652215173, 'concreteness': 2.7977379209911213, 'nb17': 0.13849302, 'precision': 3.0, 'precision_IC': 0.0}","{'physicality': 1.9456599378572292, 'imageability': 3.8796000204800474, 'concreteness': 2.752242695126436, 'nb17': 0.16460241, 'precision': 4.444444444444445, 'precision_IC': 0.476983366318218}",1.7183614207102895,3.5327803652215173,2.7977379209911213,0.13849302,3.0,0.0,1.9456599378572288,3.879600020480048,2.752242695126436,0.16460241,4.444444444444445,0.476983366318218
199,cost,Pursuing legal action would have cost them money they did n't have ( unless it meant selling their house which was not an option ) but doing nothing left them with the feeling that justice was n't being done .,the total spent for goods or services including money and time and labor,0.0,value measured by what must be given or done or undergone to obt...,0.0,"{'physicality': 1.6083168457076098, 'imageability': 3.1835990971638624, 'concreteness': 2.298626777079753, 'nb17': 0.13389383, 'precision': 3.6, 'precision_IC': 0.7661621382989364}","{'physicality': 1.9456599378572292, 'imageability': 3.8796000204800474, 'concreteness': 2.752242695126436, 'nb17': 0.16460241, 'precision': 4.444444444444445, 'precision_IC': 0.476983366318218}",1.6083168457076098,3.1835990971638624,2.298626777079753,0.13389383,3.6,0.7661621382989364,1.9456599378572288,3.879600020480048,2.752242695126436,0.16460241,4.444444444444445,0.476983366318218
200,cost,Pursuing legal action would have cost them money they did n't have ( unless it meant selling their house which was not an option ) but doing nothing left them with the feeling that justice was n't being done .,the total spent for goods or services including money and time and labor,0.0,be priced at,1.0,"{'physicality': 1.7478454127954912, 'imageability': 3.6625653486543492, 'concreteness': 2.5455436682683144, 'nb17': 0.30160287, 'precision': 3.3333333333333335, 'precision_IC': 2.086170431081118}","{'physicality': 1.9456599378572292, 'imageability': 3.8796000204800474, 'concreteness': 2.752242695126436, 'nb17': 0.16460241, 'precision': 4.444444444444445, 'precision_IC': 0.476983366318218}",1.7478454127954912,3.662565348654349,2.5455436682683144,0.30160287,3.333333333333333,2.086170431081118,1.9456599378572288,3.879600020480048,2.752242695126436,0.16460241,4.444444444444445,0.476983366318218
201,cost,Pursuing legal action would have cost them money they did n't have ( unless it meant selling their house which was not an option ) but doing nothing left them with the feeling that justice was n't being done .,the total spent for goods or services including money and time and labor,0.0,"require to lose, suffer, or sacrifice",0.0,"{'physicality': 1.938250586768829, 'imageability': 3.374752880744019, 'concreteness': 2.317030975000789, 'nb17': 0.15548015, 'precision': 4.4, 'precision_IC': 2.008514838411626}","{'physicality': 1.9456599378572292, 'imageability': 3.8796000204800474, 'concreteness': 2.752242695126436, 'nb17': 0.16460241, 'precision': 4.444444444444445, 'precision_IC': 0.476983366318218}",1.938250586768829,3.374752880744019,2.317030975000789,0.15548015,4.4,2.008514838411626,1.9456599378572288,3.879600020480048,2.752242695126436,0.16460241,4.444444444444445,0.476983366318218
222,flower,"Keep away from jasmine , already thick in flower bud , and clematis , however untidy .",a plant cultivated for its blooms or blossoms,0.0,a plant cultivated for its blooms or blossoms,1.0,"{'physicality': 2.1245297989207295, 'imageability': 4.301844724497602, 'concreteness': 3.128418048968472, 'nb17': 0.27114668, 'precision': 5.571428571428571, 'precision_IC': 0.5833982145433962}","{'physicality': 2.1245297989207295, 'imageability': 4.301844724497602, 'concreteness': 3.128418048968472, 'nb17': 0.27114668, 'precision': 5.571428571428571, 'precision_IC': 0.5833982145433962}",2.124529798920729,4.301844724497602,3.128418048968472,0.27114668,5.571428571428571,0.5833982145433962,2.124529798920729,4.301844724497602,3.128418048968472,0.27114668,5.571428571428571,0.5833982145433962
223,flower,"Keep away from jasmine , already thick in flower bud , and clematis , however untidy .",a plant cultivated for its blooms or blossoms,0.0,reproductive organ of angiosperm plants especially one having sh...,1.0,"{'physicality': 2.3274271816592655, 'imageability': 4.19412281043814, 'concreteness': 3.1589488509261567, 'nb17': 0.18455935, 'precision': 3.857142857142857, 'precision_IC': 1.5318337432196856}","{'physicality': 2.1245297989207295, 'imageability': 4.301844724497602, 'concreteness': 3.128418048968472, 'nb17': 0.27114668, 'precision': 5.571428571428571, 'precision_IC': 0.5833982145433962}",2.327427181659265,4.19412281043814,3.1589488509261567,0.18455935,3.857142857142857,1.5318337432196856,2.124529798920729,4.301844724497602,3.128418048968472,0.27114668,5.571428571428571,0.5833982145433962
224,flower,"Keep away from jasmine , already thick in flower bud , and clematis , however untidy .",a plant cultivated for its blooms or blossoms,0.0,the period of greatest prosperity or productivity,0.0,"{'physicality': 1.9862024545100778, 'imageability': 3.460350061919184, 'concreteness': 2.4656159981923453, 'nb17': 0.044668857, 'precision': 5.8, 'precision_IC': 0.44717190592332945}","{'physicality': 2.1245297989207295, 'imageability': 4.301844724497602, 'concreteness': 3.128418048968472, 'nb17': 0.27114668, 'precision': 5.571428571428571, 'precision_IC': 0.5833982145433962}",1.9862024545100776,3.460350061919184,2.4656159981923453,0.044668857,5.8,0.4471719059233294,2.124529798920729,4.301844724497602,3.128418048968472,0.27114668,5.571428571428571,0.5833982145433962
225,flower,"Keep away from jasmine , already thick in flower bud , and clematis , however untidy .",a plant cultivated for its blooms or blossoms,0.0,produce or yield flowers,1.0,"{'physicality': 2.6320838864920777, 'imageability': 4.464698433950385, 'concreteness': 3.2848796773901854, 'nb17': 0.26046062, 'precision': 3.75, 'precision_IC': 3.2655943322686873}","{'physicality': 2.1245297989207295, 'imageability': 4.301844724497602, 'concreteness': 3.128418048968472, 'nb17': 0.27114668, 'precision': 5.571428571428571, 'precision_IC': 0.5833982145433962}",2.6320838864920777,4.464698433950385,3.2848796773901854,0.26046062,3.75,3.265594332268688,2.124529798920729,4.301844724497602,3.128418048968472,0.27114668,5.571428571428571,0.5833982145433962
238,sold,"Not all problems have gone away of course : yesterday 's £6.4 billion public sector borrowing requirement is not much higher than expectations , but it is almost as large as the deficit for the previous 11 months and — with this year 's deficit forecast to be double last year 's — shows why the Bank of England so eagerly sold £2 billion or more of gilts on election night and why it needs a regular stream of massive sales .",exchange or deliver for money or its equivalent,1.0,exchange or deliver for money or its equivalent,1.0,"{'physicality': 1.8540959046670658, 'imageability': 3.8240247123445545, 'concreteness': 2.7063121008509, 'nb17': 0.11897074, 'precision': 7.571428571428571, 'precision_IC': 0.0}","{'physicality': 1.8540959046670658, 'imageability': 3.8240247123445545, 'concreteness': 2.7063121008509, 'nb17': 0.11897074, 'precision': 7.571428571428571, 'precision_IC': 0.0}",1.8540959046670655,3.8240247123445545,2.7063121008509,0.11897074,7.571428571428571,0.0,1.8540959046670655,3.8240247123445545,2.7063121008509,0.11897074,7.571428571428571,0.0
239,sold,"Not all problems have gone away of course : yesterday 's £6.4 billion public sector borrowing requirement is not much higher than expectations , but it is almost as large as the deficit for the previous 11 months and — with this year 's deficit forecast to be double last year 's — shows why the Bank of England so eagerly sold £2 billion or more of gilts on election night and why it needs a regular stream of massive sales .",exchange or deliver for money or its equivalent,1.0,be sold at a certain price or in a certain way,1.0,"{'physicality': 1.6916078465775433, 'imageability': 3.4774921663172544, 'concreteness': 2.518433540439097, 'nb17': 0.17606473, 'precision': 4.4, 'precision_IC': 0.0}","{'physicality': 1.8540959046670658, 'imageability': 3.8240247123445545, 'concreteness': 2.7063121008509, 'nb17': 0.11897074, 'precision': 7.571428571428571, 'precision_IC': 0.0}",1.6916078465775433,3.4774921663172544,2.518433540439097,0.17606473,4.4,0.0,1.8540959046670655,3.8240247123445545,2.7063121008509,0.11897074,7.571428571428571,0.0
240,sold,"Not all problems have gone away of course : yesterday 's £6.4 billion public sector borrowing requirement is not much higher than expectations , but it is almost as large as the deficit for the previous 11 months and — with this year 's deficit forecast to be double last year 's — shows why the Bank of England so eagerly sold £2 billion or more of gilts on election night and why it needs a regular stream of massive sales .",exchange or deliver for money or its equivalent,1.0,persuade somebody to accept something,0.0,"{'physicality': 2.056314445871796, 'imageability': 3.4978074441153355, 'concreteness': 2.4953333667190436, 'nb17': 0.020558482, 'precision': 1.3333333333333333, 'precision_IC': 3.3367557563251613}","{'physicality': 1.8540959046670658, 'imageability': 3.8240247123445545, 'concreteness': 2.7063121008509, 'nb17': 0.11897074, 'precision': 7.571428571428571, 'precision_IC': 0.0}",2.056314445871796,3.4978074441153355,2.495333366719044,0.020558482,1.3333333333333333,3.3367557563251613,1.8540959046670655,3.8240247123445545,2.7063121008509,0.11897074,7.571428571428571,0.0
241,sold,"Not all problems have gone away of course : yesterday 's £6.4 billion public sector borrowing requirement is not much higher than expectations , but it is almost as large as the deficit for the previous 11 months and — with this year 's deficit forecast to be double last year 's — shows why the Bank of England so eagerly sold £2 billion or more of gilts on election night and why it needs a regular stream of massive sales .",exchange or deliver for money or its equivalent,1.0,do business; offer for sale as for one's livelihood,1.0,"{'physicality': 1.681288017413065, 'imageability': 3.5086988936832277, 'concreteness': 2.5272575451398915, 'nb17': 0.1794119, 'precision': 4.0, 'precision_IC': 0.0}","{'physicality': 1.8540959046670658, 'imageability': 3.8240247123445545, 'concreteness': 2.7063121008509, 'nb17': 0.11897074, 'precision': 7.571428571428571, 'precision_IC': 0.0}",1.681288017413065,3.508698893683228,2.5272575451398915,0.1794119,4.0,0.0,1.8540959046670655,3.8240247123445545,2.7063121008509,0.11897074,7.571428571428571,0.0
242,sold,"Not all problems have gone away of course : yesterday 's £6.4 billion public sector borrowing requirement is not much higher than expectations , but it is almost as large as the deficit for the previous 11 months and — with this year 's deficit forecast to be double last year 's — shows why the Bank of England so eagerly sold £2 billion or more of gilts on election night and why it needs a regular stream of massive sales .",exchange or deliver for money or its equivalent,1.0,give up for a price or reward,0.0,"{'physicality': 1.6699948685487431, 'imageability': 3.5755664058795356, 'concreteness': 2.6806849518147624, 'nb17': 0.13475518, 'precision': 5.333333333333333, 'precision_IC': 0.0}","{'physicality': 1.8540959046670658, 'imageability': 3.8240247123445545, 'concreteness': 2.7063121008509, 'nb17': 0.11897074, 'precision': 7.571428571428571, 'precision_IC': 0.0}",1.6699948685487431,3.575566405879536,2.6806849518147624,0.13475518,5.333333333333333,0.0,1.8540959046670655,3.8240247123445545,2.7063121008509,0.11897074,7.571428571428571,0.0
243,sold,"Not all problems have gone away of course : yesterday 's £6.4 billion public sector borrowing requirement is not much higher than expectations , but it is almost as large as the deficit for the previous 11 months and — with this year 's deficit forecast to be double last year 's — shows why the Bank of England so eagerly sold £2 billion or more of gilts on election night and why it needs a regular stream of massive sales .",exchange or deliver for money or its equivalent,1.0,be approved of or gain acceptance,0.0,"{'physicality': 1.8145097463233615, 'imageability': 3.3377493881188585, 'concreteness': 2.3462033704104885, 'nb17': 0.118843764, 'precision': 5.0, 'precision_IC': 0.0}","{'physicality': 1.8540959046670658, 'imageability': 3.8240247123445545, 'concreteness': 2.7063121008509, 'nb17': 0.11897074, 'precision': 7.571428571428571, 'precision_IC': 0.0}",1.8145097463233613,3.3377493881188585,2.3462033704104885,0.118843764,5.0,0.0,1.8540959046670655,3.8240247123445545,2.7063121008509,0.11897074,7.571428571428571,0.0
244,sold,"Not all problems have gone away of course : yesterday 's £6.4 billion public sector borrowing requirement is not much higher than expectations , but it is almost as large as the deficit for the previous 11 months and — with this year 's deficit forecast to be double last year 's — shows why the Bank of England so eagerly sold £2 billion or more of gilts on election night and why it needs a regular stream of massive sales .",exchange or deliver for money or its equivalent,1.0,be responsible for the sale of,1.0,"{'physicality': 1.5171455629074841, 'imageability': 3.4635924495952586, 'concreteness': 2.5318349671525584, 'nb17': 0.19684942, 'precision': 2.0, 'precision_IC': 2.554116573022308}","{'physicality': 1.8540959046670658, 'imageability': 3.8240247123445545, 'concreteness': 2.7063121008509, 'nb17': 0.11897074, 'precision': 7.571428571428571, 'precision_IC': 0.0}",1.517145562907484,3.4635924495952586,2.5318349671525584,0.19684942,2.0,2.554116573022308,1.8540959046670655,3.8240247123445545,2.7063121008509,0.11897074,7.571428571428571,0.0
245,sold,"Not all problems have gone away of course : yesterday 's £6.4 billion public sector borrowing requirement is not much higher than expectations , but it is almost as large as the deficit for the previous 11 months and — with this year 's deficit forecast to be double last year 's — shows why the Bank of England so eagerly sold £2 billion or more of gilts on election night and why it needs a regular stream of massive sales .",exchange or deliver for money or its equivalent,1.0,deliver to an enemy by treachery,0.0,"{'physicality': 2.107920945690582, 'imageability': 3.758267460311553, 'concreteness': 2.673500494579558, 'nb17': 0.0648495, 'precision': 4.8, 'precision_IC': 0.0}","{'physicality': 1.8540959046670658, 'imageability': 3.8240247123445545, 'concreteness': 2.7063121008509, 'nb17': 0.11897074, 'precision': 7.571428571428571, 'precision_IC': 0.0}",2.107920945690582,3.758267460311553,2.673500494579558,0.0648495,4.8,0.0,1.8540959046670655,3.8240247123445545,2.7063121008509,0.11897074,7.571428571428571,0.0
246,sold,"Not all problems have gone away of course : yesterday 's £6.4 billion public sector borrowing requirement is not much higher than expectations , but it is almost as large as the deficit for the previous 11 months and — with this year 's deficit forecast to be double last year 's — shows why the Bank of England so eagerly sold £2 billion or more of gilts on election night and why it needs a regular stream of massive sales .",exchange or deliver for money or its equivalent,1.0,disposed of to a purchaser,1.0,"{'physicality': 1.4536783823936292, 'imageability': 3.2207321638253914, 'concreteness': 2.5646277416869823, 'nb17': 0.18974571, 'precision': 5.333333333333333}","{'physicality': 1.8540959046670658, 'imageability': 3.8240247123445545, 'concreteness': 2.7063121008509, 'nb17': 0.11897074, 'precision': 7.571428571428571, 'precision_IC': 0.0}",1.4536783823936292,3.2207321638253914,2.5646277416869823,0.18974571,5.333333333333333,,1.8540959046670655,3.8240247123445545,2.7063121008509,0.11897074,7.571428571428571,0.0
247,foundation,"He needs to be for the next four days in Hong Kong , because he will be hard at work cutting ribbons and laying foundation stones .",lowest support of a structure,0.0,the basis on which something is grounded,0.0,"{'physicality': 1.566523612651021, 'imageability': 3.354340909916534, 'concreteness': 2.499973787427291, 'nb17': 0.1785014, 'precision': 5.0, 'precision_IC': 0.5962292078977726}","{'physicality': 1.7099908600038947, 'imageability': 3.478369529619587, 'concreteness': 2.88858683269585, 'nb17': 0.1504491, 'precision': 5.25, 'precision_IC': 4.216087220934493}",1.566523612651021,3.354340909916534,2.499973787427291,0.1785014,5.0,0.5962292078977726,1.7099908600038949,3.478369529619587,2.88858683269585,0.1504491,5.25,4.216087220934493
248,foundation,"He needs to be for the next four days in Hong Kong , because he will be hard at work cutting ribbons and laying foundation stones .",lowest support of a structure,0.0,an institution supported by an endowment,0.0,"{'physicality': 1.913576820516927, 'imageability': 3.7056258348602733, 'concreteness': 2.7026303042836077, 'nb17': 0.22749539, 'precision': 4.666666666666667, 'precision_IC': 0.5962292078977726}","{'physicality': 1.7099908600038947, 'imageability': 3.478369529619587, 'concreteness': 2.88858683269585, 'nb17': 0.1504491, 'precision': 5.25, 'precision_IC': 4.216087220934493}",1.913576820516927,3.705625834860273,2.702630304283608,0.22749539,4.666666666666667,0.5962292078977726,1.7099908600038949,3.478369529619587,2.88858683269585,0.1504491,5.25,4.216087220934493
249,foundation,"He needs to be for the next four days in Hong Kong , because he will be hard at work cutting ribbons and laying foundation stones .",lowest support of a structure,0.0,lowest support of a structure,1.0,"{'physicality': 1.7099908600038947, 'imageability': 3.478369529619587, 'concreteness': 2.88858683269585, 'nb17': 0.1504491, 'precision': 5.25, 'precision_IC': 4.216087220934493}","{'physicality': 1.7099908600038947, 'imageability': 3.478369529619587, 'concreteness': 2.88858683269585, 'nb17': 0.1504491, 'precision': 5.25, 'precision_IC': 4.216087220934493}",1.7099908600038949,3.478369529619587,2.88858683269585,0.1504491,5.25,4.216087220934493,1.7099908600038949,3.478369529619587,2.88858683269585,0.1504491,5.25,4.216087220934493
250,foundation,"He needs to be for the next four days in Hong Kong , because he will be hard at work cutting ribbons and laying foundation stones .",lowest support of a structure,0.0,education or instruction in the fundamentals of a field of knowl...,0.0,"{'physicality': 1.825597598720097, 'imageability': 3.755395016182656, 'concreteness': 2.782610949253848, 'nb17': 0.11474292, 'precision': 7.428571428571429, 'precision_IC': 1.1704148329112087}","{'physicality': 1.7099908600038947, 'imageability': 3.478369529619587, 'concreteness': 2.88858683269585, 'nb17': 0.1504491, 'precision': 5.25, 'precision_IC': 4.216087220934493}",1.825597598720097,3.755395016182656,2.782610949253848,0.11474292,7.428571428571429,1.1704148329112087,1.7099908600038949,3.478369529619587,2.88858683269585,0.1504491,5.25,4.216087220934493
251,foundation,"He needs to be for the next four days in Hong Kong , because he will be hard at work cutting ribbons and laying foundation stones .",lowest support of a structure,0.0,the fundamental assumptions from which something is begun or dev...,0.0,"{'physicality': 1.6972994968102142, 'imageability': 3.137025973500957, 'concreteness': 2.330222559774649, 'nb17': 0.12895133, 'precision': 3.4, 'precision_IC': 0.2981146039488863}","{'physicality': 1.7099908600038947, 'imageability': 3.478369529619587, 'concreteness': 2.88858683269585, 'nb17': 0.1504491, 'precision': 5.25, 'precision_IC': 4.216087220934493}",1.6972994968102142,3.137025973500957,2.330222559774649,0.12895133,3.4,0.2981146039488863,1.7099908600038949,3.478369529619587,2.88858683269585,0.1504491,5.25,4.216087220934493
252,foundation,"He needs to be for the next four days in Hong Kong , because he will be hard at work cutting ribbons and laying foundation stones .",lowest support of a structure,0.0,a woman's undergarment worn to give shape to the contours of the...,0.0,"{'physicality': 1.8183366879283838, 'imageability': 3.857263723943518, 'concreteness': 3.018869969574695, 'nb17': 0.047812656, 'precision': 4.285714285714286, 'precision_IC': 3.767341515314257}","{'physicality': 1.7099908600038947, 'imageability': 3.478369529619587, 'concreteness': 2.88858683269585, 'nb17': 0.1504491, 'precision': 5.25, 'precision_IC': 4.216087220934493}",1.818336687928384,3.857263723943518,3.018869969574695,0.047812656,4.285714285714286,3.767341515314257,1.7099908600038949,3.478369529619587,2.88858683269585,0.1504491,5.25,4.216087220934493
253,foundation,"He needs to be for the next four days in Hong Kong , because he will be hard at work cutting ribbons and laying foundation stones .",lowest support of a structure,0.0,the act of starting something for the first time; introducing so...,0.0,"{'physicality': 1.6797759659430198, 'imageability': 3.258436472822039, 'concreteness': 2.5762883126766427, 'nb17': 0.09733566, 'precision': 3.6666666666666665, 'precision_IC': 1.4642334814909423}","{'physicality': 1.7099908600038947, 'imageability': 3.478369529619587, 'concreteness': 2.88858683269585, 'nb17': 0.1504491, 'precision': 5.25, 'precision_IC': 4.216087220934493}",1.6797759659430198,3.258436472822039,2.5762883126766427,0.09733566,3.6666666666666665,1.4642334814909423,1.7099908600038949,3.478369529619587,2.88858683269585,0.1504491,5.25,4.216087220934493
289,agree,"This leaves the Energy Secretary , Mr John Wakeham , with two options : he can either agree to underwrite any cost escalations in nuclear handling costs after privatisation , or he can swallow his pride , and pull all nuclear plant out of the impending sale .","consent or assent to a condition, or agree to do something",0.0,be in accord; be in agreement,1.0,"{'physicality': 1.6577879986024062, 'imageability': 3.4817372840344207, 'concreteness': 2.4415165477299494, 'nb17': 0.15401351, 'precision': 4.166666666666667, 'precision_IC': 0.0}","{'physicality': 1.7650567850255374, 'imageability': 3.4381817737229965, 'concreteness': 2.4701053674543236, 'nb17': 0.2712027, 'precision': 6.285714285714286, 'precision_IC': 0.0}",1.6577879986024062,3.4817372840344207,2.4415165477299494,0.15401351,4.166666666666667,0.0,1.7650567850255374,3.4381817737229965,2.470105367454324,0.2712027,6.285714285714286,0.0
290,agree,"This leaves the Energy Secretary , Mr John Wakeham , with two options : he can either agree to underwrite any cost escalations in nuclear handling costs after privatisation , or he can swallow his pride , and pull all nuclear plant out of the impending sale .","consent or assent to a condition, or agree to do something",0.0,"consent or assent to a condition, or agree to do something",1.0,"{'physicality': 1.7650567850255374, 'imageability': 3.4381817737229965, 'concreteness': 2.4701053674543236, 'nb17': 0.2712027, 'precision': 6.285714285714286, 'precision_IC': 0.0}","{'physicality': 1.7650567850255374, 'imageability': 3.4381817737229965, 'concreteness': 2.4701053674543236, 'nb17': 0.2712027, 'precision': 6.285714285714286, 'precision_IC': 0.0}",1.7650567850255374,3.4381817737229965,2.470105367454324,0.2712027,6.285714285714286,0.0,1.7650567850255374,3.4381817737229965,2.470105367454324,0.2712027,6.285714285714286,0.0
291,agree,"This leaves the Energy Secretary , Mr John Wakeham , with two options : he can either agree to underwrite any cost escalations in nuclear handling costs after privatisation , or he can swallow his pride , and pull all nuclear plant out of the impending sale .","consent or assent to a condition, or agree to do something",0.0,"be compatible, similar or consistent; coincide in their characte...",0.0,"{'physicality': 1.7951589317756973, 'imageability': 3.4870635646603083, 'concreteness': 2.4320813601607854, 'nb17': 0.114833094, 'precision': 2.4285714285714284, 'precision_IC': 4.695034346223904}","{'physicality': 1.7650567850255374, 'imageability': 3.4381817737229965, 'concreteness': 2.4701053674543236, 'nb17': 0.2712027, 'precision': 6.285714285714286, 'precision_IC': 0.0}",1.7951589317756973,3.4870635646603083,2.4320813601607854,0.114833094,2.4285714285714284,4.695034346223904,1.7650567850255374,3.4381817737229965,2.470105367454324,0.2712027,6.285714285714286,0.0
292,agree,"This leaves the Energy Secretary , Mr John Wakeham , with two options : he can either agree to underwrite any cost escalations in nuclear handling costs after privatisation , or he can swallow his pride , and pull all nuclear plant out of the impending sale .","consent or assent to a condition, or agree to do something",0.0,go together,0.0,"{'physicality': 2.260523236753068, 'imageability': 4.2609003370696, 'concreteness': 2.8759732167352525, 'nb17': 0.17265368, 'precision': 1.0, 'precision_IC': 0.0}","{'physicality': 1.7650567850255374, 'imageability': 3.4381817737229965, 'concreteness': 2.4701053674543236, 'nb17': 0.2712027, 'precision': 6.285714285714286, 'precision_IC': 0.0}",2.260523236753068,4.2609003370696,2.8759732167352525,0.17265368,1.0,0.0,1.7650567850255374,3.4381817737229965,2.470105367454324,0.2712027,6.285714285714286,0.0
293,agree,"This leaves the Energy Secretary , Mr John Wakeham , with two options : he can either agree to underwrite any cost escalations in nuclear handling costs after privatisation , or he can swallow his pride , and pull all nuclear plant out of the impending sale .","consent or assent to a condition, or agree to do something",0.0,show grammatical agreement,0.0,"{'physicality': 2.3273632851765758, 'imageability': 3.6420014523536395, 'concreteness': 2.759574674991949, 'nb17': 0.20702583, 'precision': 2.6666666666666665, 'precision_IC': 0.0}","{'physicality': 1.7650567850255374, 'imageability': 3.4381817737229965, 'concreteness': 2.4701053674543236, 'nb17': 0.2712027, 'precision': 6.285714285714286, 'precision_IC': 0.0}",2.327363285176576,3.64200145235364,2.759574674991949,0.20702583,2.6666666666666665,0.0,1.7650567850255374,3.4381817737229965,2.470105367454324,0.2712027,6.285714285714286,0.0
294,agree,"This leaves the Energy Secretary , Mr John Wakeham , with two options : he can either agree to underwrite any cost escalations in nuclear handling costs after privatisation , or he can swallow his pride , and pull all nuclear plant out of the impending sale .","consent or assent to a condition, or agree to do something",0.0,be agreeable or suitable,0.0,"{'physicality': 1.9614947039392856, 'imageability': 3.3883167117785895, 'concreteness': 2.1839061773020476, 'nb17': 0.1741882, 'precision': 2.25, 'precision_IC': 0.0}","{'physicality': 1.7650567850255374, 'imageability': 3.4381817737229965, 'concreteness': 2.4701053674543236, 'nb17': 0.2712027, 'precision': 6.285714285714286, 'precision_IC': 0.0}",1.9614947039392856,3.388316711778589,2.183906177302048,0.1741882,2.25,0.0,1.7650567850255374,3.4381817737229965,2.470105367454324,0.2712027,6.285714285714286,0.0
295,agree,"This leaves the Energy Secretary , Mr John Wakeham , with two options : he can either agree to underwrite any cost escalations in nuclear handling costs after privatisation , or he can swallow his pride , and pull all nuclear plant out of the impending sale .","consent or assent to a condition, or agree to do something",0.0,"achieve harmony of opinion, feeling, or purpose",1.0,"{'physicality': 2.044458958482834, 'imageability': 3.2055669601119066, 'concreteness': 2.2663274205254114, 'nb17': 0.07535752, 'precision': 5.666666666666667, 'precision_IC': 0.0}","{'physicality': 1.7650567850255374, 'imageability': 3.4381817737229965, 'concreteness': 2.4701053674543236, 'nb17': 0.2712027, 'precision': 6.285714285714286, 'precision_IC': 0.0}",2.044458958482834,3.2055669601119066,2.266327420525412,0.07535752,5.666666666666667,0.0,1.7650567850255374,3.4381817737229965,2.470105367454324,0.2712027,6.285714285714286,0.0
317,fuel,"These pipes stretching thinly in a bridge across the service road injected a mix of chemicals into the walls of the furnace itself ; did I know that fuel was only used in the start-up process , after which the chemicals themselves provided the fire ?",a substance that can be consumed to produce energy,0.0,a substance that can be consumed to produce energy,1.0,"{'physicality': 2.121586374000996, 'imageability': 3.635671886185722, 'concreteness': 2.7206997627118326, 'nb17': 0.105468124, 'precision': 3.2857142857142856, 'precision_IC': 0.2672530383179665}","{'physicality': 2.121586374000996, 'imageability': 3.635671886185722, 'concreteness': 2.7206997627118326, 'nb17': 0.105468124, 'precision': 3.2857142857142856, 'precision_IC': 0.2672530383179665}",2.121586374000996,3.635671886185722,2.720699762711833,0.105468124,3.2857142857142856,0.2672530383179665,2.121586374000996,3.635671886185722,2.720699762711833,0.105468124,3.2857142857142856,0.2672530383179665
318,fuel,"These pipes stretching thinly in a bridge across the service road injected a mix of chemicals into the walls of the furnace itself ; did I know that fuel was only used in the start-up process , after which the chemicals themselves provided the fire ?",a substance that can be consumed to produce energy,0.0,provide with a combustible substance that provides energy,1.0,"{'physicality': 2.150217026758895, 'imageability': 3.6091087297558406, 'concreteness': 2.791770359537703, 'nb17': 0.15923111, 'precision': 5.333333333333333, 'precision_IC': 5.163697276906054}","{'physicality': 2.121586374000996, 'imageability': 3.635671886185722, 'concreteness': 2.7206997627118326, 'nb17': 0.105468124, 'precision': 3.2857142857142856, 'precision_IC': 0.2672530383179665}",2.150217026758895,3.6091087297558406,2.791770359537703,0.15923111,5.333333333333333,5.163697276906054,2.121586374000996,3.635671886185722,2.720699762711833,0.105468124,3.2857142857142856,0.2672530383179665
319,fuel,"These pipes stretching thinly in a bridge across the service road injected a mix of chemicals into the walls of the furnace itself ; did I know that fuel was only used in the start-up process , after which the chemicals themselves provided the fire ?",a substance that can be consumed to produce energy,0.0,provide with fuel,1.0,"{'physicality': 2.1489851717880053, 'imageability': 3.994363154288957, 'concreteness': 2.9477984557174097, 'nb17': 0.34991565, 'precision': 4.0, 'precision_IC': 5.163697276906054}","{'physicality': 2.121586374000996, 'imageability': 3.635671886185722, 'concreteness': 2.7206997627118326, 'nb17': 0.105468124, 'precision': 3.2857142857142856, 'precision_IC': 0.2672530383179665}",2.1489851717880053,3.994363154288957,2.9477984557174097,0.34991565,4.0,5.163697276906054,2.121586374000996,3.635671886185722,2.720699762711833,0.105468124,3.2857142857142856,0.2672530383179665
320,fuel,"These pipes stretching thinly in a bridge across the service road injected a mix of chemicals into the walls of the furnace itself ; did I know that fuel was only used in the start-up process , after which the chemicals themselves provided the fire ?",a substance that can be consumed to produce energy,0.0,"take in fuel, as of a ship",1.0,"{'physicality': 1.418034639187363, 'imageability': 3.5220141581897764, 'concreteness': 2.7978234483709827, 'nb17': 0.011959833, 'precision': 5.8, 'precision_IC': 0.0}","{'physicality': 2.121586374000996, 'imageability': 3.635671886185722, 'concreteness': 2.7206997627118326, 'nb17': 0.105468124, 'precision': 3.2857142857142856, 'precision_IC': 0.2672530383179665}",1.418034639187363,3.5220141581897764,2.7978234483709827,0.011959833,5.8,0.0,2.121586374000996,3.635671886185722,2.720699762711833,0.105468124,3.2857142857142856,0.2672530383179665
321,fuel,"These pipes stretching thinly in a bridge across the service road injected a mix of chemicals into the walls of the furnace itself ; did I know that fuel was only used in the start-up process , after which the chemicals themselves provided the fire ?",a substance that can be consumed to produce energy,0.0,stimulate,0.0,"{'physicality': 3.288971983907759, 'imageability': 3.96430875653067, 'concreteness': 2.838320492425558, 'nb17': 0.09180745, 'precision': 1.0, 'precision_IC': 0.0}","{'physicality': 2.121586374000996, 'imageability': 3.635671886185722, 'concreteness': 2.7206997627118326, 'nb17': 0.105468124, 'precision': 3.2857142857142856, 'precision_IC': 0.2672530383179665}",3.288971983907759,3.96430875653067,2.838320492425558,0.09180745,1.0,0.0,2.121586374000996,3.635671886185722,2.720699762711833,0.105468124,3.2857142857142856,0.2672530383179665
337,pig,"In fact , with the development of deep-litter hen houses and intensive pig culture , some such controls are necessary .",domestic swine,0.0,domestic swine,1.0,"{'physicality': 2.751523145100636, 'imageability': 5.046328119506079, 'concreteness': 3.641211390445383, 'nb17': 0.51184684, 'precision': 6.5, 'precision_IC': 10.99986401026266}","{'physicality': 2.751523145100636, 'imageability': 5.046328119506079, 'concreteness': 3.641211390445383, 'nb17': 0.51184684, 'precision': 6.5, 'precision_IC': 10.99986401026266}",2.751523145100636,5.046328119506079,3.641211390445383,0.51184684,6.5,10.99986401026266,2.751523145100636,5.046328119506079,3.641211390445383,0.51184684,6.5,10.99986401026266
338,pig,"In fact , with the development of deep-litter hen houses and intensive pig culture , some such controls are necessary .",domestic swine,0.0,a coarse obnoxious person,0.0,"{'physicality': 2.5493720488052976, 'imageability': 3.8961971567010423, 'concreteness': 3.0169407560272377, 'nb17': 0.06989713, 'precision': 4.0, 'precision_IC': 0.4008795574769497}","{'physicality': 2.751523145100636, 'imageability': 5.046328119506079, 'concreteness': 3.641211390445383, 'nb17': 0.51184684, 'precision': 6.5, 'precision_IC': 10.99986401026266}",2.5493720488052976,3.8961971567010414,3.0169407560272377,0.06989713,4.0,0.4008795574769497,2.751523145100636,5.046328119506079,3.641211390445383,0.51184684,6.5,10.99986401026266
339,pig,"In fact , with the development of deep-litter hen houses and intensive pig culture , some such controls are necessary .",domestic swine,0.0,a person regarded as greedy and pig-like,0.0,"{'physicality': 1.8849301458232042, 'imageability': 3.7075443072243863, 'concreteness': 2.560745241678372, 'nb17': 0.03138664, 'precision': 4.4, 'precision_IC': 0.534506076635933}","{'physicality': 2.751523145100636, 'imageability': 5.046328119506079, 'concreteness': 3.641211390445383, 'nb17': 0.51184684, 'precision': 6.5, 'precision_IC': 10.99986401026266}",1.884930145823204,3.7075443072243854,2.560745241678372,0.03138664,4.4,0.534506076635933,2.751523145100636,5.046328119506079,3.641211390445383,0.51184684,6.5,10.99986401026266
340,pig,"In fact , with the development of deep-litter hen houses and intensive pig culture , some such controls are necessary .",domestic swine,0.0,uncomplimentary terms for a policeman,0.0,"{'physicality': 1.822795021045461, 'imageability': 3.543772274659898, 'concreteness': 2.7494329137840707, 'nb17': 0.036092382, 'precision': 5.25, 'precision_IC': 2.965249060261477}","{'physicality': 2.751523145100636, 'imageability': 5.046328119506079, 'concreteness': 3.641211390445383, 'nb17': 0.51184684, 'precision': 6.5, 'precision_IC': 10.99986401026266}",1.822795021045461,3.543772274659898,2.7494329137840707,0.036092382,5.25,2.965249060261477,2.751523145100636,5.046328119506079,3.641211390445383,0.51184684,6.5,10.99986401026266
341,pig,"In fact , with the development of deep-litter hen houses and intensive pig culture , some such controls are necessary .",domestic swine,0.0,mold consisting of a bed of sand in which pig iron is cast,0.0,"{'physicality': 2.0922061783335866, 'imageability': 4.30670198403749, 'concreteness': 3.38077840491661, 'nb17': 0.10003912, 'precision': 6.777777777777778, 'precision_IC': 1.116961988959723}","{'physicality': 2.751523145100636, 'imageability': 5.046328119506079, 'concreteness': 3.641211390445383, 'nb17': 0.51184684, 'precision': 6.5, 'precision_IC': 10.99986401026266}",2.0922061783335866,4.30670198403749,3.38077840491661,0.10003912,6.777777777777778,1.116961988959723,2.751523145100636,5.046328119506079,3.641211390445383,0.51184684,6.5,10.99986401026266
342,pig,"In fact , with the development of deep-litter hen houses and intensive pig culture , some such controls are necessary .",domestic swine,0.0,a crude block of metal,0.0,"{'physicality': 2.1702322873561077, 'imageability': 4.115976269214957, 'concreteness': 3.398009738656279, 'nb17': 0.04586227, 'precision': 6.25, 'precision_IC': 1.3031223204530102}","{'physicality': 2.751523145100636, 'imageability': 5.046328119506079, 'concreteness': 3.641211390445383, 'nb17': 0.51184684, 'precision': 6.5, 'precision_IC': 10.99986401026266}",2.170232287356108,4.115976269214957,3.398009738656279,0.04586227,6.25,1.3031223204530102,2.751523145100636,5.046328119506079,3.641211390445383,0.51184684,6.5,10.99986401026266
343,pig,"In fact , with the development of deep-litter hen houses and intensive pig culture , some such controls are necessary .",domestic swine,0.0,"live like a pig, in squalor",0.0,"{'physicality': 2.1977973086246427, 'imageability': 3.777377617360665, 'concreteness': 2.7111954736857085, 'nb17': 0.045285616, 'precision': 6.4, 'precision_IC': 7.766315459722685}","{'physicality': 2.751523145100636, 'imageability': 5.046328119506079, 'concreteness': 3.641211390445383, 'nb17': 0.51184684, 'precision': 6.5, 'precision_IC': 10.99986401026266}",2.1977973086246427,3.777377617360665,2.7111954736857085,0.045285616,6.4,7.766315459722685,2.751523145100636,5.046328119506079,3.641211390445383,0.51184684,6.5,10.99986401026266
344,pig,"In fact , with the development of deep-litter hen houses and intensive pig culture , some such controls are necessary .",domestic swine,0.0,eat greedily,0.0,"{'physicality': 3.8488006811082034, 'imageability': 5.132592375687857, 'concreteness': 3.4282452160708967, 'nb17': 0.13743387, 'precision': 0.5, 'precision_IC': 7.519515711796306}","{'physicality': 2.751523145100636, 'imageability': 5.046328119506079, 'concreteness': 3.641211390445383, 'nb17': 0.51184684, 'precision': 6.5, 'precision_IC': 10.99986401026266}",3.8488006811082034,5.132592375687857,3.4282452160708967,0.13743387,0.5,7.519515711796306,2.751523145100636,5.046328119506079,3.641211390445383,0.51184684,6.5,10.99986401026266
409,chicken,"The smell released by a pig or chicken farm is indescribable , and can affect 10 square miles of countryside around .",the flesh of a chicken used for food,0.0,the flesh of a chicken used for food,1.0,"{'physicality': 2.396266100281613, 'imageability': 4.353346814105784, 'concreteness': 3.3668598238486265, 'nb17': 0.21897033, 'precision': 5.0, 'precision_IC': 3.415914989663699}","{'physicality': 2.396266100281613, 'imageability': 4.353346814105784, 'concreteness': 3.3668598238486265, 'nb17': 0.21897033, 'precision': 5.0, 'precision_IC': 3.415914989663699}",2.396266100281613,4.353346814105784,3.3668598238486265,0.21897033,5.0,3.415914989663699,2.396266100281613,4.353346814105784,3.3668598238486265,0.21897033,5.0,3.415914989663699
410,chicken,"The smell released by a pig or chicken farm is indescribable , and can affect 10 square miles of countryside around .",the flesh of a chicken used for food,0.0,a domestic fowl bred for flesh or eggs; believed to have been de...,1.0,"{'physicality': 1.941923539356567, 'imageability': 3.9534778128185635, 'concreteness': 2.837248211596547, 'nb17': 0.13417377, 'precision': 4.7272727272727275, 'precision_IC': 1.126495085377677}","{'physicality': 2.396266100281613, 'imageability': 4.353346814105784, 'concreteness': 3.3668598238486265, 'nb17': 0.21897033, 'precision': 5.0, 'precision_IC': 3.415914989663699}",1.941923539356567,3.953477812818564,2.837248211596547,0.13417377,4.727272727272728,1.126495085377677,2.396266100281613,4.353346814105784,3.3668598238486265,0.21897033,5.0,3.415914989663699
411,chicken,"The smell released by a pig or chicken farm is indescribable , and can affect 10 square miles of countryside around .",the flesh of a chicken used for food,0.0,"a person who lacks confidence, is irresolute and wishy-washy",0.0,"{'physicality': 1.7961992842598924, 'imageability': 3.556984283454475, 'concreteness': 2.598107870573861, 'nb17': 0.027648648, 'precision': 5.625, 'precision_IC': 0.16035182299077988}","{'physicality': 2.396266100281613, 'imageability': 4.353346814105784, 'concreteness': 3.3668598238486265, 'nb17': 0.21897033, 'precision': 5.0, 'precision_IC': 3.415914989663699}",1.7961992842598924,3.556984283454475,2.598107870573861,0.027648648,5.625,0.1603518229907798,2.396266100281613,4.353346814105784,3.3668598238486265,0.21897033,5.0,3.415914989663699
412,chicken,"The smell released by a pig or chicken farm is indescribable , and can affect 10 square miles of countryside around .",the flesh of a chicken used for food,0.0,a foolhardy competition; a dangerous activity that is continued ...,0.0,"{'physicality': 1.8620474293367533, 'imageability': 3.2906095193483544, 'concreteness': 2.442406498613496, 'nb17': 0.006933662, 'precision': 4.75, 'precision_IC': 1.9502411159888604}","{'physicality': 2.396266100281613, 'imageability': 4.353346814105784, 'concreteness': 3.3668598238486265, 'nb17': 0.21897033, 'precision': 5.0, 'precision_IC': 3.415914989663699}",1.8620474293367533,3.2906095193483544,2.442406498613496,0.006933662,4.75,1.9502411159888604,2.396266100281613,4.353346814105784,3.3668598238486265,0.21897033,5.0,3.415914989663699
413,chicken,"The smell released by a pig or chicken farm is indescribable , and can affect 10 square miles of countryside around .",the flesh of a chicken used for food,0.0,easily frightened,0.0,"{'physicality': 3.0399592984025094, 'imageability': 3.921029217490876, 'concreteness': 2.3732547915142903, 'nb17': 0.08799835, 'precision': 0.0}","{'physicality': 2.396266100281613, 'imageability': 4.353346814105784, 'concreteness': 3.3668598238486265, 'nb17': 0.21897033, 'precision': 5.0, 'precision_IC': 3.415914989663699}",3.039959298402509,3.921029217490876,2.3732547915142903,0.08799835,0.0,,2.396266100281613,4.353346814105784,3.3668598238486265,0.21897033,5.0,3.415914989663699
434,apart,"So what is so there 's nothing to the other side , just apart from this big room ?",separated or at a distance in place or position or time,0.0,remote and separate physically or socially; ; - W.H.Hudson,1.0,"{'physicality': 2.607208122261365, 'imageability': 4.341170354513747, 'concreteness': 2.7658022841208862, 'nb17': 0.2530064, 'precision': 2.2}","{'physicality': 1.9421446115543028, 'imageability': 3.978592367195476, 'concreteness': 2.8467436548045706, 'nb17': 0.15531527, 'precision': 5.636363636363637}",2.607208122261365,4.341170354513747,2.7658022841208862,0.2530064,2.2,,1.9421446115543028,3.978592367195476,2.8467436548045706,0.15531527,5.636363636363637,
435,apart,"So what is so there 's nothing to the other side , just apart from this big room ?",separated or at a distance in place or position or time,0.0,having characteristics not shared by others; - Vannever Bush,0.0,"{'physicality': 1.9449003761618076, 'imageability': 3.065196932137698, 'concreteness': 2.2314345554084327, 'nb17': 0.1338981, 'precision': 3.5}","{'physicality': 1.9421446115543028, 'imageability': 3.978592367195476, 'concreteness': 2.8467436548045706, 'nb17': 0.15531527, 'precision': 5.636363636363637}",1.944900376161808,3.065196932137698,2.2314345554084327,0.1338981,3.5,,1.9421446115543028,3.978592367195476,2.8467436548045706,0.15531527,5.636363636363637,
436,apart,"So what is so there 's nothing to the other side , just apart from this big room ?",separated or at a distance in place or position or time,0.0,separated or at a distance in place or position or time,1.0,"{'physicality': 1.9421446115543028, 'imageability': 3.978592367195476, 'concreteness': 2.8467436548045706, 'nb17': 0.15531527, 'precision': 5.636363636363637}","{'physicality': 1.9421446115543028, 'imageability': 3.978592367195476, 'concreteness': 2.8467436548045706, 'nb17': 0.15531527, 'precision': 5.636363636363637}",1.9421446115543028,3.978592367195476,2.8467436548045706,0.15531527,5.636363636363637,,1.9421446115543028,3.978592367195476,2.8467436548045706,0.15531527,5.636363636363637,
437,apart,"So what is so there 's nothing to the other side , just apart from this big room ?",separated or at a distance in place or position or time,0.0,not taken into account or excluded from consideration,0.0,"{'physicality': 1.7511538357405314, 'imageability': 3.2424114303671026, 'concreteness': 2.3340675375951947, 'nb17': 0.15581396, 'precision': 4.666666666666667}","{'physicality': 1.9421446115543028, 'imageability': 3.978592367195476, 'concreteness': 2.8467436548045706, 'nb17': 0.15531527, 'precision': 5.636363636363637}",1.7511538357405314,3.2424114303671026,2.3340675375951947,0.15581396,4.666666666666667,,1.9421446115543028,3.978592367195476,2.8467436548045706,0.15531527,5.636363636363637,
438,apart,"So what is so there 's nothing to the other side , just apart from this big room ?",separated or at a distance in place or position or time,0.0,away from another or others,1.0,"{'physicality': 1.8967560976168971, 'imageability': 3.7954878524123585, 'concreteness': 2.659822631095662, 'nb17': 0.26465544, 'precision': 3.0}","{'physicality': 1.9421446115543028, 'imageability': 3.978592367195476, 'concreteness': 2.8467436548045706, 'nb17': 0.15531527, 'precision': 5.636363636363637}",1.896756097616897,3.7954878524123594,2.659822631095662,0.26465544,3.0,,1.9421446115543028,3.978592367195476,2.8467436548045706,0.15531527,5.636363636363637,
439,apart,"So what is so there 's nothing to the other side , just apart from this big room ?",separated or at a distance in place or position or time,0.0,placed or kept separate and distinct as for a purpose,0.0,"{'physicality': 1.6415824573256903, 'imageability': 3.3878971500276025, 'concreteness': 2.4088760904239113, 'nb17': 0.1856182, 'precision': 4.25}","{'physicality': 1.9421446115543028, 'imageability': 3.978592367195476, 'concreteness': 2.8467436548045706, 'nb17': 0.15531527, 'precision': 5.636363636363637}",1.6415824573256903,3.3878971500276025,2.4088760904239117,0.1856182,4.25,,1.9421446115543028,3.978592367195476,2.8467436548045706,0.15531527,5.636363636363637,
440,apart,"So what is so there 's nothing to the other side , just apart from this big room ?",separated or at a distance in place or position or time,0.0,one from the other,1.0,"{'physicality': 1.564130656412308, 'imageability': 3.6886896656544614, 'concreteness': 2.763718550932181, 'nb17': 0.23573187, 'precision': 0.0}","{'physicality': 1.9421446115543028, 'imageability': 3.978592367195476, 'concreteness': 2.8467436548045706, 'nb17': 0.15531527, 'precision': 5.636363636363637}",1.564130656412308,3.688689665654461,2.763718550932181,0.23573187,0.0,,1.9421446115543028,3.978592367195476,2.8467436548045706,0.15531527,5.636363636363637,
441,apart,"So what is so there 's nothing to the other side , just apart from this big room ?",separated or at a distance in place or position or time,0.0,into parts or pieces,1.0,"{'physicality': 2.3323203039850977, 'imageability': 4.66298450827556, 'concreteness': 3.408299900688368, 'nb17': 0.24756017, 'precision': 5.333333333333333}","{'physicality': 1.9421446115543028, 'imageability': 3.978592367195476, 'concreteness': 2.8467436548045706, 'nb17': 0.15531527, 'precision': 5.636363636363637}",2.3323203039850977,4.66298450827556,3.408299900688368,0.24756017,5.333333333333333,,1.9421446115543028,3.978592367195476,2.8467436548045706,0.15531527,5.636363636363637,
474,climb,Got ta climb up that other end .,go upward with gradual or continuous progress,0.0,an upward slope or grade,0.0,"{'physicality': 2.2179774661361185, 'imageability': 4.51441840976378, 'concreteness': 3.243225847199059, 'nb17': 0.22883812, 'precision': 5.0, 'precision_IC': 0.6450128404824959}","{'physicality': 2.3463655526784657, 'imageability': 4.027357597366783, 'concreteness': 2.7536822421968616, 'nb17': 0.1715262, 'precision': 3.1666666666666665, 'precision_IC': 3.6968927834763368}",2.2179774661361185,4.51441840976378,3.243225847199059,0.22883812,5.0,0.6450128404824959,2.3463655526784657,4.027357597366783,2.7536822421968616,0.1715262,3.1666666666666665,3.6968927834763368
475,climb,Got ta climb up that other end .,go upward with gradual or continuous progress,0.0,the act of climbing something,1.0,"{'physicality': 2.007752970261912, 'imageability': 3.7291642281060717, 'concreteness': 2.838662305641006, 'nb17': 0.18820816, 'precision': 5.0, 'precision_IC': 0.5962292078977726}","{'physicality': 2.3463655526784657, 'imageability': 4.027357597366783, 'concreteness': 2.7536822421968616, 'nb17': 0.1715262, 'precision': 3.1666666666666665, 'precision_IC': 3.6968927834763368}",2.007752970261912,3.729164228106072,2.838662305641006,0.18820816,5.0,0.5962292078977726,2.3463655526784657,4.027357597366783,2.7536822421968616,0.1715262,3.1666666666666665,3.6968927834763368
476,climb,Got ta climb up that other end .,go upward with gradual or continuous progress,0.0,go upward with gradual or continuous progress,1.0,"{'physicality': 2.3463655526784657, 'imageability': 4.027357597366783, 'concreteness': 2.7536822421968616, 'nb17': 0.1715262, 'precision': 3.1666666666666665, 'precision_IC': 3.6968927834763368}","{'physicality': 2.3463655526784657, 'imageability': 4.027357597366783, 'concreteness': 2.7536822421968616, 'nb17': 0.1715262, 'precision': 3.1666666666666665, 'precision_IC': 3.6968927834763368}",2.3463655526784657,4.027357597366783,2.7536822421968616,0.1715262,3.1666666666666665,3.6968927834763368,2.3463655526784657,4.027357597366783,2.7536822421968616,0.1715262,3.1666666666666665,3.6968927834763368
477,climb,Got ta climb up that other end .,go upward with gradual or continuous progress,0.0,"move with difficulty, by grasping",1.0,"{'physicality': 2.1683117422282603, 'imageability': 4.103429304000276, 'concreteness': 2.7859405976813165, 'nb17': 0.102565885, 'precision': 3.25, 'precision_IC': 0.0}","{'physicality': 2.3463655526784657, 'imageability': 4.027357597366783, 'concreteness': 2.7536822421968616, 'nb17': 0.1715262, 'precision': 3.1666666666666665, 'precision_IC': 3.6968927834763368}",2.1683117422282603,4.103429304000276,2.7859405976813165,0.102565885,3.25,0.0,2.3463655526784657,4.027357597366783,2.7536822421968616,0.1715262,3.1666666666666665,3.6968927834763368
478,climb,Got ta climb up that other end .,go upward with gradual or continuous progress,0.0,go up or advance,0.0,"{'physicality': 2.1692586833512006, 'imageability': 4.029968374094771, 'concreteness': 2.8368701262105263, 'nb17': 0.21565813, 'precision': 2.75, 'precision_IC': 0.0}","{'physicality': 2.3463655526784657, 'imageability': 4.027357597366783, 'concreteness': 2.7536822421968616, 'nb17': 0.1715262, 'precision': 3.1666666666666665, 'precision_IC': 3.6968927834763368}",2.1692586833512006,4.029968374094771,2.8368701262105263,0.21565813,2.75,0.0,2.3463655526784657,4.027357597366783,2.7536822421968616,0.1715262,3.1666666666666665,3.6968927834763368
479,climb,Got ta climb up that other end .,go upward with gradual or continuous progress,0.0,slope upward,0.0,"{'physicality': 2.805160449583534, 'imageability': 5.079140556604116, 'concreteness': 3.5897417453331624, 'nb17': 0.46868145, 'precision': 2.0, 'precision_IC': 8.484879453266753}","{'physicality': 2.3463655526784657, 'imageability': 4.027357597366783, 'concreteness': 2.7536822421968616, 'nb17': 0.1715262, 'precision': 3.1666666666666665, 'precision_IC': 3.6968927834763368}",2.805160449583534,5.079140556604116,3.5897417453331624,0.46868145,2.0,8.484879453266753,2.3463655526784657,4.027357597366783,2.7536822421968616,0.1715262,3.1666666666666665,3.6968927834763368
480,climb,Got ta climb up that other end .,go upward with gradual or continuous progress,0.0,improve one's social status,0.0,"{'physicality': 2.5601903610362395, 'imageability': 3.7430624688805203, 'concreteness': 2.5656404059977675, 'nb17': 0.06275565, 'precision': 1.5, 'precision_IC': 2.7145308115667426}","{'physicality': 2.3463655526784657, 'imageability': 4.027357597366783, 'concreteness': 2.7536822421968616, 'nb17': 0.1715262, 'precision': 3.1666666666666665, 'precision_IC': 3.6968927834763368}",2.5601903610362395,3.74306246888052,2.5656404059977675,0.06275565,1.5,2.7145308115667426,2.3463655526784657,4.027357597366783,2.7536822421968616,0.1715262,3.1666666666666665,3.6968927834763368
481,climb,Got ta climb up that other end .,go upward with gradual or continuous progress,0.0,increase in value or to a higher point,0.0,"{'physicality': 1.7394998913179922, 'imageability': 3.5725409860531627, 'concreteness': 2.6421022957312155, 'nb17': 0.13018714, 'precision': 4.857142857142857, 'precision_IC': 1.3572654057833713}","{'physicality': 2.3463655526784657, 'imageability': 4.027357597366783, 'concreteness': 2.7536822421968616, 'nb17': 0.1715262, 'precision': 3.1666666666666665, 'precision_IC': 3.6968927834763368}",1.7394998913179922,3.5725409860531627,2.6421022957312155,0.13018714,4.857142857142857,1.3572654057833713,2.3463655526784657,4.027357597366783,2.7536822421968616,0.1715262,3.1666666666666665,3.6968927834763368
482,sick,"Oh you rotten old pig , you 've been sick .",affected by an impairment of normal physical or mental function,0.0,people who are sick,1.0,"{'physicality': 2.584323121448799, 'imageability': 4.5652238445819044, 'concreteness': 3.038209837979862, 'nb17': 0.32529482, 'precision': 3.3333333333333335, 'precision_IC': 2.8552936861506053}","{'physicality': 2.2583231903858136, 'imageability': 3.6042579065658815, 'concreteness': 2.470241570179923, 'nb17': 0.085132495, 'precision': 3.4444444444444446}",2.584323121448799,4.565223844581904,3.038209837979862,0.32529482,3.333333333333333,2.8552936861506053,2.2583231903858136,3.6042579065658815,2.470241570179923,0.085132495,3.4444444444444446,
483,sick,"Oh you rotten old pig , you 've been sick .",affected by an impairment of normal physical or mental function,0.0,eject the contents of the stomach through the mouth,1.0,"{'physicality': 2.1215744017944775, 'imageability': 4.042729732403482, 'concreteness': 3.138239005689366, 'nb17': 0.023786955, 'precision': 3.2, 'precision_IC': 0.0}","{'physicality': 2.2583231903858136, 'imageability': 3.6042579065658815, 'concreteness': 2.470241570179923, 'nb17': 0.085132495, 'precision': 3.4444444444444446}",2.121574401794477,4.042729732403482,3.138239005689366,0.023786955,3.2,0.0,2.2583231903858136,3.6042579065658815,2.470241570179923,0.085132495,3.4444444444444446,
484,sick,"Oh you rotten old pig , you 've been sick .",affected by an impairment of normal physical or mental function,0.0,affected by an impairment of normal physical or mental function,1.0,"{'physicality': 2.2583231903858136, 'imageability': 3.6042579065658815, 'concreteness': 2.470241570179923, 'nb17': 0.085132495, 'precision': 3.4444444444444446}","{'physicality': 2.2583231903858136, 'imageability': 3.6042579065658815, 'concreteness': 2.470241570179923, 'nb17': 0.085132495, 'precision': 3.4444444444444446}",2.2583231903858136,3.6042579065658815,2.470241570179923,0.085132495,3.4444444444444446,,2.2583231903858136,3.6042579065658815,2.470241570179923,0.085132495,3.4444444444444446,
485,sick,"Oh you rotten old pig , you 've been sick .",affected by an impairment of normal physical or mental function,0.0,feeling nausea; feeling about to vomit,1.0,"{'physicality': 2.962651724687068, 'imageability': 3.8016987230360852, 'concreteness': 2.649956711820843, 'nb17': 0.16096039, 'precision': 4.0}","{'physicality': 2.2583231903858136, 'imageability': 3.6042579065658815, 'concreteness': 2.470241570179923, 'nb17': 0.085132495, 'precision': 3.4444444444444446}",2.962651724687068,3.801698723036085,2.649956711820843,0.16096039,4.0,,2.2583231903858136,3.6042579065658815,2.470241570179923,0.085132495,3.4444444444444446,
486,sick,"Oh you rotten old pig , you 've been sick .",affected by an impairment of normal physical or mental function,0.0,affected with madness or insanity,1.0,"{'physicality': 2.449182457473369, 'imageability': 3.8336811972658156, 'concreteness': 2.3422541743533345, 'nb17': 0.12068796, 'precision': 6.0}","{'physicality': 2.2583231903858136, 'imageability': 3.6042579065658815, 'concreteness': 2.470241570179923, 'nb17': 0.085132495, 'precision': 3.4444444444444446}",2.449182457473369,3.833681197265816,2.3422541743533345,0.12068796,6.0,,2.2583231903858136,3.6042579065658815,2.470241570179923,0.085132495,3.4444444444444446,
487,sick,"Oh you rotten old pig , you 've been sick .",affected by an impairment of normal physical or mental function,0.0,having a strong distaste from surfeit,0.0,"{'physicality': 1.9764767423334362, 'imageability': 3.3371079644561497, 'concreteness': 2.484895820837646, 'nb17': 0.058241967, 'precision': 3.8}","{'physicality': 2.2583231903858136, 'imageability': 3.6042579065658815, 'concreteness': 2.470241570179923, 'nb17': 0.085132495, 'precision': 3.4444444444444446}",1.976476742333436,3.3371079644561497,2.484895820837646,0.058241967,3.8,,2.2583231903858136,3.6042579065658815,2.470241570179923,0.085132495,3.4444444444444446,
488,sick,"Oh you rotten old pig , you 've been sick .",affected by an impairment of normal physical or mental function,0.0,deeply affected by a strong feeling,0.0,"{'physicality': 2.505989638250885, 'imageability': 3.6073339701203344, 'concreteness': 2.3864376499899067, 'nb17': 0.10071483, 'precision': 2.1666666666666665}","{'physicality': 2.2583231903858136, 'imageability': 3.6042579065658815, 'concreteness': 2.470241570179923, 'nb17': 0.085132495, 'precision': 3.4444444444444446}",2.505989638250885,3.6073339701203344,2.3864376499899067,0.10071483,2.1666666666666665,,2.2583231903858136,3.6042579065658815,2.470241570179923,0.085132495,3.4444444444444446,
489,sick,"Oh you rotten old pig , you 've been sick .",affected by an impairment of normal physical or mental function,0.0,shockingly repellent; inspiring horror,0.0,"{'physicality': 3.2615712387883415, 'imageability': 3.394612432898858, 'concreteness': 2.062100290029113, 'nb17': 0.04779373, 'precision': 3.25}","{'physicality': 2.2583231903858136, 'imageability': 3.6042579065658815, 'concreteness': 2.470241570179923, 'nb17': 0.085132495, 'precision': 3.4444444444444446}",3.261571238788341,3.394612432898858,2.062100290029113,0.04779373,3.25,,2.2583231903858136,3.6042579065658815,2.470241570179923,0.085132495,3.4444444444444446,
530,mad,"I take I take , only occasionally I go mad and let ripe and have quite a few , other times I just be on an orange juice and lemonade",affected with madness or insanity,1.0,roused to anger; - Mark Twain,0.0,"{'physicality': 1.8231886233209469, 'imageability': 3.024557742098395, 'concreteness': 2.1505744647851004, 'nb17': 0.071778715, 'precision': 6.5}","{'physicality': 2.449182457473369, 'imageability': 3.8336811972658156, 'concreteness': 2.3422541743533345, 'nb17': 0.23885575, 'precision': 6.0}",1.8231886233209469,3.024557742098395,2.1505744647851004,0.071778715,6.5,,2.449182457473369,3.833681197265816,2.3422541743533345,0.23885575,6.0,
532,mad,"I take I take , only occasionally I go mad and let ripe and have quite a few , other times I just be on an orange juice and lemonade",affected with madness or insanity,1.0,marked by uncontrolled excitement or emotion,1.0,"{'physicality': 2.7182209376514113, 'imageability': 3.9105336944894495, 'concreteness': 2.4421409244277528, 'nb17': 0.09807079, 'precision': 3.6666666666666665}","{'physicality': 2.449182457473369, 'imageability': 3.8336811972658156, 'concreteness': 2.3422541743533345, 'nb17': 0.23885575, 'precision': 6.0}",2.7182209376514117,3.9105336944894495,2.4421409244277528,0.09807079,3.6666666666666665,,2.449182457473369,3.833681197265816,2.3422541743533345,0.23885575,6.0,
533,mad,"I take I take , only occasionally I go mad and let ripe and have quite a few , other times I just be on an orange juice and lemonade",affected with madness or insanity,1.0,very foolish,1.0,"{'physicality': 1.9982371423957819, 'imageability': 3.1117416082755014, 'concreteness': 1.9558828534804662, 'nb17': 0.22939777, 'precision': 0.0}","{'physicality': 2.449182457473369, 'imageability': 3.8336811972658156, 'concreteness': 2.3422541743533345, 'nb17': 0.23885575, 'precision': 6.0}",1.9982371423957817,3.1117416082755014,1.9558828534804664,0.22939777,0.0,,2.449182457473369,3.833681197265816,2.3422541743533345,0.23885575,6.0,
542,won,Oh I bloody won a bottle wine and I could of won .,win something through one's efforts,0.0,the basic unit of money in South Korea,1.0,"{'physicality': 1.6582235073917004, 'imageability': 3.5800534731287166, 'concreteness': 2.874098068031023, 'nb17': 0.07639236, 'precision': 4.0, 'precision_IC': 0.9762101598078754}","{'physicality': 2.283384432827588, 'imageability': 3.9143651882430164, 'concreteness': 2.627767688592607, 'nb17': 0.15809958, 'precision': 1.75, 'precision_IC': 8.728023671287634}",1.6582235073917004,3.5800534731287166,2.874098068031023,0.07639236,4.0,0.9762101598078754,2.283384432827588,3.914365188243016,2.627767688592607,0.15809958,1.75,8.728023671287634
543,won,Oh I bloody won a bottle wine and I could of won .,win something through one's efforts,0.0,the basic unit of money in North Korea,1.0,"{'physicality': 1.6582235073917004, 'imageability': 3.5800534731287166, 'concreteness': 2.874098068031023, 'nb17': 0.07639236, 'precision': 4.0, 'precision_IC': 0.9762101598078754}","{'physicality': 2.283384432827588, 'imageability': 3.9143651882430164, 'concreteness': 2.627767688592607, 'nb17': 0.15809958, 'precision': 1.75, 'precision_IC': 8.728023671287634}",1.6582235073917004,3.5800534731287166,2.874098068031023,0.07639236,4.0,0.9762101598078754,2.283384432827588,3.914365188243016,2.627767688592607,0.15809958,1.75,8.728023671287634
544,won,Oh I bloody won a bottle wine and I could of won .,win something through one's efforts,0.0,be the winner in a contest or competition; be victorious,1.0,"{'physicality': 1.9823050435415692, 'imageability': 3.9517096379662084, 'concreteness': 2.7462447348882044, 'nb17': 0.21308507, 'precision': 4.444444444444445, 'precision_IC': 0.0}","{'physicality': 2.283384432827588, 'imageability': 3.9143651882430164, 'concreteness': 2.627767688592607, 'nb17': 0.15809958, 'precision': 1.75, 'precision_IC': 8.728023671287634}",1.9823050435415688,3.951709637966208,2.7462447348882044,0.21308507,4.444444444444445,0.0,2.283384432827588,3.914365188243016,2.627767688592607,0.15809958,1.75,8.728023671287634
545,won,Oh I bloody won a bottle wine and I could of won .,win something through one's efforts,0.0,win something through one's efforts,0.0,"{'physicality': 2.283384432827588, 'imageability': 3.9143651882430164, 'concreteness': 2.627767688592607, 'nb17': 0.15809958, 'precision': 1.75, 'precision_IC': 8.728023671287634}","{'physicality': 2.283384432827588, 'imageability': 3.9143651882430164, 'concreteness': 2.627767688592607, 'nb17': 0.15809958, 'precision': 1.75, 'precision_IC': 8.728023671287634}",2.283384432827588,3.914365188243016,2.627767688592607,0.15809958,1.75,8.728023671287634,2.283384432827588,3.914365188243016,2.627767688592607,0.15809958,1.75,8.728023671287634
546,won,Oh I bloody won a bottle wine and I could of won .,win something through one's efforts,0.0,"obtain advantages, such as points, etc.",1.0,"{'physicality': 1.567413445815065, 'imageability': 2.7707387605969322, 'concreteness': 2.008846122532495, 'nb17': 0.031907864, 'precision': 2.6, 'precision_IC': 0.0}","{'physicality': 2.283384432827588, 'imageability': 3.9143651882430164, 'concreteness': 2.627767688592607, 'nb17': 0.15809958, 'precision': 1.75, 'precision_IC': 8.728023671287634}",1.567413445815065,2.770738760596932,2.008846122532495,0.031907864,2.6,0.0,2.283384432827588,3.914365188243016,2.627767688592607,0.15809958,1.75,8.728023671287634
547,won,Oh I bloody won a bottle wine and I could of won .,win something through one's efforts,0.0,attain success or reach a desired goal,1.0,"{'physicality': 2.208661999590672, 'imageability': 3.4343167695958976, 'concreteness': 2.435906120722031, 'nb17': 0.09466056, 'precision': 5.0, 'precision_IC': 0.0}","{'physicality': 2.283384432827588, 'imageability': 3.9143651882430164, 'concreteness': 2.627767688592607, 'nb17': 0.15809958, 'precision': 1.75, 'precision_IC': 8.728023671287634}",2.208661999590672,3.4343167695958976,2.435906120722031,0.09466056,5.0,0.0,2.283384432827588,3.914365188243016,2.627767688592607,0.15809958,1.75,8.728023671287634
548,won,Oh I bloody won a bottle wine and I could of won .,win something through one's efforts,0.0,not subject to defeat,1.0,"{'physicality': 2.017882639744732, 'imageability': 3.4972901983277147, 'concreteness': 2.48581016744417, 'nb17': 0.10238392, 'precision': 2.6666666666666665}","{'physicality': 2.283384432827588, 'imageability': 3.9143651882430164, 'concreteness': 2.627767688592607, 'nb17': 0.15809958, 'precision': 1.75, 'precision_IC': 8.728023671287634}",2.017882639744732,3.4972901983277147,2.48581016744417,0.10238392,2.6666666666666665,,2.283384432827588,3.914365188243016,2.627767688592607,0.15809958,1.75,8.728023671287634
577,birth,"Furthermore Madame Mattli was a Frenchwoman , an accident of birth which added to her glamour , for was not Paris the fashion capital of the world ?",the event of being born,0.0,the event of being born,1.0,"{'physicality': 1.89452487811859, 'imageability': 3.541613943745742, 'concreteness': 2.6355944685938737, 'nb17': 0.21505089, 'precision': 3.6666666666666665, 'precision_IC': 0.2981146039488863}","{'physicality': 1.89452487811859, 'imageability': 3.541613943745742, 'concreteness': 2.6355944685938737, 'nb17': 0.21505089, 'precision': 3.6666666666666665, 'precision_IC': 0.2981146039488863}",1.89452487811859,3.541613943745742,2.6355944685938737,0.21505089,3.6666666666666665,0.2981146039488863,1.89452487811859,3.541613943745742,2.6355944685938737,0.21505089,3.6666666666666665,0.2981146039488863
578,birth,"Furthermore Madame Mattli was a Frenchwoman , an accident of birth which added to her glamour , for was not Paris the fashion capital of the world ?",the event of being born,0.0,the process of giving birth,1.0,"{'physicality': 1.9730620346118304, 'imageability': 3.365219350988974, 'concreteness': 2.6493245469485687, 'nb17': 0.26095667, 'precision': 4.5, 'precision_IC': 0.0}","{'physicality': 1.89452487811859, 'imageability': 3.541613943745742, 'concreteness': 2.6355944685938737, 'nb17': 0.21505089, 'precision': 3.6666666666666665, 'precision_IC': 0.2981146039488863}",1.9730620346118304,3.365219350988974,2.6493245469485687,0.26095667,4.5,0.0,1.89452487811859,3.541613943745742,2.6355944685938737,0.21505089,3.6666666666666665,0.2981146039488863
579,birth,"Furthermore Madame Mattli was a Frenchwoman , an accident of birth which added to her glamour , for was not Paris the fashion capital of the world ?",the event of being born,0.0,the kinship relation of an offspring to the parents,1.0,"{'physicality': 1.987417912477279, 'imageability': 3.7013562184422772, 'concreteness': 2.7449988779770518, 'nb17': 0.13857467, 'precision': 6.8, 'precision_IC': 0.8458072696220821}","{'physicality': 1.89452487811859, 'imageability': 3.541613943745742, 'concreteness': 2.6355944685938737, 'nb17': 0.21505089, 'precision': 3.6666666666666665, 'precision_IC': 0.2981146039488863}",1.987417912477279,3.701356218442277,2.744998877977052,0.13857467,6.8,0.8458072696220821,1.89452487811859,3.541613943745742,2.6355944685938737,0.21505089,3.6666666666666665,0.2981146039488863
580,birth,"Furthermore Madame Mattli was a Frenchwoman , an accident of birth which added to her glamour , for was not Paris the fashion capital of the world ?",the event of being born,0.0,a baby born; an offspring,1.0,"{'physicality': 2.4591381859165384, 'imageability': 4.527101912956844, 'concreteness': 3.4650417394954385, 'nb17': 0.27489555, 'precision': 6.6, 'precision_IC': 0.9569171752849136}","{'physicality': 1.89452487811859, 'imageability': 3.541613943745742, 'concreteness': 2.6355944685938737, 'nb17': 0.21505089, 'precision': 3.6666666666666665, 'precision_IC': 0.2981146039488863}",2.4591381859165384,4.527101912956844,3.4650417394954385,0.27489555,6.6,0.9569171752849136,1.89452487811859,3.541613943745742,2.6355944685938737,0.21505089,3.6666666666666665,0.2981146039488863
581,birth,"Furthermore Madame Mattli was a Frenchwoman , an accident of birth which added to her glamour , for was not Paris the fashion capital of the world ?",the event of being born,0.0,cause to be born,1.0,"{'physicality': 2.0406348857810617, 'imageability': 3.7546319779582014, 'concreteness': 2.6016091582303447, 'nb17': 0.20337664, 'precision': 0.6666666666666666, 'precision_IC': 1.738951735621505}","{'physicality': 1.89452487811859, 'imageability': 3.541613943745742, 'concreteness': 2.6355944685938737, 'nb17': 0.21505089, 'precision': 3.6666666666666665, 'precision_IC': 0.2981146039488863}",2.0406348857810617,3.754631977958202,2.6016091582303447,0.20337664,0.6666666666666666,1.738951735621505,1.89452487811859,3.541613943745742,2.6355944685938737,0.21505089,3.6666666666666665,0.2981146039488863
602,friendly,The other girls disliked her for her outstanding looks and her haughty ways and made no attempt to be friendly on anything but the most superficial level and the pattern cutters and sewing hands hurried home to their families and boyfriends the moment they finished their long day 's work .,characteristic of or befitting a friend,0.0,troops belonging to or allied with your own military forces,1.0,"{'physicality': 2.181443542107611, 'imageability': 4.318001216048351, 'concreteness': 2.936732493562821, 'nb17': 0.056529354, 'precision': 2.0, 'precision_IC': 0.0}","{'physicality': 1.791473547128179, 'imageability': 3.217787135451573, 'concreteness': 2.510717759229314, 'nb17': 0.10080731, 'precision': 6.0}",2.181443542107611,4.318001216048351,2.936732493562821,0.056529354,2.0,0.0,1.791473547128179,3.217787135451573,2.510717759229314,0.10080731,6.0,
603,friendly,The other girls disliked her for her outstanding looks and her haughty ways and made no attempt to be friendly on anything but the most superficial level and the pattern cutters and sewing hands hurried home to their families and boyfriends the moment they finished their long day 's work .,characteristic of or befitting a friend,0.0,characteristic of or befitting a friend,1.0,"{'physicality': 1.791473547128179, 'imageability': 3.217787135451573, 'concreteness': 2.510717759229314, 'nb17': 0.10080731, 'precision': 6.0}","{'physicality': 1.791473547128179, 'imageability': 3.217787135451573, 'concreteness': 2.510717759229314, 'nb17': 0.10080731, 'precision': 6.0}",1.791473547128179,3.217787135451573,2.510717759229314,0.10080731,6.0,,1.791473547128179,3.217787135451573,2.510717759229314,0.10080731,6.0,
604,friendly,The other girls disliked her for her outstanding looks and her haughty ways and made no attempt to be friendly on anything but the most superficial level and the pattern cutters and sewing hands hurried home to their families and boyfriends the moment they finished their long day 's work .,characteristic of or befitting a friend,0.0,inclined to help or support; not antagonistic or hostile,1.0,"{'physicality': 2.239692952537151, 'imageability': 3.6593787824019834, 'concreteness': 2.325471783352486, 'nb17': 0.12530582, 'precision': 3.0}","{'physicality': 1.791473547128179, 'imageability': 3.217787135451573, 'concreteness': 2.510717759229314, 'nb17': 0.10080731, 'precision': 6.0}",2.239692952537151,3.659378782401984,2.325471783352486,0.12530582,3.0,,1.791473547128179,3.217787135451573,2.510717759229314,0.10080731,6.0,
605,friendly,The other girls disliked her for her outstanding looks and her haughty ways and made no attempt to be friendly on anything but the most superficial level and the pattern cutters and sewing hands hurried home to their families and boyfriends the moment they finished their long day 's work .,characteristic of or befitting a friend,0.0,easy to understand or use,1.0,"{'physicality': 1.9897513649680394, 'imageability': 3.4494294432495023, 'concreteness': 2.4064356971750414, 'nb17': 0.074009076, 'precision': 3.75}","{'physicality': 1.791473547128179, 'imageability': 3.217787135451573, 'concreteness': 2.510717759229314, 'nb17': 0.10080731, 'precision': 6.0}",1.9897513649680396,3.4494294432495023,2.4064356971750414,0.074009076,3.75,,1.791473547128179,3.217787135451573,2.510717759229314,0.10080731,6.0,
606,friendly,The other girls disliked her for her outstanding looks and her haughty ways and made no attempt to be friendly on anything but the most superficial level and the pattern cutters and sewing hands hurried home to their families and boyfriends the moment they finished their long day 's work .,characteristic of or befitting a friend,0.0,of or belonging to your own country's forces or those of an ally,1.0,"{'physicality': 1.7911305243310902, 'imageability': 3.8205259851224986, 'concreteness': 2.708927918413393, 'nb17': 0.0451981, 'precision': 4.375}","{'physicality': 1.791473547128179, 'imageability': 3.217787135451573, 'concreteness': 2.510717759229314, 'nb17': 0.10080731, 'precision': 6.0}",1.7911305243310902,3.820525985122498,2.708927918413393,0.0451981,4.375,,1.791473547128179,3.217787135451573,2.510717759229314,0.10080731,6.0,
627,rooted,"Frantically she rooted round , then checked her pockets without success .",take root and begin to grow,1.0,take root and begin to grow,1.0,"{'physicality': 2.1564959873692513, 'imageability': 3.79931009329295, 'concreteness': 2.8425797562057853, 'nb17': 0.13748704, 'precision': 1.5, 'precision_IC': 3.3366078125507843}","{'physicality': 2.1564959873692513, 'imageability': 3.79931009329295, 'concreteness': 2.8425797562057853, 'nb17': 0.13748704, 'precision': 1.5, 'precision_IC': 3.3366078125507843}",2.1564959873692517,3.79931009329295,2.8425797562057853,0.13748704,1.5,3.3366078125507843,2.1564959873692517,3.79931009329295,2.8425797562057853,0.13748704,1.5,3.3366078125507843
628,rooted,"Frantically she rooted round , then checked her pockets without success .",take root and begin to grow,1.0,"come into existence, originate",0.0,"{'physicality': 1.9206051269378974, 'imageability': 3.183158290484305, 'concreteness': 2.42077404453113, 'nb17': 0.15106729, 'precision': 2.3333333333333335, 'precision_IC': 5.64539576818323}","{'physicality': 2.1564959873692513, 'imageability': 3.79931009329295, 'concreteness': 2.8425797562057853, 'nb17': 0.13748704, 'precision': 1.5, 'precision_IC': 3.3366078125507843}",1.9206051269378972,3.183158290484305,2.42077404453113,0.15106729,2.333333333333333,5.64539576818323,2.1564959873692517,3.79931009329295,2.8425797562057853,0.13748704,1.5,3.3366078125507843
629,rooted,"Frantically she rooted round , then checked her pockets without success .",take root and begin to grow,1.0,plant by the roots,1.0,"{'physicality': 2.0507516000364756, 'imageability': 4.354584488842164, 'concreteness': 3.276054957183886, 'nb17': 0.23400646, 'precision': 2.3333333333333335, 'precision_IC': 6.878255443459601}","{'physicality': 2.1564959873692513, 'imageability': 3.79931009329295, 'concreteness': 2.8425797562057853, 'nb17': 0.13748704, 'precision': 1.5, 'precision_IC': 3.3366078125507843}",2.050751600036476,4.354584488842164,3.276054957183886,0.23400646,2.333333333333333,6.878255443459601,2.1564959873692517,3.79931009329295,2.8425797562057853,0.13748704,1.5,3.3366078125507843
630,rooted,"Frantically she rooted round , then checked her pockets without success .",take root and begin to grow,1.0,dig with the snout,1.0,"{'physicality': 2.0411021427855207, 'imageability': 4.61741750573934, 'concreteness': 3.337283663171546, 'nb17': 0.087118104, 'precision': 7.5}","{'physicality': 2.1564959873692513, 'imageability': 3.79931009329295, 'concreteness': 2.8425797562057853, 'nb17': 0.13748704, 'precision': 1.5, 'precision_IC': 3.3366078125507843}",2.0411021427855207,4.61741750573934,3.337283663171546,0.087118104,7.5,,2.1564959873692517,3.79931009329295,2.8425797562057853,0.13748704,1.5,3.3366078125507843
631,rooted,"Frantically she rooted round , then checked her pockets without success .",take root and begin to grow,1.0,become settled or established and stable in one's residence or l...,0.0,"{'physicality': 1.9706920167255972, 'imageability': 3.787206185639717, 'concreteness': 2.6374475922195075, 'nb17': 0.10587772, 'precision': 4.5, 'precision_IC': 4.1019916272307}","{'physicality': 2.1564959873692513, 'imageability': 3.79931009329295, 'concreteness': 2.8425797562057853, 'nb17': 0.13748704, 'precision': 1.5, 'precision_IC': 3.3366078125507843}",1.9706920167255968,3.787206185639717,2.6374475922195075,0.10587772,4.5,4.1019916272307,2.1564959873692517,3.79931009329295,2.8425797562057853,0.13748704,1.5,3.3366078125507843
632,rooted,"Frantically she rooted round , then checked her pockets without success .",take root and begin to grow,1.0,cause to take roots,1.0,"{'physicality': 2.0552543035338235, 'imageability': 3.6318836171426447, 'concreteness': 2.7312164630352798, 'nb17': 0.19490586, 'precision': 2.0, 'precision_IC': 3.5439668128787982}","{'physicality': 2.1564959873692513, 'imageability': 3.79931009329295, 'concreteness': 2.8425797562057853, 'nb17': 0.13748704, 'precision': 1.5, 'precision_IC': 3.3366078125507843}",2.0552543035338235,3.6318836171426447,2.73121646303528,0.19490586,2.0,3.5439668128787982,2.1564959873692517,3.79931009329295,2.8425797562057853,0.13748704,1.5,3.3366078125507843
633,rooted,"Frantically she rooted round , then checked her pockets without success .",take root and begin to grow,1.0,absolutely still,0.0,"{'physicality': 2.141178119370716, 'imageability': 3.0510865941263177, 'concreteness': 2.041519738199915, 'nb17': 0.09478886, 'precision': 0.5}","{'physicality': 2.1564959873692513, 'imageability': 3.79931009329295, 'concreteness': 2.8425797562057853, 'nb17': 0.13748704, 'precision': 1.5, 'precision_IC': 3.3366078125507843}",2.141178119370716,3.0510865941263177,2.041519738199915,0.09478886,0.5,,2.1564959873692517,3.79931009329295,2.8425797562057853,0.13748704,1.5,3.3366078125507843
662,related,Paula related what had happened and saw Gary turn pale .,give an account of,1.0,make a logical or causal connection,0.0,"{'physicality': 1.9651403840857895, 'imageability': 3.3821270397953804, 'concreteness': 2.5060696838716447, 'nb17': 0.17038672, 'precision': 4.0, 'precision_IC': 0.0}","{'physicality': 1.4427788431345814, 'imageability': 2.954062486192889, 'concreteness': 2.5889254800183523, 'nb17': 0.1056176, 'precision': 4.0, 'precision_IC': 1.6730924032977987}",1.9651403840857893,3.3821270397953804,2.5060696838716447,0.17038672,4.0,0.0,1.4427788431345814,2.954062486192889,2.5889254800183523,0.1056176,4.0,1.6730924032977987
663,related,Paula related what had happened and saw Gary turn pale .,give an account of,1.0,be relevant to,0.0,"{'physicality': 1.6191288689229963, 'imageability': 3.085641181910475, 'concreteness': 2.0654830036364458, 'nb17': 0.22990833, 'precision': 0.0, 'precision_IC': 0.0}","{'physicality': 1.4427788431345814, 'imageability': 2.954062486192889, 'concreteness': 2.5889254800183523, 'nb17': 0.1056176, 'precision': 4.0, 'precision_IC': 1.6730924032977987}",1.6191288689229963,3.085641181910475,2.0654830036364458,0.22990833,0.0,0.0,1.4427788431345814,2.954062486192889,2.5889254800183523,0.1056176,4.0,1.6730924032977987
664,related,Paula related what had happened and saw Gary turn pale .,give an account of,1.0,give an account of,0.0,"{'physicality': 1.4427788431345814, 'imageability': 2.954062486192889, 'concreteness': 2.5889254800183523, 'nb17': 0.1056176, 'precision': 4.0, 'precision_IC': 1.6730924032977987}","{'physicality': 1.4427788431345814, 'imageability': 2.954062486192889, 'concreteness': 2.5889254800183523, 'nb17': 0.1056176, 'precision': 4.0, 'precision_IC': 1.6730924032977987}",1.4427788431345814,2.954062486192889,2.5889254800183523,0.1056176,4.0,1.6730924032977987,1.4427788431345814,2.954062486192889,2.5889254800183523,0.1056176,4.0,1.6730924032977987
665,related,Paula related what had happened and saw Gary turn pale .,give an account of,1.0,be in a relationship with,0.0,"{'physicality': 1.6293237045899946, 'imageability': 3.6544050879728416, 'concreteness': 2.5658778722342985, 'nb17': 0.16776004, 'precision': 4.75, 'precision_IC': 0.0}","{'physicality': 1.4427788431345814, 'imageability': 2.954062486192889, 'concreteness': 2.5889254800183523, 'nb17': 0.1056176, 'precision': 4.0, 'precision_IC': 1.6730924032977987}",1.6293237045899946,3.6544050879728416,2.5658778722342985,0.16776004,4.75,0.0,1.4427788431345814,2.954062486192889,2.5889254800183523,0.1056176,4.0,1.6730924032977987
666,related,Paula related what had happened and saw Gary turn pale .,give an account of,1.0,have or establish a relationship to,0.0,"{'physicality': 1.7322586637570148, 'imageability': 3.3161163052139386, 'concreteness': 2.4279179676613256, 'nb17': 0.14840351, 'precision': 5.0, 'precision_IC': 1.39990277556881}","{'physicality': 1.4427788431345814, 'imageability': 2.954062486192889, 'concreteness': 2.5889254800183523, 'nb17': 0.1056176, 'precision': 4.0, 'precision_IC': 1.6730924032977987}",1.7322586637570148,3.316116305213938,2.4279179676613256,0.14840351,5.0,1.39990277556881,1.4427788431345814,2.954062486192889,2.5889254800183523,0.1056176,4.0,1.6730924032977987
667,related,Paula related what had happened and saw Gary turn pale .,give an account of,1.0,being connected either logically or causally or by shared charac...,0.0,"{'physicality': 2.0516517386869944, 'imageability': 3.7609298442532566, 'concreteness': 2.252426171387139, 'nb17': 0.2371823, 'precision': 2.5555555555555554}","{'physicality': 1.4427788431345814, 'imageability': 2.954062486192889, 'concreteness': 2.5889254800183523, 'nb17': 0.1056176, 'precision': 4.0, 'precision_IC': 1.6730924032977987}",2.0516517386869944,3.7609298442532566,2.252426171387139,0.2371823,2.555555555555556,,1.4427788431345814,2.954062486192889,2.5889254800183523,0.1056176,4.0,1.6730924032977987
668,related,Paula related what had happened and saw Gary turn pale .,give an account of,1.0,"connected by kinship, common origin, or marriage",1.0,"{'physicality': 2.299161066588913, 'imageability': 4.137262471497678, 'concreteness': 2.6642481244508445, 'nb17': 0.25463176, 'precision': 3.142857142857143}","{'physicality': 1.4427788431345814, 'imageability': 2.954062486192889, 'concreteness': 2.5889254800183523, 'nb17': 0.1056176, 'precision': 4.0, 'precision_IC': 1.6730924032977987}",2.299161066588913,4.137262471497678,2.6642481244508445,0.25463176,3.142857142857143,,1.4427788431345814,2.954062486192889,2.5889254800183523,0.1056176,4.0,1.6730924032977987
697,healthy,"The contrast between the two American girls was almost painful ; Ellen was so healthy and strong , while the waif-like Robin-Anne was pathetically wan and listless .",having or indicating good health in body or mind; free from infirmity or disease,0.0,having or indicating good health in body or mind; free from infi...,1.0,"{'physicality': 2.235780683436643, 'imageability': 4.076691858645637, 'concreteness': 2.8474198800733093, 'nb17': 0.123839244, 'precision': 4.5}","{'physicality': 2.3383385796853733, 'imageability': 4.100661847994347, 'concreteness': 2.8248677835064817, 'nb17': 0.11892518, 'precision': 5.846153846153846}",2.235780683436643,4.076691858645637,2.8474198800733093,0.123839244,4.5,,2.3383385796853733,4.100661847994347,2.8248677835064817,0.11892518,5.846153846153846,
698,healthy,"The contrast between the two American girls was almost painful ; Ellen was so healthy and strong , while the waif-like Robin-Anne was pathetically wan and listless .",having or indicating good health in body or mind; free from infirmity or disease,0.0,financially secure and functioning well,0.0,"{'physicality': 2.2309646031130983, 'imageability': 3.805104229521774, 'concreteness': 2.373571685310421, 'nb17': 0.18121262, 'precision': 0.75}","{'physicality': 2.3383385796853733, 'imageability': 4.100661847994347, 'concreteness': 2.8248677835064817, 'nb17': 0.11892518, 'precision': 5.846153846153846}",2.2309646031130983,3.805104229521774,2.373571685310421,0.18121262,0.75,,2.3383385796853733,4.100661847994347,2.8248677835064817,0.11892518,5.846153846153846,
699,healthy,"The contrast between the two American girls was almost painful ; Ellen was so healthy and strong , while the waif-like Robin-Anne was pathetically wan and listless .",having or indicating good health in body or mind; free from infirmity or disease,0.0,promoting health; healthful; ; ; ; ; - C.B.Davis,1.0,"{'physicality': 2.433115100500574, 'imageability': 3.3466934048858974, 'concreteness': 2.0431201388048152, 'nb17': 0.17329213, 'precision': 2.3333333333333335}","{'physicality': 2.3383385796853733, 'imageability': 4.100661847994347, 'concreteness': 2.8248677835064817, 'nb17': 0.11892518, 'precision': 5.846153846153846}",2.433115100500574,3.3466934048858974,2.0431201388048152,0.17329213,2.333333333333333,,2.3383385796853733,4.100661847994347,2.8248677835064817,0.11892518,5.846153846153846,
700,healthy,"The contrast between the two American girls was almost painful ; Ellen was so healthy and strong , while the waif-like Robin-Anne was pathetically wan and listless .",having or indicating good health in body or mind; free from infirmity or disease,0.0,exercising or showing good judgment,0.0,"{'physicality': 2.59201242457399, 'imageability': 4.0794891558320785, 'concreteness': 2.8367897916646, 'nb17': 0.11440174, 'precision': 2.8}","{'physicality': 2.3383385796853733, 'imageability': 4.100661847994347, 'concreteness': 2.8248677835064817, 'nb17': 0.11892518, 'precision': 5.846153846153846}",2.59201242457399,4.079489155832079,2.8367897916646,0.11440174,2.8,,2.3383385796853733,4.100661847994347,2.8248677835064817,0.11892518,5.846153846153846,
701,healthy,"The contrast between the two American girls was almost painful ; Ellen was so healthy and strong , while the waif-like Robin-Anne was pathetically wan and listless .",having or indicating good health in body or mind; free from infirmity or disease,0.0,large in amount or extent or degree,0.0,"{'physicality': 1.867963366800968, 'imageability': 3.8918870180814076, 'concreteness': 2.747403297542511, 'nb17': -0.00014894456, 'precision': 4.857142857142857}","{'physicality': 2.3383385796853733, 'imageability': 4.100661847994347, 'concreteness': 2.8248677835064817, 'nb17': 0.11892518, 'precision': 5.846153846153846}",1.867963366800968,3.891887018081408,2.747403297542511,-0.00014894456,4.857142857142857,,2.3383385796853733,4.100661847994347,2.8248677835064817,0.11892518,5.846153846153846,
717,lit,Rickie lit a cigarette .,begin to smoke,0.0,the humanistic study of a body of literature,1.0,"{'physicality': 1.9377657506361459, 'imageability': 3.6156858258775593, 'concreteness': 2.7388783320311187, 'nb17': 0.051748767, 'precision': 7.0, 'precision_IC': 2.6601946230107525}","{'physicality': 2.7184318033876043, 'imageability': 4.278488930708136, 'concreteness': 3.206882029645263, 'nb17': 0.078738354, 'precision': 0.5, 'precision_IC': 0.0}",1.9377657506361456,3.6156858258775593,2.7388783320311187,0.051748767,7.0,2.6601946230107525,2.7184318033876043,4.278488930708136,3.206882029645263,0.078738354,0.5,0.0
718,lit,Rickie lit a cigarette .,begin to smoke,0.0,make lighter or brighter,1.0,"{'physicality': 2.7909149563931575, 'imageability': 4.840130362715431, 'concreteness': 3.2129855056082572, 'nb17': 0.17071423, 'precision': 2.75, 'precision_IC': 0.0}","{'physicality': 2.7184318033876043, 'imageability': 4.278488930708136, 'concreteness': 3.206882029645263, 'nb17': 0.078738354, 'precision': 0.5, 'precision_IC': 0.0}",2.790914956393157,4.840130362715431,3.212985505608257,0.17071423,2.75,0.0,2.7184318033876043,4.278488930708136,3.206882029645263,0.078738354,0.5,0.0
719,lit,Rickie lit a cigarette .,begin to smoke,0.0,begin to smoke,1.0,"{'physicality': 2.7184318033876043, 'imageability': 4.278488930708136, 'concreteness': 3.206882029645263, 'nb17': 0.078738354, 'precision': 0.5, 'precision_IC': 0.0}","{'physicality': 2.7184318033876043, 'imageability': 4.278488930708136, 'concreteness': 3.206882029645263, 'nb17': 0.078738354, 'precision': 0.5, 'precision_IC': 0.0}",2.7184318033876043,4.278488930708136,3.206882029645263,0.078738354,0.5,0.0,2.7184318033876043,4.278488930708136,3.206882029645263,0.078738354,0.5,0.0
720,lit,Rickie lit a cigarette .,begin to smoke,0.0,"to come to rest, settle",0.0,"{'physicality': 1.6982433043711023, 'imageability': 3.33816715645456, 'concreteness': 2.383015258430588, 'nb17': -0.0031100502, 'precision': 0.6666666666666666, 'precision_IC': 0.0}","{'physicality': 2.7184318033876043, 'imageability': 4.278488930708136, 'concreteness': 3.206882029645263, 'nb17': 0.078738354, 'precision': 0.5, 'precision_IC': 0.0}",1.6982433043711025,3.33816715645456,2.383015258430588,-0.0031100502,0.6666666666666666,0.0,2.7184318033876043,4.278488930708136,3.206882029645263,0.078738354,0.5,0.0
721,lit,Rickie lit a cigarette .,begin to smoke,0.0,cause to start burning; subject to fire or great heat,1.0,"{'physicality': 2.386899290626982, 'imageability': 4.011354576844643, 'concreteness': 2.7969850607894013, 'nb17': 0.07198067, 'precision': 2.0, 'precision_IC': 1.2927848729862075}","{'physicality': 2.7184318033876043, 'imageability': 4.278488930708136, 'concreteness': 3.206882029645263, 'nb17': 0.078738354, 'precision': 0.5, 'precision_IC': 0.0}",2.386899290626982,4.011354576844643,2.7969850607894013,0.07198067,2.0,1.2927848729862077,2.7184318033876043,4.278488930708136,3.206882029645263,0.078738354,0.5,0.0
722,lit,Rickie lit a cigarette .,begin to smoke,0.0,alight from,1.0,"{'physicality': 2.1395733164840696, 'imageability': 3.9732896605058343, 'concreteness': 2.92088275428076, 'nb17': 0.21931164, 'precision': 2.0, 'precision_IC': 6.91915550183863}","{'physicality': 2.7184318033876043, 'imageability': 4.278488930708136, 'concreteness': 3.206882029645263, 'nb17': 0.078738354, 'precision': 0.5, 'precision_IC': 0.0}",2.1395733164840696,3.9732896605058334,2.92088275428076,0.21931164,2.0,6.91915550183863,2.7184318033876043,4.278488930708136,3.206882029645263,0.078738354,0.5,0.0
723,lit,Rickie lit a cigarette .,begin to smoke,0.0,provided with artificial light,1.0,"{'physicality': 2.4005201320334937, 'imageability': 4.16212737145808, 'concreteness': 2.9854967153169185, 'nb17': 0.21785046, 'precision': 0.6666666666666666}","{'physicality': 2.7184318033876043, 'imageability': 4.278488930708136, 'concreteness': 3.206882029645263, 'nb17': 0.078738354, 'precision': 0.5, 'precision_IC': 0.0}",2.4005201320334937,4.16212737145808,2.9854967153169185,0.21785046,0.6666666666666666,,2.7184318033876043,4.278488930708136,3.206882029645263,0.078738354,0.5,0.0
724,lit,Rickie lit a cigarette .,begin to smoke,0.0,set afire or burning,1.0,"{'physicality': 2.9723162576757023, 'imageability': 4.629854094345106, 'concreteness': 3.1234374338154667, 'nb17': 0.28328055, 'precision': 3.0}","{'physicality': 2.7184318033876043, 'imageability': 4.278488930708136, 'concreteness': 3.206882029645263, 'nb17': 0.078738354, 'precision': 0.5, 'precision_IC': 0.0}",2.9723162576757023,4.629854094345106,3.1234374338154667,0.28328055,3.0,,2.7184318033876043,4.278488930708136,3.206882029645263,0.078738354,0.5,0.0
741,fighting,"At the moment , as you know , the white people and their friends are fighting with the Germans .",be engaged in a fight; carry on a fight,0.0,be engaged in a fight; carry on a fight,1.0,"{'physicality': 1.8482560647438468, 'imageability': 3.908044155174613, 'concreteness': 2.7697769195762008, 'nb17': 0.16738084, 'precision': 4.111111111111111, 'precision_IC': 2.4364532759029855}","{'physicality': 1.8482560647438468, 'imageability': 3.908044155174613, 'concreteness': 2.7697769195762008, 'nb17': 0.16738084, 'precision': 4.111111111111111, 'precision_IC': 2.4364532759029855}",1.8482560647438468,3.908044155174613,2.7697769195762008,0.16738084,4.111111111111111,2.436453275902985,1.8482560647438468,3.908044155174613,2.7697769195762008,0.16738084,4.111111111111111,2.436453275902985
742,fighting,"At the moment , as you know , the white people and their friends are fighting with the Germans .",be engaged in a fight; carry on a fight,0.0,fight against or resist strongly,0.0,"{'physicality': 2.599765175545865, 'imageability': 4.102697234012649, 'concreteness': 2.5649205397484396, 'nb17': 0.29601926, 'precision': 3.0, 'precision_IC': 3.528683568212816}","{'physicality': 1.8482560647438468, 'imageability': 3.908044155174613, 'concreteness': 2.7697769195762008, 'nb17': 0.16738084, 'precision': 4.111111111111111, 'precision_IC': 2.4364532759029855}",2.599765175545865,4.102697234012649,2.56492053974844,0.29601926,3.0,3.528683568212816,1.8482560647438468,3.908044155174613,2.7697769195762008,0.16738084,4.111111111111111,2.436453275902985
743,fighting,"At the moment , as you know , the white people and their friends are fighting with the Germans .",be engaged in a fight; carry on a fight,0.0,make a strenuous or labored effort,0.0,"{'physicality': 2.151592048230187, 'imageability': 3.6217356634401363, 'concreteness': 2.6015487918737543, 'nb17': 0.0572765, 'precision': 5.166666666666667, 'precision_IC': 3.6941246629013174}","{'physicality': 1.8482560647438468, 'imageability': 3.908044155174613, 'concreteness': 2.7697769195762008, 'nb17': 0.16738084, 'precision': 4.111111111111111, 'precision_IC': 2.4364532759029855}",2.151592048230187,3.621735663440136,2.6015487918737543,0.0572765,5.166666666666667,3.694124662901317,1.8482560647438468,3.908044155174613,2.7697769195762008,0.16738084,4.111111111111111,2.436453275902985
744,fighting,"At the moment , as you know , the white people and their friends are fighting with the Germans .",be engaged in a fight; carry on a fight,0.0,"exert oneself continuously, vigorously, or obtrusively to gain a...",0.0,"{'physicality': 2.161132101631193, 'imageability': 3.5340447768743695, 'concreteness': 2.3452143246799446, 'nb17': 0.021637738, 'precision': 2.4285714285714284, 'precision_IC': 0.0}","{'physicality': 1.8482560647438468, 'imageability': 3.908044155174613, 'concreteness': 2.7697769195762008, 'nb17': 0.16738084, 'precision': 4.111111111111111, 'precision_IC': 2.4364532759029855}",2.161132101631193,3.534044776874369,2.3452143246799446,0.021637738,2.4285714285714284,0.0,1.8482560647438468,3.908044155174613,2.7697769195762008,0.16738084,4.111111111111111,2.436453275902985
745,fighting,"At the moment , as you know , the white people and their friends are fighting with the Germans .",be engaged in a fight; carry on a fight,0.0,engaged in or ready for military or naval operations,1.0,"{'physicality': 2.0684963943915213, 'imageability': 4.138054244509849, 'concreteness': 2.7532435617977025, 'nb17': 0.09655694, 'precision': 4.0}","{'physicality': 1.8482560647438468, 'imageability': 3.908044155174613, 'concreteness': 2.7697769195762008, 'nb17': 0.16738084, 'precision': 4.111111111111111, 'precision_IC': 2.4364532759029855}",2.0684963943915213,4.138054244509849,2.7532435617977025,0.09655694,4.0,,1.8482560647438468,3.908044155174613,2.7697769195762008,0.16738084,4.111111111111111,2.436453275902985
746,guns,"Not the district officer 's order , but the translator 's who spoke too fast without proper consideration , as Nandi people do , and the askaris pointed their guns at you .",a weapon that discharges a missile at high velocity (especially from a metal tube or barrel),0.0,a weapon that discharges a missile at high velocity,1.0,"{'physicality': 2.257389156145111, 'imageability': 4.130651723849111, 'concreteness': 3.2080157785510255, 'nb17': 0.17128071, 'precision': 7.75, 'precision_IC': 1.6556567991584827}","{'physicality': 2.257389156145111, 'imageability': 4.130651723849111, 'concreteness': 3.2080157785510255, 'nb17': 0.17128071, 'precision': 7.75, 'precision_IC': 1.6556567991584827}",2.257389156145111,4.130651723849111,3.208015778551025,0.17128071,7.75,1.6556567991584827,2.257389156145111,4.130651723849111,3.208015778551025,0.17128071,7.75,1.6556567991584827
747,guns,"Not the district officer 's order , but the translator 's who spoke too fast without proper consideration , as Nandi people do , and the askaris pointed their guns at you .",a weapon that discharges a missile at high velocity (especially from a metal tube or barrel),0.0,large but transportable armament,1.0,"{'physicality': 2.4013507879338274, 'imageability': 4.341457126801277, 'concreteness': 3.0716847196064223, 'nb17': 0.20576306, 'precision': 1.75, 'precision_IC': 0.0}","{'physicality': 2.257389156145111, 'imageability': 4.130651723849111, 'concreteness': 3.2080157785510255, 'nb17': 0.17128071, 'precision': 7.75, 'precision_IC': 1.6556567991584827}",2.4013507879338274,4.341457126801277,3.0716847196064223,0.20576306,1.75,0.0,2.257389156145111,4.130651723849111,3.208015778551025,0.17128071,7.75,1.6556567991584827
748,guns,"Not the district officer 's order , but the translator 's who spoke too fast without proper consideration , as Nandi people do , and the askaris pointed their guns at you .",a weapon that discharges a missile at high velocity (especially from a metal tube or barrel),0.0,a person who shoots a gun,1.0,"{'physicality': 2.25741656720685, 'imageability': 4.66614426888196, 'concreteness': 3.5875403621754187, 'nb17': 0.22247545, 'precision': 7.0, 'precision_IC': 2.198788865547272}","{'physicality': 2.257389156145111, 'imageability': 4.130651723849111, 'concreteness': 3.2080157785510255, 'nb17': 0.17128071, 'precision': 7.75, 'precision_IC': 1.6556567991584827}",2.25741656720685,4.66614426888196,3.5875403621754187,0.22247545,7.0,2.198788865547272,2.257389156145111,4.130651723849111,3.208015778551025,0.17128071,7.75,1.6556567991584827
749,guns,"Not the district officer 's order , but the translator 's who spoke too fast without proper consideration , as Nandi people do , and the askaris pointed their guns at you .",a weapon that discharges a missile at high velocity (especially from a metal tube or barrel),0.0,a professional killer who uses a gun,1.0,"{'physicality': 2.297412824349284, 'imageability': 4.307014278700156, 'concreteness': 3.287788445903516, 'nb17': 0.15948415, 'precision': 5.428571428571429, 'precision_IC': 3.9635141365418507}","{'physicality': 2.257389156145111, 'imageability': 4.130651723849111, 'concreteness': 3.2080157785510255, 'nb17': 0.17128071, 'precision': 7.75, 'precision_IC': 1.6556567991584827}",2.297412824349284,4.307014278700156,3.287788445903516,0.15948415,5.428571428571429,3.9635141365418503,2.257389156145111,4.130651723849111,3.208015778551025,0.17128071,7.75,1.6556567991584827
750,guns,"Not the district officer 's order , but the translator 's who spoke too fast without proper consideration , as Nandi people do , and the askaris pointed their guns at you .",a weapon that discharges a missile at high velocity (especially from a metal tube or barrel),0.0,a hand-operated pump that resembles a revolver; forces grease in...,0.0,"{'physicality': 2.2893038490059427, 'imageability': 4.2816479944852786, 'concreteness': 3.303133057090868, 'nb17': 0.06663025, 'precision': 5.222222222222222, 'precision_IC': 1.102577038253366}","{'physicality': 2.257389156145111, 'imageability': 4.130651723849111, 'concreteness': 3.2080157785510255, 'nb17': 0.17128071, 'precision': 7.75, 'precision_IC': 1.6556567991584827}",2.2893038490059427,4.281647994485279,3.303133057090868,0.06663025,5.222222222222222,1.102577038253366,2.257389156145111,4.130651723849111,3.208015778551025,0.17128071,7.75,1.6556567991584827
751,guns,"Not the district officer 's order , but the translator 's who spoke too fast without proper consideration , as Nandi people do , and the askaris pointed their guns at you .",a weapon that discharges a missile at high velocity (especially from a metal tube or barrel),0.0,a pedal that controls the throttle valve,0.0,"{'physicality': 2.277317545119771, 'imageability': 4.176824035006874, 'concreteness': 3.2437165282161877, 'nb17': 0.043424774, 'precision': 8.8, 'precision_IC': 4.604787866100493}","{'physicality': 2.257389156145111, 'imageability': 4.130651723849111, 'concreteness': 3.2080157785510255, 'nb17': 0.17128071, 'precision': 7.75, 'precision_IC': 1.6556567991584827}",2.277317545119771,4.176824035006874,3.243716528216188,0.043424774,8.8,4.604787866100493,2.257389156145111,4.130651723849111,3.208015778551025,0.17128071,7.75,1.6556567991584827
752,guns,"Not the district officer 's order , but the translator 's who spoke too fast without proper consideration , as Nandi people do , and the askaris pointed their guns at you .",a weapon that discharges a missile at high velocity (especially from a metal tube or barrel),0.0,the discharge of a firearm as signal or as a salute in military ...,1.0,"{'physicality': 1.8314165660132333, 'imageability': 3.8227013473898657, 'concreteness': 2.8900245770193447, 'nb17': 0.102013536, 'precision': 7.363636363636363, 'precision_IC': 1.5160782448383796}","{'physicality': 2.257389156145111, 'imageability': 4.130651723849111, 'concreteness': 3.2080157785510255, 'nb17': 0.17128071, 'precision': 7.75, 'precision_IC': 1.6556567991584827}",1.831416566013233,3.8227013473898657,2.8900245770193447,0.102013536,7.363636363636363,1.5160782448383796,2.257389156145111,4.130651723849111,3.208015778551025,0.17128071,7.75,1.6556567991584827
753,guns,"Not the district officer 's order , but the translator 's who spoke too fast without proper consideration , as Nandi people do , and the askaris pointed their guns at you .",a weapon that discharges a missile at high velocity (especially from a metal tube or barrel),0.0,shoot with a gun,1.0,"{'physicality': 2.3211098564507413, 'imageability': 4.901960781740712, 'concreteness': 3.661282848730343, 'nb17': 0.3446875, 'precision': 5.333333333333333, 'precision_IC': 4.814016758778825}","{'physicality': 2.257389156145111, 'imageability': 4.130651723849111, 'concreteness': 3.2080157785510255, 'nb17': 0.17128071, 'precision': 7.75, 'precision_IC': 1.6556567991584827}",2.3211098564507413,4.901960781740712,3.661282848730343,0.3446875,5.333333333333333,4.814016758778825,2.257389156145111,4.130651723849111,3.208015778551025,0.17128071,7.75,1.6556567991584827
802,crazy,It is completely crazy .,bizarre or fantastic,0.0,someone deranged and possibly dangerous,1.0,"{'physicality': 2.6770689878338563, 'imageability': 3.8320842999325917, 'concreteness': 2.3882495049926122, 'nb17': 0.2315361, 'precision': 1.0, 'precision_IC': 2.333545243735693}","{'physicality': 2.7928970991620727, 'imageability': 3.729575425396893, 'concreteness': 2.161450270120119, 'nb17': 0.28546396, 'precision': 3.0}",2.6770689878338563,3.832084299932592,2.388249504992612,0.2315361,1.0,2.333545243735693,2.7928970991620727,3.729575425396893,2.161450270120119,0.28546396,3.0,
804,crazy,It is completely crazy .,bizarre or fantastic,0.0,foolish; totally unsound,0.0,"{'physicality': 2.740946742705491, 'imageability': 3.0673749093396765, 'concreteness': 1.8847103510235343, 'nb17': 0.26862812, 'precision': 0.0}","{'physicality': 2.7928970991620727, 'imageability': 3.729575425396893, 'concreteness': 2.161450270120119, 'nb17': 0.28546396, 'precision': 3.0}",2.740946742705491,3.0673749093396765,1.8847103510235343,0.26862812,0.0,,2.7928970991620727,3.729575425396893,2.161450270120119,0.28546396,3.0,
805,crazy,It is completely crazy .,bizarre or fantastic,0.0,possessed by inordinate excitement,0.0,"{'physicality': 2.6663942061105903, 'imageability': 3.300144436133852, 'concreteness': 2.127819751956784, 'nb17': 0.1826037, 'precision': 1.75}","{'physicality': 2.7928970991620727, 'imageability': 3.729575425396893, 'concreteness': 2.161450270120119, 'nb17': 0.28546396, 'precision': 3.0}",2.6663942061105903,3.300144436133852,2.127819751956784,0.1826037,1.75,,2.7928970991620727,3.729575425396893,2.161450270120119,0.28546396,3.0,
806,crazy,It is completely crazy .,bizarre or fantastic,0.0,bizarre or fantastic,0.0,"{'physicality': 2.7928970991620727, 'imageability': 3.729575425396893, 'concreteness': 2.161450270120119, 'nb17': 0.28546396, 'precision': 3.0}","{'physicality': 2.7928970991620727, 'imageability': 3.729575425396893, 'concreteness': 2.161450270120119, 'nb17': 0.28546396, 'precision': 3.0}",2.7928970991620727,3.729575425396893,2.161450270120119,0.28546396,3.0,,2.7928970991620727,3.729575425396893,2.161450270120119,0.28546396,3.0,
807,crazy,It is completely crazy .,bizarre or fantastic,0.0,intensely enthusiastic about or preoccupied with,0.0,"{'physicality': 2.2766363169358375, 'imageability': 3.7703022991999924, 'concreteness': 2.262815953321735, 'nb17': 0.10552751, 'precision': 1.8}","{'physicality': 2.7928970991620727, 'imageability': 3.729575425396893, 'concreteness': 2.161450270120119, 'nb17': 0.28546396, 'precision': 3.0}",2.276636316935837,3.770302299199992,2.262815953321735,0.10552751,1.8,,2.7928970991620727,3.729575425396893,2.161450270120119,0.28546396,3.0,
826,acquired,Commitment means that the individual has acquired clear and firm beliefs both about himself or herself and the world .,come into the possession of something concrete or abstract,1.0,come into the possession of something concrete or abstract,1.0,"{'physicality': 1.9883707350710642, 'imageability': 3.6903200642628855, 'concreteness': 2.6400093106727156, 'nb17': 0.06354569, 'precision': 4.2, 'precision_IC': 0.0}","{'physicality': 1.9883707350710642, 'imageability': 3.6903200642628855, 'concreteness': 2.6400093106727156, 'nb17': 0.06354569, 'precision': 4.2, 'precision_IC': 0.0}",1.988370735071064,3.6903200642628855,2.640009310672716,0.06354569,4.2,0.0,1.988370735071064,3.6903200642628855,2.640009310672716,0.06354569,4.2,0.0
827,acquired,Commitment means that the individual has acquired clear and firm beliefs both about himself or herself and the world .,come into the possession of something concrete or abstract,1.0,"take on a certain form, attribute, or aspect",0.0,"{'physicality': 1.6966508459390937, 'imageability': 3.325839594736055, 'concreteness': 2.4339253096917264, 'nb17': 0.07084453, 'precision': 4.0, 'precision_IC': 4.994265337147153}","{'physicality': 1.9883707350710642, 'imageability': 3.6903200642628855, 'concreteness': 2.6400093106727156, 'nb17': 0.06354569, 'precision': 4.2, 'precision_IC': 0.0}",1.6966508459390937,3.325839594736055,2.4339253096917264,0.07084453,4.0,4.994265337147153,1.988370735071064,3.6903200642628855,2.640009310672716,0.06354569,4.2,0.0
829,acquired,Commitment means that the individual has acquired clear and firm beliefs both about himself or herself and the world .,come into the possession of something concrete or abstract,1.0,gain knowledge or skills,0.0,"{'physicality': 2.393599145658909, 'imageability': 3.645057489916148, 'concreteness': 2.4320834452463544, 'nb17': 0.1906392, 'precision': 4.25, 'precision_IC': 0.0}","{'physicality': 1.9883707350710642, 'imageability': 3.6903200642628855, 'concreteness': 2.6400093106727156, 'nb17': 0.06354569, 'precision': 4.2, 'precision_IC': 0.0}",2.393599145658909,3.645057489916148,2.4320834452463544,0.1906392,4.25,0.0,1.988370735071064,3.6903200642628855,2.640009310672716,0.06354569,4.2,0.0
830,acquired,Commitment means that the individual has acquired clear and firm beliefs both about himself or herself and the world .,come into the possession of something concrete or abstract,1.0,gain through experience,0.0,"{'physicality': 2.351459198234775, 'imageability': 3.2377658005828067, 'concreteness': 2.361383643365629, 'nb17': 0.18958594, 'precision': 1.0, 'precision_IC': 1.3572654057833713}","{'physicality': 1.9883707350710642, 'imageability': 3.6903200642628855, 'concreteness': 2.6400093106727156, 'nb17': 0.06354569, 'precision': 4.2, 'precision_IC': 0.0}",2.351459198234775,3.2377658005828067,2.361383643365629,0.18958594,1.0,1.3572654057833713,1.988370735071064,3.6903200642628855,2.640009310672716,0.06354569,4.2,0.0
831,acquired,Commitment means that the individual has acquired clear and firm beliefs both about himself or herself and the world .,come into the possession of something concrete or abstract,1.0,gotten through environmental forces,0.0,"{'physicality': 2.318933560120824, 'imageability': 3.9971825454938426, 'concreteness': 2.761752306864017, 'nb17': 0.12738769, 'precision': 1.0}","{'physicality': 1.9883707350710642, 'imageability': 3.6903200642628855, 'concreteness': 2.6400093106727156, 'nb17': 0.06354569, 'precision': 4.2, 'precision_IC': 0.0}",2.318933560120824,3.9971825454938426,2.761752306864017,0.12738769,1.0,,1.988370735071064,3.6903200642628855,2.640009310672716,0.06354569,4.2,0.0
838,constructed,"The GIST hypothesis was that female under-achievement in science and technology is at least partly socially constructed by the school , an hypothesis based on research evidence as well as critical feminist analysis ( see , for example , Kelly , 1981 ) .","put together out of artificial or natural components or parts; ; ; He manufactured a popular cereal""",1.0,make by combining materials and parts,1.0,"{'physicality': 2.2158331176598334, 'imageability': 4.152059410211765, 'concreteness': 3.1188258992257367, 'nb17': 0.11809355, 'precision': 3.8, 'precision_IC': 6.625800679400566}","{'physicality': 2.086982927672589, 'imageability': 3.8245795963237144, 'concreteness': 2.829218277833482, 'nb17': 0.12882574, 'precision': 3.7142857142857144, 'precision_IC': 4.969376629038225}",2.2158331176598334,4.152059410211765,3.1188258992257367,0.11809355,3.8,6.625800679400566,2.086982927672589,3.8245795963237135,2.829218277833482,0.12882574,3.7142857142857135,4.969376629038225
839,constructed,"The GIST hypothesis was that female under-achievement in science and technology is at least partly socially constructed by the school , an hypothesis based on research evidence as well as critical feminist analysis ( see , for example , Kelly , 1981 ) .","put together out of artificial or natural components or parts; ; ; He manufactured a popular cereal""",1.0,put together out of artificial or natural components or parts; ...,1.0,"{'physicality': 2.1182669144797015, 'imageability': 3.908482130528518, 'concreteness': 2.8217946041733857, 'nb17': 0.091503546, 'precision': 3.3333333333333335, 'precision_IC': 0.0}","{'physicality': 2.086982927672589, 'imageability': 3.8245795963237144, 'concreteness': 2.829218277833482, 'nb17': 0.12882574, 'precision': 3.7142857142857144, 'precision_IC': 4.969376629038225}",2.118266914479701,3.908482130528518,2.8217946041733857,0.091503546,3.333333333333333,0.0,2.086982927672589,3.8245795963237135,2.829218277833482,0.12882574,3.7142857142857135,4.969376629038225
840,constructed,"The GIST hypothesis was that female under-achievement in science and technology is at least partly socially constructed by the school , an hypothesis based on research evidence as well as critical feminist analysis ( see , for example , Kelly , 1981 ) .","put together out of artificial or natural components or parts; ; ; He manufactured a popular cereal""",1.0,draw with suitable instruments and under specified conditions,0.0,"{'physicality': 2.229788622469753, 'imageability': 3.9629830314964494, 'concreteness': 2.841316119530438, 'nb17': 0.09240823, 'precision': 2.1666666666666665, 'precision_IC': 1.460513460947877}","{'physicality': 2.086982927672589, 'imageability': 3.8245795963237144, 'concreteness': 2.829218277833482, 'nb17': 0.12882574, 'precision': 3.7142857142857144, 'precision_IC': 4.969376629038225}",2.229788622469753,3.96298303149645,2.841316119530438,0.09240823,2.1666666666666665,1.460513460947877,2.086982927672589,3.8245795963237135,2.829218277833482,0.12882574,3.7142857142857135,4.969376629038225
841,constructed,"The GIST hypothesis was that female under-achievement in science and technology is at least partly socially constructed by the school , an hypothesis based on research evidence as well as critical feminist analysis ( see , for example , Kelly , 1981 ) .","put together out of artificial or natural components or parts; ; ; He manufactured a popular cereal""",1.0,create by linking linguistic units,0.0,"{'physicality': 2.1754508714714422, 'imageability': 3.4479025319207524, 'concreteness': 2.604333859613982, 'nb17': 0.17085233, 'precision': 1.2, 'precision_IC': 1.4675473774183165}","{'physicality': 2.086982927672589, 'imageability': 3.8245795963237144, 'concreteness': 2.829218277833482, 'nb17': 0.12882574, 'precision': 3.7142857142857144, 'precision_IC': 4.969376629038225}",2.1754508714714422,3.4479025319207524,2.604333859613982,0.17085233,1.2,1.4675473774183163,2.086982927672589,3.8245795963237135,2.829218277833482,0.12882574,3.7142857142857135,4.969376629038225
842,constructed,"The GIST hypothesis was that female under-achievement in science and technology is at least partly socially constructed by the school , an hypothesis based on research evidence as well as critical feminist analysis ( see , for example , Kelly , 1981 ) .","put together out of artificial or natural components or parts; ; ; He manufactured a popular cereal""",1.0,"create by organizing and linking ideas, arguments, or concepts",0.0,"{'physicality': 2.0269428893550185, 'imageability': 3.633453117480759, 'concreteness': 2.503301618380719, 'nb17': 0.12161563, 'precision': 4.375, 'precision_IC': 0.9783649182788777}","{'physicality': 2.086982927672589, 'imageability': 3.8245795963237144, 'concreteness': 2.829218277833482, 'nb17': 0.12882574, 'precision': 3.7142857142857144, 'precision_IC': 4.969376629038225}",2.0269428893550185,3.633453117480759,2.503301618380719,0.12161563,4.375,0.9783649182788776,2.086982927672589,3.8245795963237135,2.829218277833482,0.12882574,3.7142857142857135,4.969376629038225
843,constructed,"The GIST hypothesis was that female under-achievement in science and technology is at least partly socially constructed by the school , an hypothesis based on research evidence as well as critical feminist analysis ( see , for example , Kelly , 1981 ) .","put together out of artificial or natural components or parts; ; ; He manufactured a popular cereal""",1.0,reassemble mentally,0.0,"{'physicality': 3.1198808963695956, 'imageability': 4.045065651067134, 'concreteness': 2.580395334150174, 'nb17': 0.12835181, 'precision': 1.0, 'precision_IC': 0.0}","{'physicality': 2.086982927672589, 'imageability': 3.8245795963237144, 'concreteness': 2.829218277833482, 'nb17': 0.12882574, 'precision': 3.7142857142857144, 'precision_IC': 4.969376629038225}",3.119880896369596,4.045065651067134,2.580395334150174,0.12835181,1.0,0.0,2.086982927672589,3.8245795963237135,2.829218277833482,0.12882574,3.7142857142857135,4.969376629038225
862,destroyed,"How can History be a unity if it is also conflictual , if each action is aimed at destroying the other and results in a double negation in which the original aims of each action have been destroyed by the other ?",destroy completely; damage irreparably,1.0,"do away with, cause the destruction or undoing of",1.0,"{'physicality': 1.9478613296720493, 'imageability': 3.5546925343471134, 'concreteness': 2.509517772067879, 'nb17': 0.1718311, 'precision': 3.6666666666666665, 'precision_IC': 0.0}","{'physicality': 3.217771798588574, 'imageability': 4.2598553516182704, 'concreteness': 2.73390951760636, 'nb17': 0.5013086, 'precision': 0.25, 'precision_IC': 3.422893308546731}",1.9478613296720493,3.5546925343471134,2.509517772067879,0.1718311,3.6666666666666665,0.0,3.217771798588574,4.2598553516182704,2.73390951760636,0.5013086,0.25,3.422893308546731
863,destroyed,"How can History be a unity if it is also conflictual , if each action is aimed at destroying the other and results in a double negation in which the original aims of each action have been destroyed by the other ?",destroy completely; damage irreparably,1.0,destroy completely; damage irreparably,0.0,"{'physicality': 3.217771798588574, 'imageability': 4.2598553516182704, 'concreteness': 2.73390951760636, 'nb17': 0.5013086, 'precision': 0.25, 'precision_IC': 3.422893308546731}","{'physicality': 3.217771798588574, 'imageability': 4.2598553516182704, 'concreteness': 2.73390951760636, 'nb17': 0.5013086, 'precision': 0.25, 'precision_IC': 3.422893308546731}",3.217771798588574,4.2598553516182704,2.73390951760636,0.5013086,0.25,3.422893308546731,3.217771798588574,4.2598553516182704,2.73390951760636,0.5013086,0.25,3.422893308546731
864,destroyed,"How can History be a unity if it is also conflictual , if each action is aimed at destroying the other and results in a double negation in which the original aims of each action have been destroyed by the other ?",destroy completely; damage irreparably,1.0,defeat soundly,0.0,"{'physicality': 3.098781042797599, 'imageability': 4.1284650956801485, 'concreteness': 2.5406071389725953, 'nb17': 0.1734688, 'precision': 3.5, 'precision_IC': 0.0}","{'physicality': 3.217771798588574, 'imageability': 4.2598553516182704, 'concreteness': 2.73390951760636, 'nb17': 0.5013086, 'precision': 0.25, 'precision_IC': 3.422893308546731}",3.098781042797599,4.1284650956801485,2.5406071389725957,0.1734688,3.5,0.0,3.217771798588574,4.2598553516182704,2.73390951760636,0.5013086,0.25,3.422893308546731
865,destroyed,"How can History be a unity if it is also conflictual , if each action is aimed at destroying the other and results in a double negation in which the original aims of each action have been destroyed by the other ?",destroy completely; damage irreparably,1.0,spoiled or ruined or demolished,1.0,"{'physicality': 2.5985353049530193, 'imageability': 4.140261406986286, 'concreteness': 2.5681646426779965, 'nb17': 0.4306155, 'precision': 5.0}","{'physicality': 3.217771798588574, 'imageability': 4.2598553516182704, 'concreteness': 2.73390951760636, 'nb17': 0.5013086, 'precision': 0.25, 'precision_IC': 3.422893308546731}",2.5985353049530198,4.140261406986286,2.5681646426779965,0.4306155,5.0,,3.217771798588574,4.2598553516182704,2.73390951760636,0.5013086,0.25,3.422893308546731
866,cultivated,"The youth … is capable of having principles ; his religious and moral ideas can be cultivated , and he is able to attend to his own refinement .",foster the growth of,1.0,foster the growth of,1.0,"{'physicality': 1.9273876761576592, 'imageability': 3.5989328791871777, 'concreteness': 2.7194151680327097, 'nb17': 0.098150134, 'precision': 3.0, 'precision_IC': 0.0}","{'physicality': 1.9273876761576592, 'imageability': 3.5989328791871777, 'concreteness': 2.7194151680327097, 'nb17': 0.098150134, 'precision': 3.0, 'precision_IC': 0.0}",1.9273876761576592,3.5989328791871777,2.7194151680327097,0.098150134,3.0,0.0,1.9273876761576592,3.5989328791871777,2.7194151680327097,0.098150134,3.0,0.0
867,cultivated,"The youth … is capable of having principles ; his religious and moral ideas can be cultivated , and he is able to attend to his own refinement .",foster the growth of,1.0,prepare for crops,1.0,"{'physicality': 2.127021114590052, 'imageability': 4.325917413392271, 'concreteness': 3.0641273241976053, 'nb17': 0.16691895, 'precision': 1.5, 'precision_IC': 3.8665449060471824}","{'physicality': 1.9273876761576592, 'imageability': 3.5989328791871777, 'concreteness': 2.7194151680327097, 'nb17': 0.098150134, 'precision': 3.0, 'precision_IC': 0.0}",2.127021114590052,4.325917413392271,3.0641273241976053,0.16691895,1.5,3.8665449060471824,1.9273876761576592,3.5989328791871777,2.7194151680327097,0.098150134,3.0,0.0
868,cultivated,"The youth … is capable of having principles ; his religious and moral ideas can be cultivated , and he is able to attend to his own refinement .",foster the growth of,1.0,teach or refine to be discriminative in taste or judgment,0.0,"{'physicality': 2.258153807208076, 'imageability': 3.5788246897867553, 'concreteness': 2.511478814169283, 'nb17': 0.03536637, 'precision': 3.888888888888889, 'precision_IC': 1.9473512812638358}","{'physicality': 1.9273876761576592, 'imageability': 3.5989328791871777, 'concreteness': 2.7194151680327097, 'nb17': 0.098150134, 'precision': 3.0, 'precision_IC': 0.0}",2.258153807208076,3.5788246897867557,2.511478814169283,0.03536637,3.888888888888889,1.947351281263836,1.9273876761576592,3.5989328791871777,2.7194151680327097,0.098150134,3.0,0.0
869,cultivated,"The youth … is capable of having principles ; his religious and moral ideas can be cultivated , and he is able to attend to his own refinement .",foster the growth of,1.0,adapt,1.0,"{'physicality': 2.6324195575049334, 'imageability': 3.060941074658942, 'concreteness': 2.360362644426877, 'nb17': 0.11579181, 'precision': 1.0, 'precision_IC': 0.0}","{'physicality': 1.9273876761576592, 'imageability': 3.5989328791871777, 'concreteness': 2.7194151680327097, 'nb17': 0.098150134, 'precision': 3.0, 'precision_IC': 0.0}",2.6324195575049334,3.060941074658942,2.360362644426877,0.11579181,1.0,0.0,1.9273876761576592,3.5989328791871777,2.7194151680327097,0.098150134,3.0,0.0
870,cultivated,"The youth … is capable of having principles ; his religious and moral ideas can be cultivated , and he is able to attend to his own refinement .",foster the growth of,1.0,no longer in the natural state; developed by human care and for ...,1.0,"{'physicality': 1.9974994875781986, 'imageability': 3.7185647952319907, 'concreteness': 2.5638515464319505, 'nb17': 0.060923982, 'precision': 4.111111111111111}","{'physicality': 1.9273876761576592, 'imageability': 3.5989328791871777, 'concreteness': 2.7194151680327097, 'nb17': 0.098150134, 'precision': 3.0, 'precision_IC': 0.0}",1.9974994875781984,3.718564795231991,2.5638515464319505,0.060923982,4.111111111111111,,1.9273876761576592,3.5989328791871777,2.7194151680327097,0.098150134,3.0,0.0
871,cultivated,"The youth … is capable of having principles ; his religious and moral ideas can be cultivated , and he is able to attend to his own refinement .",foster the growth of,1.0,marked by refinement in taste and manners,0.0,"{'physicality': 2.251725772636685, 'imageability': 3.6625496122617824, 'concreteness': 2.6027292820254333, 'nb17': 0.108253464, 'precision': 4.0}","{'physicality': 1.9273876761576592, 'imageability': 3.5989328791871777, 'concreteness': 2.7194151680327097, 'nb17': 0.098150134, 'precision': 3.0, 'precision_IC': 0.0}",2.251725772636685,3.6625496122617824,2.6027292820254333,0.108253464,4.0,,1.9273876761576592,3.5989328791871777,2.7194151680327097,0.098150134,3.0,0.0
